$version Generated by VerilatedVcd $end
$timescale 1ps $end
 $scope module TOP $end
  $scope module tb_tempsens $end
   $var wire 32 1 WIDTH [31:0] $end
   $var wire 32 2 REF_CYCLES [31:0] $end
   $var wire 1 ) i_clk $end
   $var wire 1 * i_rst $end
   $var wire 1 + i_start $end
   $var wire 1 , i_clk_osc $end
   $var wire 16 # o_osc_count [15:0] $end
   $var wire 1 $ o_pwrup_osc $end
   $var wire 16 % o_temperature [15:0] $end
   $scope module dut $end
    $var wire 32 3 WIDTH [31:0] $end
    $var wire 32 4 REF_CYCLES [31:0] $end
    $var wire 32 5 TEMP_A [31:0] $end
    $var wire 32 6 TEMP_B [31:0] $end
    $var wire 1 ) i_clk $end
    $var wire 1 * i_rst $end
    $var wire 1 + i_start $end
    $var wire 1 , i_clk_osc $end
    $var wire 16 # o_osc_count [15:0] $end
    $var wire 1 $ o_pwrup_osc $end
    $var wire 16 % o_temperature [15:0] $end
    $var wire 2 & cur_state [1:0] $end
    $var wire 2 - next_state [1:0] $end
    $var wire 1 ' cnt_rst $end
    $var wire 16 . count [15:0] $end
    $var wire 15 / cnt_r [14:0] $end
    $var wire 15 0 cnt_f [14:0] $end
    $var wire 8 ( ref_cnt [7:0] $end
   $upscope $end
  $upscope $end
 $upscope $end
$enddefinitions $end


#0
b0000000000000000 #
0$
b0000000000000000 %
b00 &
1'
b00000000 (
0)
1*
0+
0,
b00 -
b0000000000000000 .
b000000000000000 /
b000000000000000 0
b00000000000000000000000000010000 1
b00000000000000000000000010000000 2
b00000000000000000000000000010000 3
b00000000000000000000000010000000 4
b00000000000000000000000000000001 5
b00000000000000000000000000000000 6
#250000
1,
#500000
0,
#750000
1,
#1000000
0,
#1250000
1,
#1500000
0,
#1750000
1,
#2000000
0,
#2250000
1,
#2500000
0,
#2750000
1,
#3000000
0,
#3250000
1,
#3500000
0,
#3750000
1,
#4000000
0,
#4250000
1,
#4500000
0,
#4750000
1,
#5000000
0,
#5250000
1,
#5500000
0,
#5750000
1,
#6000000
0,
#6250000
1,
#6500000
0,
#6750000
1,
#7000000
0,
#7250000
1,
#7500000
0,
#7750000
1,
#8000000
0,
#8250000
1,
#8500000
0,
#8750000
1,
#9000000
0,
#9250000
1,
#9500000
0,
#9750000
1,
#10000000
0,
#10250000
1,
#10500000
0,
#10750000
1,
#11000000
0,
#11250000
1,
#11500000
0,
#11750000
1,
#12000000
0,
#12250000
1,
#12500000
0,
#12750000
1,
#13000000
0,
#13250000
1,
#13500000
0,
#13750000
1,
#14000000
0,
#14250000
1,
#14500000
0,
#14750000
1,
#15000000
0,
#15250000
1)
1,
#15500000
0,
#15750000
1,
#16000000
0,
#16250000
1,
#16500000
0,
#16750000
1,
#17000000
0,
#17250000
1,
#17500000
0,
#17750000
1,
#18000000
0,
#18250000
1,
#18500000
0,
#18750000
1,
#19000000
0,
#19250000
1,
#19500000
0,
#19750000
1,
#20000000
0,
#20250000
1,
#20500000
0,
#20750000
1,
#21000000
0,
#21250000
1,
#21500000
0,
#21750000
1,
#22000000
0,
#22250000
1,
#22500000
0,
#22750000
1,
#23000000
0,
#23250000
1,
#23500000
0,
#23750000
1,
#24000000
0,
#24250000
1,
#24500000
0,
#24750000
1,
#25000000
0,
#25250000
1,
#25500000
0,
#25750000
1,
#26000000
0,
#26250000
1,
#26500000
0,
#26750000
1,
#27000000
0,
#27250000
1,
#27500000
0,
#27750000
1,
#28000000
0,
#28250000
1,
#28500000
0,
#28750000
1,
#29000000
0,
#29250000
1,
#29500000
0,
#29750000
1,
#30000000
0,
#30250000
1,
#30500000
0)
0,
#30750000
1,
#31000000
0,
#31250000
1,
#31500000
0,
#31750000
1,
#32000000
0,
#32250000
1,
#32500000
0,
#32750000
1,
#33000000
0,
#33250000
1,
#33500000
0,
#33750000
1,
#34000000
0,
#34250000
1,
#34500000
0,
#34750000
1,
#35000000
0,
#35250000
1,
#35500000
0,
#35750000
1,
#36000000
0,
#36250000
1,
#36500000
0,
#36750000
1,
#37000000
0,
#37250000
1,
#37500000
0,
#37750000
1,
#38000000
0,
#38250000
1,
#38500000
0,
#38750000
1,
#39000000
0,
#39250000
1,
#39500000
0,
#39750000
1,
#40000000
0,
#40250000
1,
#40500000
0,
#40750000
1,
#41000000
0,
#41250000
1,
#41500000
0,
#41750000
1,
#42000000
0,
#42250000
1,
#42500000
0,
#42750000
1,
#43000000
0,
#43250000
1,
#43500000
0,
#43750000
1,
#44000000
0,
#44250000
1,
#44500000
0,
#44750000
1,
#45000000
0,
#45250000
1,
#45500000
0,
#45750000
1)
1,
#46000000
0,
#46250000
1,
#46500000
0,
#46750000
1,
#47000000
0,
#47250000
1,
#47500000
0,
#47750000
1,
#48000000
0,
#48250000
1,
#48500000
0,
#48750000
1,
#49000000
0,
#49250000
1,
#49500000
0,
#49750000
1,
#50000000
0,
#50250000
1,
#50500000
0,
#50750000
1,
#51000000
0,
#51250000
1,
#51500000
0,
#51750000
1,
#52000000
0,
#52250000
1,
#52500000
0,
#52750000
1,
#53000000
0,
#53250000
1,
#53500000
0,
#53750000
1,
#54000000
0,
#54250000
1,
#54500000
0,
#54750000
1,
#55000000
0,
#55250000
1,
#55500000
0,
#55750000
1,
#56000000
0,
#56250000
1,
#56500000
0,
#56750000
1,
#57000000
0,
#57250000
1,
#57500000
0,
#57750000
1,
#58000000
0,
#58250000
1,
#58500000
0,
#58750000
1,
#59000000
0,
#59250000
1,
#59500000
0,
#59750000
1,
#60000000
0,
#60250000
1,
#60500000
0,
#60750000
1,
#61000000
0)
0,
#61250000
1,
#61500000
0,
#61750000
1,
#62000000
0,
#62250000
1,
#62500000
0,
#62750000
1,
#63000000
0,
#63250000
1,
#63500000
0,
#63750000
1,
#64000000
0,
#64250000
1,
#64500000
0,
#64750000
1,
#65000000
0,
#65250000
1,
#65500000
0,
#65750000
1,
#66000000
0,
#66250000
1,
#66500000
0,
#66750000
1,
#67000000
0,
#67250000
1,
#67500000
0,
#67750000
1,
#68000000
0,
#68250000
1,
#68500000
0,
#68750000
1,
#69000000
0,
#69250000
1,
#69500000
0,
#69750000
1,
#70000000
0,
#70250000
1,
#70500000
0,
#70750000
1,
#71000000
0,
#71250000
1,
#71500000
0,
#71750000
1,
#72000000
0,
#72250000
1,
#72500000
0,
#72750000
1,
#73000000
0,
#73250000
1,
#73500000
0,
#73750000
1,
#74000000
0,
#74250000
1,
#74500000
0,
#74750000
1,
#75000000
0,
#75250000
1,
#75500000
0,
#75750000
1,
#76000000
0,
#76250000
1)
1,
#76500000
0,
#76750000
1,
#77000000
0,
#77250000
1,
#77500000
0,
#77750000
1,
#78000000
0,
#78250000
1,
#78500000
0,
#78750000
1,
#79000000
0,
#79250000
1,
#79500000
0,
#79750000
1,
#80000000
0,
#80250000
1,
#80500000
0,
#80750000
1,
#81000000
0,
#81250000
1,
#81500000
0,
#81750000
1,
#82000000
0,
#82250000
1,
#82500000
0,
#82750000
1,
#83000000
0,
#83250000
1,
#83500000
0,
#83750000
1,
#84000000
0,
#84250000
1,
#84500000
0,
#84750000
1,
#85000000
0,
#85250000
1,
#85500000
0,
#85750000
1,
#86000000
0,
#86250000
1,
#86500000
0,
#86750000
1,
#87000000
0,
#87250000
1,
#87500000
0,
#87750000
1,
#88000000
0,
#88250000
1,
#88500000
0,
#88750000
1,
#89000000
0,
#89250000
1,
#89500000
0,
#89750000
1,
#90000000
0,
#90250000
1,
#90500000
0,
#90750000
1,
#91000000
0,
#91250000
1,
#91500000
0)
0,
#91750000
1,
#92000000
0,
#92250000
1,
#92500000
0,
#92750000
1,
#93000000
0,
#93250000
1,
#93500000
0,
#93750000
1,
#94000000
0,
#94250000
1,
#94500000
0,
#94750000
1,
#95000000
0,
#95250000
1,
#95500000
0,
#95750000
1,
#96000000
0,
#96250000
1,
#96500000
0,
#96750000
1,
#97000000
0,
#97250000
1,
#97500000
0,
#97750000
1,
#98000000
0,
#98250000
1,
#98500000
0,
#98750000
1,
#99000000
0,
#99250000
1,
#99500000
0,
#99750000
1,
#100000000
0*
0,
#100250000
1,
#100500000
0,
#100750000
1,
#101000000
0,
#101250000
1,
#101500000
0,
#101750000
1,
#102000000
0,
#102250000
1,
#102500000
0,
#102750000
1,
#103000000
0,
#103250000
1,
#103500000
0,
#103750000
1,
#104000000
0,
#104250000
1,
#104500000
0,
#104750000
1,
#105000000
0,
#105250000
1,
#105500000
0,
#105750000
1,
#106000000
0,
#106250000
1,
#106500000
0,
#106750000
1)
1,
#107000000
0,
#107250000
1,
#107500000
0,
#107750000
1,
#108000000
0,
#108250000
1,
#108500000
0,
#108750000
1,
#109000000
0,
#109250000
1,
#109500000
0,
#109750000
1,
#110000000
0,
#110250000
1,
#110500000
0,
#110750000
1,
#111000000
0,
#111250000
1,
#111500000
0,
#111750000
1,
#112000000
0,
#112250000
1,
#112500000
0,
#112750000
1,
#113000000
0,
#113250000
1,
#113500000
0,
#113750000
1,
#114000000
0,
#114250000
1,
#114500000
0,
#114750000
1,
#115000000
0,
#115250000
1,
#115500000
0,
#115750000
1,
#116000000
0,
#116250000
1,
#116500000
0,
#116750000
1,
#117000000
0,
#117250000
1,
#117500000
0,
#117750000
1,
#118000000
0,
#118250000
1,
#118500000
0,
#118750000
1,
#119000000
0,
#119250000
1,
#119500000
0,
#119750000
1,
#120000000
0,
#120250000
1,
#120500000
0,
#120750000
1,
#121000000
0,
#121250000
1,
#121500000
0,
#121750000
1,
#122000000
0)
0,
#122250000
1,
#122500000
0,
#122750000
1,
#123000000
0,
#123250000
1,
#123500000
0,
#123750000
1,
#124000000
0,
#124250000
1,
#124500000
0,
#124750000
1,
#125000000
0,
#125250000
1,
#125500000
0,
#125750000
1,
#126000000
0,
#126250000
1,
#126500000
0,
#126750000
1,
#127000000
0,
#127250000
1,
#127500000
0,
#127750000
1,
#128000000
0,
#128250000
1,
#128500000
0,
#128750000
1,
#129000000
0,
#129250000
1,
#129500000
0,
#129750000
1,
#130000000
0,
#130250000
1,
#130500000
0,
#130750000
1,
#131000000
0,
#131250000
1,
#131500000
0,
#131750000
1,
#132000000
0,
#132250000
1,
#132500000
0,
#132750000
1,
#133000000
0,
#133250000
1,
#133500000
0,
#133750000
1,
#134000000
0,
#134250000
1,
#134500000
0,
#134750000
1,
#135000000
0,
#135250000
1,
#135500000
0,
#135750000
1,
#136000000
0,
#136250000
1,
#136500000
0,
#136750000
1,
#137000000
0,
#137250000
1)
1,
#137500000
0,
#137750000
1,
#138000000
0,
#138250000
1,
#138500000
0,
#138750000
1,
#139000000
0,
#139250000
1,
#139500000
0,
#139750000
1,
#140000000
0,
#140250000
1,
#140500000
0,
#140750000
1,
#141000000
0,
#141250000
1,
#141500000
0,
#141750000
1,
#142000000
0,
#142250000
1,
#142500000
0,
#142750000
1,
#143000000
0,
#143250000
1,
#143500000
0,
#143750000
1,
#144000000
0,
#144250000
1,
#144500000
0,
#144750000
1,
#145000000
0,
#145250000
1,
#145500000
0,
#145750000
1,
#146000000
0,
#146250000
1,
#146500000
0,
#146750000
1,
#147000000
0,
#147250000
1,
#147500000
0,
#147750000
1,
#148000000
0,
#148250000
1,
#148500000
0,
#148750000
1,
#149000000
0,
#149250000
1,
#149500000
0,
#149750000
1,
#150000000
0,
#150250000
1,
#150500000
0,
#150750000
1,
#151000000
0,
#151250000
1,
#151500000
0,
#151750000
1,
#152000000
0,
#152250000
1,
#152500000
0)
0,
#152750000
1,
#153000000
0,
#153250000
1,
#153500000
0,
#153750000
1,
#154000000
0,
#154250000
1,
#154500000
0,
#154750000
1,
#155000000
0,
#155250000
1,
#155500000
0,
#155750000
1,
#156000000
0,
#156250000
1,
#156500000
0,
#156750000
1,
#157000000
0,
#157250000
1,
#157500000
0,
#157750000
1,
#158000000
0,
#158250000
1,
#158500000
0,
#158750000
1,
#159000000
0,
#159250000
1,
#159500000
0,
#159750000
1,
#160000000
0,
#160250000
1,
#160500000
0,
#160750000
1,
#161000000
0,
#161250000
1,
#161500000
0,
#161750000
1,
#162000000
0,
#162250000
1,
#162500000
0,
#162750000
1,
#163000000
0,
#163250000
1,
#163500000
0,
#163750000
1,
#164000000
0,
#164250000
1,
#164500000
0,
#164750000
1,
#165000000
0,
#165250000
1,
#165500000
0,
#165750000
1,
#166000000
0,
#166250000
1,
#166500000
0,
#166750000
1,
#167000000
0,
#167250000
1,
#167500000
0,
#167750000
1)
1,
#168000000
0,
#168250000
1,
#168500000
0,
#168750000
1,
#169000000
0,
#169250000
1,
#169500000
0,
#169750000
1,
#170000000
0,
#170250000
1,
#170500000
0,
#170750000
1,
#171000000
0,
#171250000
1,
#171500000
0,
#171750000
1,
#172000000
0,
#172250000
1,
#172500000
0,
#172750000
1,
#173000000
0,
#173250000
1,
#173500000
0,
#173750000
1,
#174000000
0,
#174250000
1,
#174500000
0,
#174750000
1,
#175000000
0,
#175250000
1,
#175500000
0,
#175750000
1,
#176000000
0,
#176250000
1,
#176500000
0,
#176750000
1,
#177000000
0,
#177250000
1,
#177500000
0,
#177750000
1,
#178000000
0,
#178250000
1,
#178500000
0,
#178750000
1,
#179000000
0,
#179250000
1,
#179500000
0,
#179750000
1,
#180000000
0,
#180250000
1,
#180500000
0,
#180750000
1,
#181000000
0,
#181250000
1,
#181500000
0,
#181750000
1,
#182000000
0,
#182250000
1,
#182500000
0,
#182750000
1,
#183000000
0)
0,
#183250000
1,
#183500000
0,
#183750000
1,
#184000000
0,
#184250000
1,
#184500000
0,
#184750000
1,
#185000000
0,
#185250000
1,
#185500000
0,
#185750000
1,
#186000000
0,
#186250000
1,
#186500000
0,
#186750000
1,
#187000000
0,
#187250000
1,
#187500000
0,
#187750000
1,
#188000000
0,
#188250000
1,
#188500000
0,
#188750000
1,
#189000000
0,
#189250000
1,
#189500000
0,
#189750000
1,
#190000000
0,
#190250000
1,
#190500000
0,
#190750000
1,
#191000000
0,
#191250000
1,
#191500000
0,
#191750000
1,
#192000000
0,
#192250000
1,
#192500000
0,
#192750000
1,
#193000000
0,
#193250000
1,
#193500000
0,
#193750000
1,
#194000000
0,
#194250000
1,
#194500000
0,
#194750000
1,
#195000000
0,
#195250000
1,
#195500000
0,
#195750000
1,
#196000000
0,
#196250000
1,
#196500000
0,
#196750000
1,
#197000000
0,
#197250000
1,
#197500000
0,
#197750000
1,
#198000000
0,
#198250000
1)
1,
#198500000
0,
#198750000
1,
#199000000
0,
#199250000
1,
#199500000
0,
#199750000
1,
#200000000
1+
0,
b01 -
#200250000
1,
#200500000
0,
#200750000
1,
#201000000
0,
#201250000
1,
#201500000
0,
#201750000
1,
#202000000
0,
#202250000
1,
#202500000
0,
#202750000
1,
#203000000
0,
#203250000
1,
#203500000
0,
#203750000
1,
#204000000
0,
#204250000
1,
#204500000
0,
#204750000
1,
#205000000
0,
#205250000
1,
#205500000
0,
#205750000
1,
#206000000
0,
#206250000
1,
#206500000
0,
#206750000
1,
#207000000
0,
#207250000
1,
#207500000
0,
#207750000
1,
#208000000
0,
#208250000
1,
#208500000
0,
#208750000
1,
#209000000
0,
#209250000
1,
#209500000
0,
#209750000
1,
#210000000
0,
#210250000
1,
#210500000
0,
#210750000
1,
#211000000
0,
#211250000
1,
#211500000
0,
#211750000
1,
#212000000
0,
#212250000
1,
#212500000
0,
#212750000
1,
#213000000
0,
#213250000
1,
#213500000
0)
0,
#213750000
1,
#214000000
0,
#214250000
1,
#214500000
0,
#214750000
1,
#215000000
0,
#215250000
1,
#215500000
0,
#215750000
1,
#216000000
0,
#216250000
1,
#216500000
0,
#216750000
1,
#217000000
0,
#217250000
1,
#217500000
0,
#217750000
1,
#218000000
0,
#218250000
1,
#218500000
0,
#218750000
1,
#219000000
0,
#219250000
1,
#219500000
0,
#219750000
1,
#220000000
0,
#220250000
1,
#220500000
0,
#220750000
1,
#221000000
0,
#221250000
1,
#221500000
0,
#221750000
1,
#222000000
0,
#222250000
1,
#222500000
0,
#222750000
1,
#223000000
0,
#223250000
1,
#223500000
0,
#223750000
1,
#224000000
0,
#224250000
1,
#224500000
0,
#224750000
1,
#225000000
0,
#225250000
1,
#225500000
0,
#225750000
1,
#226000000
0,
#226250000
1,
#226500000
0,
#226750000
1,
#227000000
0,
#227250000
1,
#227500000
0,
#227750000
1,
#228000000
0,
#228250000
1,
#228500000
0,
#228750000
1$
b01 &
0'
1)
1,
#229000000
0,
b0000000000000001 .
b000000000000001 0
#229250000
1,
b0000000000000010 .
b000000000000001 /
#229500000
0,
b0000000000000011 .
b000000000000010 0
#229750000
1,
b0000000000000100 .
b000000000000010 /
#230000000
0,
b0000000000000101 .
b000000000000011 0
#230250000
1,
b0000000000000110 .
b000000000000011 /
#230500000
0,
b0000000000000111 .
b000000000000100 0
#230750000
1,
b0000000000001000 .
b000000000000100 /
#231000000
0,
b0000000000001001 .
b000000000000101 0
#231250000
1,
b0000000000001010 .
b000000000000101 /
#231500000
0,
b0000000000001011 .
b000000000000110 0
#231750000
1,
b0000000000001100 .
b000000000000110 /
#232000000
0,
b0000000000001101 .
b000000000000111 0
#232250000
1,
b0000000000001110 .
b000000000000111 /
#232500000
0,
b0000000000001111 .
b000000000001000 0
#232750000
1,
b0000000000010000 .
b000000000001000 /
#233000000
0,
b0000000000010001 .
b000000000001001 0
#233250000
1,
b0000000000010010 .
b000000000001001 /
#233500000
0,
b0000000000010011 .
b000000000001010 0
#233750000
1,
b0000000000010100 .
b000000000001010 /
#234000000
0,
b0000000000010101 .
b000000000001011 0
#234250000
1,
b0000000000010110 .
b000000000001011 /
#234500000
0,
b0000000000010111 .
b000000000001100 0
#234750000
1,
b0000000000011000 .
b000000000001100 /
#235000000
0,
b0000000000011001 .
b000000000001101 0
#235250000
1,
b0000000000011010 .
b000000000001101 /
#235500000
0,
b0000000000011011 .
b000000000001110 0
#235750000
1,
b0000000000011100 .
b000000000001110 /
#236000000
0,
b0000000000011101 .
b000000000001111 0
#236250000
1,
b0000000000011110 .
b000000000001111 /
#236500000
0,
b0000000000011111 .
b000000000010000 0
#236750000
1,
b0000000000100000 .
b000000000010000 /
#237000000
0,
b0000000000100001 .
b000000000010001 0
#237250000
1,
b0000000000100010 .
b000000000010001 /
#237500000
0,
b0000000000100011 .
b000000000010010 0
#237750000
1,
b0000000000100100 .
b000000000010010 /
#238000000
0,
b0000000000100101 .
b000000000010011 0
#238250000
1,
b0000000000100110 .
b000000000010011 /
#238500000
0,
b0000000000100111 .
b000000000010100 0
#238750000
1,
b0000000000101000 .
b000000000010100 /
#239000000
0,
b0000000000101001 .
b000000000010101 0
#239250000
1,
b0000000000101010 .
b000000000010101 /
#239500000
0,
b0000000000101011 .
b000000000010110 0
#239750000
1,
b0000000000101100 .
b000000000010110 /
#240000000
0,
b0000000000101101 .
b000000000010111 0
#240250000
1,
b0000000000101110 .
b000000000010111 /
#240500000
0,
b0000000000101111 .
b000000000011000 0
#240750000
1,
b0000000000110000 .
b000000000011000 /
#241000000
0,
b0000000000110001 .
b000000000011001 0
#241250000
1,
b0000000000110010 .
b000000000011001 /
#241500000
0,
b0000000000110011 .
b000000000011010 0
#241750000
1,
b0000000000110100 .
b000000000011010 /
#242000000
0,
b0000000000110101 .
b000000000011011 0
#242250000
1,
b0000000000110110 .
b000000000011011 /
#242500000
0,
b0000000000110111 .
b000000000011100 0
#242750000
1,
b0000000000111000 .
b000000000011100 /
#243000000
0,
b0000000000111001 .
b000000000011101 0
#243250000
1,
b0000000000111010 .
b000000000011101 /
#243500000
0,
b0000000000111011 .
b000000000011110 0
#243750000
1,
b0000000000111100 .
b000000000011110 /
#244000000
0)
0,
b0000000000111101 .
b000000000011111 0
#244250000
1,
b0000000000111110 .
b000000000011111 /
#244500000
0,
b0000000000111111 .
b000000000100000 0
#244750000
1,
b0000000001000000 .
b000000000100000 /
#245000000
0,
b0000000001000001 .
b000000000100001 0
#245250000
1,
b0000000001000010 .
b000000000100001 /
#245500000
0,
b0000000001000011 .
b000000000100010 0
#245750000
1,
b0000000001000100 .
b000000000100010 /
#246000000
0,
b0000000001000101 .
b000000000100011 0
#246250000
1,
b0000000001000110 .
b000000000100011 /
#246500000
0,
b0000000001000111 .
b000000000100100 0
#246750000
1,
b0000000001001000 .
b000000000100100 /
#247000000
0,
b0000000001001001 .
b000000000100101 0
#247250000
1,
b0000000001001010 .
b000000000100101 /
#247500000
0,
b0000000001001011 .
b000000000100110 0
#247750000
1,
b0000000001001100 .
b000000000100110 /
#248000000
0,
b0000000001001101 .
b000000000100111 0
#248250000
1,
b0000000001001110 .
b000000000100111 /
#248500000
0,
b0000000001001111 .
b000000000101000 0
#248750000
1,
b0000000001010000 .
b000000000101000 /
#249000000
0,
b0000000001010001 .
b000000000101001 0
#249250000
1,
b0000000001010010 .
b000000000101001 /
#249500000
0,
b0000000001010011 .
b000000000101010 0
#249750000
1,
b0000000001010100 .
b000000000101010 /
#250000000
0,
b0000000001010101 .
b000000000101011 0
#250250000
1,
b0000000001010110 .
b000000000101011 /
#250500000
0,
b0000000001010111 .
b000000000101100 0
#250750000
1,
b0000000001011000 .
b000000000101100 /
#251000000
0,
b0000000001011001 .
b000000000101101 0
#251250000
1,
b0000000001011010 .
b000000000101101 /
#251500000
0,
b0000000001011011 .
b000000000101110 0
#251750000
1,
b0000000001011100 .
b000000000101110 /
#252000000
0,
b0000000001011101 .
b000000000101111 0
#252250000
1,
b0000000001011110 .
b000000000101111 /
#252500000
0,
b0000000001011111 .
b000000000110000 0
#252750000
1,
b0000000001100000 .
b000000000110000 /
#253000000
0,
b0000000001100001 .
b000000000110001 0
#253250000
1,
b0000000001100010 .
b000000000110001 /
#253500000
0,
b0000000001100011 .
b000000000110010 0
#253750000
1,
b0000000001100100 .
b000000000110010 /
#254000000
0,
b0000000001100101 .
b000000000110011 0
#254250000
1,
b0000000001100110 .
b000000000110011 /
#254500000
0,
b0000000001100111 .
b000000000110100 0
#254750000
1,
b0000000001101000 .
b000000000110100 /
#255000000
0,
b0000000001101001 .
b000000000110101 0
#255250000
1,
b0000000001101010 .
b000000000110101 /
#255500000
0,
b0000000001101011 .
b000000000110110 0
#255750000
1,
b0000000001101100 .
b000000000110110 /
#256000000
0,
b0000000001101101 .
b000000000110111 0
#256250000
1,
b0000000001101110 .
b000000000110111 /
#256500000
0,
b0000000001101111 .
b000000000111000 0
#256750000
1,
b0000000001110000 .
b000000000111000 /
#257000000
0,
b0000000001110001 .
b000000000111001 0
#257250000
1,
b0000000001110010 .
b000000000111001 /
#257500000
0,
b0000000001110011 .
b000000000111010 0
#257750000
1,
b0000000001110100 .
b000000000111010 /
#258000000
0,
b0000000001110101 .
b000000000111011 0
#258250000
1,
b0000000001110110 .
b000000000111011 /
#258500000
0,
b0000000001110111 .
b000000000111100 0
#258750000
1,
b0000000001111000 .
b000000000111100 /
#259000000
0,
b0000000001111001 .
b000000000111101 0
#259250000
b00000001 (
1)
1,
b0000000001111010 .
b000000000111101 /
#259500000
0,
b0000000001111011 .
b000000000111110 0
#259750000
1,
b0000000001111100 .
b000000000111110 /
#260000000
0,
b0000000001111101 .
b000000000111111 0
#260250000
1,
b0000000001111110 .
b000000000111111 /
#260500000
0,
b0000000001111111 .
b000000001000000 0
#260750000
1,
b0000000010000000 .
b000000001000000 /
#261000000
0+
0,
b0000000010000001 .
b000000001000001 0
#261250000
1,
b0000000010000010 .
b000000001000001 /
#261500000
0,
b0000000010000011 .
b000000001000010 0
#261750000
1,
b0000000010000100 .
b000000001000010 /
#262000000
0,
b0000000010000101 .
b000000001000011 0
#262250000
1,
b0000000010000110 .
b000000001000011 /
#262500000
0,
b0000000010000111 .
b000000001000100 0
#262750000
1,
b0000000010001000 .
b000000001000100 /
#263000000
0,
b0000000010001001 .
b000000001000101 0
#263250000
1,
b0000000010001010 .
b000000001000101 /
#263500000
0,
b0000000010001011 .
b000000001000110 0
#263750000
1,
b0000000010001100 .
b000000001000110 /
#264000000
0,
b0000000010001101 .
b000000001000111 0
#264250000
1,
b0000000010001110 .
b000000001000111 /
#264500000
0,
b0000000010001111 .
b000000001001000 0
#264750000
1,
b0000000010010000 .
b000000001001000 /
#265000000
0,
b0000000010010001 .
b000000001001001 0
#265250000
1,
b0000000010010010 .
b000000001001001 /
#265500000
0,
b0000000010010011 .
b000000001001010 0
#265750000
1,
b0000000010010100 .
b000000001001010 /
#266000000
0,
b0000000010010101 .
b000000001001011 0
#266250000
1,
b0000000010010110 .
b000000001001011 /
#266500000
0,
b0000000010010111 .
b000000001001100 0
#266750000
1,
b0000000010011000 .
b000000001001100 /
#267000000
0,
b0000000010011001 .
b000000001001101 0
#267250000
1,
b0000000010011010 .
b000000001001101 /
#267500000
0,
b0000000010011011 .
b000000001001110 0
#267750000
1,
b0000000010011100 .
b000000001001110 /
#268000000
0,
b0000000010011101 .
b000000001001111 0
#268250000
1,
b0000000010011110 .
b000000001001111 /
#268500000
0,
b0000000010011111 .
b000000001010000 0
#268750000
1,
b0000000010100000 .
b000000001010000 /
#269000000
0,
b0000000010100001 .
b000000001010001 0
#269250000
1,
b0000000010100010 .
b000000001010001 /
#269500000
0,
b0000000010100011 .
b000000001010010 0
#269750000
1,
b0000000010100100 .
b000000001010010 /
#270000000
0,
b0000000010100101 .
b000000001010011 0
#270250000
1,
b0000000010100110 .
b000000001010011 /
#270500000
0,
b0000000010100111 .
b000000001010100 0
#270750000
1,
b0000000010101000 .
b000000001010100 /
#271000000
0,
b0000000010101001 .
b000000001010101 0
#271250000
1,
b0000000010101010 .
b000000001010101 /
#271500000
0,
b0000000010101011 .
b000000001010110 0
#271750000
1,
b0000000010101100 .
b000000001010110 /
#272000000
0,
b0000000010101101 .
b000000001010111 0
#272250000
1,
b0000000010101110 .
b000000001010111 /
#272500000
0,
b0000000010101111 .
b000000001011000 0
#272750000
1,
b0000000010110000 .
b000000001011000 /
#273000000
0,
b0000000010110001 .
b000000001011001 0
#273250000
1,
b0000000010110010 .
b000000001011001 /
#273500000
0,
b0000000010110011 .
b000000001011010 0
#273750000
1,
b0000000010110100 .
b000000001011010 /
#274000000
0,
b0000000010110101 .
b000000001011011 0
#274250000
1,
b0000000010110110 .
b000000001011011 /
#274500000
0)
0,
b0000000010110111 .
b000000001011100 0
#274750000
1,
b0000000010111000 .
b000000001011100 /
#275000000
0,
b0000000010111001 .
b000000001011101 0
#275250000
1,
b0000000010111010 .
b000000001011101 /
#275500000
0,
b0000000010111011 .
b000000001011110 0
#275750000
1,
b0000000010111100 .
b000000001011110 /
#276000000
0,
b0000000010111101 .
b000000001011111 0
#276250000
1,
b0000000010111110 .
b000000001011111 /
#276500000
0,
b0000000010111111 .
b000000001100000 0
#276750000
1,
b0000000011000000 .
b000000001100000 /
#277000000
0,
b0000000011000001 .
b000000001100001 0
#277250000
1,
b0000000011000010 .
b000000001100001 /
#277500000
0,
b0000000011000011 .
b000000001100010 0
#277750000
1,
b0000000011000100 .
b000000001100010 /
#278000000
0,
b0000000011000101 .
b000000001100011 0
#278250000
1,
b0000000011000110 .
b000000001100011 /
#278500000
0,
b0000000011000111 .
b000000001100100 0
#278750000
1,
b0000000011001000 .
b000000001100100 /
#279000000
0,
b0000000011001001 .
b000000001100101 0
#279250000
1,
b0000000011001010 .
b000000001100101 /
#279500000
0,
b0000000011001011 .
b000000001100110 0
#279750000
1,
b0000000011001100 .
b000000001100110 /
#280000000
0,
b0000000011001101 .
b000000001100111 0
#280250000
1,
b0000000011001110 .
b000000001100111 /
#280500000
0,
b0000000011001111 .
b000000001101000 0
#280750000
1,
b0000000011010000 .
b000000001101000 /
#281000000
0,
b0000000011010001 .
b000000001101001 0
#281250000
1,
b0000000011010010 .
b000000001101001 /
#281500000
0,
b0000000011010011 .
b000000001101010 0
#281750000
1,
b0000000011010100 .
b000000001101010 /
#282000000
0,
b0000000011010101 .
b000000001101011 0
#282250000
1,
b0000000011010110 .
b000000001101011 /
#282500000
0,
b0000000011010111 .
b000000001101100 0
#282750000
1,
b0000000011011000 .
b000000001101100 /
#283000000
0,
b0000000011011001 .
b000000001101101 0
#283250000
1,
b0000000011011010 .
b000000001101101 /
#283500000
0,
b0000000011011011 .
b000000001101110 0
#283750000
1,
b0000000011011100 .
b000000001101110 /
#284000000
0,
b0000000011011101 .
b000000001101111 0
#284250000
1,
b0000000011011110 .
b000000001101111 /
#284500000
0,
b0000000011011111 .
b000000001110000 0
#284750000
1,
b0000000011100000 .
b000000001110000 /
#285000000
0,
b0000000011100001 .
b000000001110001 0
#285250000
1,
b0000000011100010 .
b000000001110001 /
#285500000
0,
b0000000011100011 .
b000000001110010 0
#285750000
1,
b0000000011100100 .
b000000001110010 /
#286000000
0,
b0000000011100101 .
b000000001110011 0
#286250000
1,
b0000000011100110 .
b000000001110011 /
#286500000
0,
b0000000011100111 .
b000000001110100 0
#286750000
1,
b0000000011101000 .
b000000001110100 /
#287000000
0,
b0000000011101001 .
b000000001110101 0
#287250000
1,
b0000000011101010 .
b000000001110101 /
#287500000
0,
b0000000011101011 .
b000000001110110 0
#287750000
1,
b0000000011101100 .
b000000001110110 /
#288000000
0,
b0000000011101101 .
b000000001110111 0
#288250000
1,
b0000000011101110 .
b000000001110111 /
#288500000
0,
b0000000011101111 .
b000000001111000 0
#288750000
1,
b0000000011110000 .
b000000001111000 /
#289000000
0,
b0000000011110001 .
b000000001111001 0
#289250000
1,
b0000000011110010 .
b000000001111001 /
#289500000
0,
b0000000011110011 .
b000000001111010 0
#289750000
b00000010 (
1)
1,
b0000000011110100 .
b000000001111010 /
#290000000
0,
b0000000011110101 .
b000000001111011 0
#290250000
1,
b0000000011110110 .
b000000001111011 /
#290500000
0,
b0000000011110111 .
b000000001111100 0
#290750000
1,
b0000000011111000 .
b000000001111100 /
#291000000
0,
b0000000011111001 .
b000000001111101 0
#291250000
1,
b0000000011111010 .
b000000001111101 /
#291500000
0,
b0000000011111011 .
b000000001111110 0
#291750000
1,
b0000000011111100 .
b000000001111110 /
#292000000
0,
b0000000011111101 .
b000000001111111 0
#292250000
1,
b0000000011111110 .
b000000001111111 /
#292500000
0,
b0000000011111111 .
b000000010000000 0
#292750000
1,
b0000000100000000 .
b000000010000000 /
#293000000
0,
b0000000100000001 .
b000000010000001 0
#293250000
1,
b0000000100000010 .
b000000010000001 /
#293500000
0,
b0000000100000011 .
b000000010000010 0
#293750000
1,
b0000000100000100 .
b000000010000010 /
#294000000
0,
b0000000100000101 .
b000000010000011 0
#294250000
1,
b0000000100000110 .
b000000010000011 /
#294500000
0,
b0000000100000111 .
b000000010000100 0
#294750000
1,
b0000000100001000 .
b000000010000100 /
#295000000
0,
b0000000100001001 .
b000000010000101 0
#295250000
1,
b0000000100001010 .
b000000010000101 /
#295500000
0,
b0000000100001011 .
b000000010000110 0
#295750000
1,
b0000000100001100 .
b000000010000110 /
#296000000
0,
b0000000100001101 .
b000000010000111 0
#296250000
1,
b0000000100001110 .
b000000010000111 /
#296500000
0,
b0000000100001111 .
b000000010001000 0
#296750000
1,
b0000000100010000 .
b000000010001000 /
#297000000
0,
b0000000100010001 .
b000000010001001 0
#297250000
1,
b0000000100010010 .
b000000010001001 /
#297500000
0,
b0000000100010011 .
b000000010001010 0
#297750000
1,
b0000000100010100 .
b000000010001010 /
#298000000
0,
b0000000100010101 .
b000000010001011 0
#298250000
1,
b0000000100010110 .
b000000010001011 /
#298500000
0,
b0000000100010111 .
b000000010001100 0
#298750000
1,
b0000000100011000 .
b000000010001100 /
#299000000
0,
b0000000100011001 .
b000000010001101 0
#299250000
1,
b0000000100011010 .
b000000010001101 /
#299500000
0,
b0000000100011011 .
b000000010001110 0
#299750000
1,
b0000000100011100 .
b000000010001110 /
#300000000
0,
b0000000100011101 .
b000000010001111 0
#300250000
1,
b0000000100011110 .
b000000010001111 /
#300500000
0,
b0000000100011111 .
b000000010010000 0
#300750000
1,
b0000000100100000 .
b000000010010000 /
#301000000
0,
b0000000100100001 .
b000000010010001 0
#301250000
1,
b0000000100100010 .
b000000010010001 /
#301500000
0,
b0000000100100011 .
b000000010010010 0
#301750000
1,
b0000000100100100 .
b000000010010010 /
#302000000
0,
b0000000100100101 .
b000000010010011 0
#302250000
1,
b0000000100100110 .
b000000010010011 /
#302500000
0,
b0000000100100111 .
b000000010010100 0
#302750000
1,
b0000000100101000 .
b000000010010100 /
#303000000
0,
b0000000100101001 .
b000000010010101 0
#303250000
1,
b0000000100101010 .
b000000010010101 /
#303500000
0,
b0000000100101011 .
b000000010010110 0
#303750000
1,
b0000000100101100 .
b000000010010110 /
#304000000
0,
b0000000100101101 .
b000000010010111 0
#304250000
1,
b0000000100101110 .
b000000010010111 /
#304500000
0,
b0000000100101111 .
b000000010011000 0
#304750000
1,
b0000000100110000 .
b000000010011000 /
#305000000
0)
0,
b0000000100110001 .
b000000010011001 0
#305250000
1,
b0000000100110010 .
b000000010011001 /
#305500000
0,
b0000000100110011 .
b000000010011010 0
#305750000
1,
b0000000100110100 .
b000000010011010 /
#306000000
0,
b0000000100110101 .
b000000010011011 0
#306250000
1,
b0000000100110110 .
b000000010011011 /
#306500000
0,
b0000000100110111 .
b000000010011100 0
#306750000
1,
b0000000100111000 .
b000000010011100 /
#307000000
0,
b0000000100111001 .
b000000010011101 0
#307250000
1,
b0000000100111010 .
b000000010011101 /
#307500000
0,
b0000000100111011 .
b000000010011110 0
#307750000
1,
b0000000100111100 .
b000000010011110 /
#308000000
0,
b0000000100111101 .
b000000010011111 0
#308250000
1,
b0000000100111110 .
b000000010011111 /
#308500000
0,
b0000000100111111 .
b000000010100000 0
#308750000
1,
b0000000101000000 .
b000000010100000 /
#309000000
0,
b0000000101000001 .
b000000010100001 0
#309250000
1,
b0000000101000010 .
b000000010100001 /
#309500000
0,
b0000000101000011 .
b000000010100010 0
#309750000
1,
b0000000101000100 .
b000000010100010 /
#310000000
0,
b0000000101000101 .
b000000010100011 0
#310250000
1,
b0000000101000110 .
b000000010100011 /
#310500000
0,
b0000000101000111 .
b000000010100100 0
#310750000
1,
b0000000101001000 .
b000000010100100 /
#311000000
0,
b0000000101001001 .
b000000010100101 0
#311250000
1,
b0000000101001010 .
b000000010100101 /
#311500000
0,
b0000000101001011 .
b000000010100110 0
#311750000
1,
b0000000101001100 .
b000000010100110 /
#312000000
0,
b0000000101001101 .
b000000010100111 0
#312250000
1,
b0000000101001110 .
b000000010100111 /
#312500000
0,
b0000000101001111 .
b000000010101000 0
#312750000
1,
b0000000101010000 .
b000000010101000 /
#313000000
0,
b0000000101010001 .
b000000010101001 0
#313250000
1,
b0000000101010010 .
b000000010101001 /
#313500000
0,
b0000000101010011 .
b000000010101010 0
#313750000
1,
b0000000101010100 .
b000000010101010 /
#314000000
0,
b0000000101010101 .
b000000010101011 0
#314250000
1,
b0000000101010110 .
b000000010101011 /
#314500000
0,
b0000000101010111 .
b000000010101100 0
#314750000
1,
b0000000101011000 .
b000000010101100 /
#315000000
0,
b0000000101011001 .
b000000010101101 0
#315250000
1,
b0000000101011010 .
b000000010101101 /
#315500000
0,
b0000000101011011 .
b000000010101110 0
#315750000
1,
b0000000101011100 .
b000000010101110 /
#316000000
0,
b0000000101011101 .
b000000010101111 0
#316250000
1,
b0000000101011110 .
b000000010101111 /
#316500000
0,
b0000000101011111 .
b000000010110000 0
#316750000
1,
b0000000101100000 .
b000000010110000 /
#317000000
0,
b0000000101100001 .
b000000010110001 0
#317250000
1,
b0000000101100010 .
b000000010110001 /
#317500000
0,
b0000000101100011 .
b000000010110010 0
#317750000
1,
b0000000101100100 .
b000000010110010 /
#318000000
0,
b0000000101100101 .
b000000010110011 0
#318250000
1,
b0000000101100110 .
b000000010110011 /
#318500000
0,
b0000000101100111 .
b000000010110100 0
#318750000
1,
b0000000101101000 .
b000000010110100 /
#319000000
0,
b0000000101101001 .
b000000010110101 0
#319250000
1,
b0000000101101010 .
b000000010110101 /
#319500000
0,
b0000000101101011 .
b000000010110110 0
#319750000
1,
b0000000101101100 .
b000000010110110 /
#320000000
0,
b0000000101101101 .
b000000010110111 0
#320250000
b00000011 (
1)
1,
b0000000101101110 .
b000000010110111 /
#320500000
0,
b0000000101101111 .
b000000010111000 0
#320750000
1,
b0000000101110000 .
b000000010111000 /
#321000000
0,
b0000000101110001 .
b000000010111001 0
#321250000
1,
b0000000101110010 .
b000000010111001 /
#321500000
0,
b0000000101110011 .
b000000010111010 0
#321750000
1,
b0000000101110100 .
b000000010111010 /
#322000000
0,
b0000000101110101 .
b000000010111011 0
#322250000
1,
b0000000101110110 .
b000000010111011 /
#322500000
0,
b0000000101110111 .
b000000010111100 0
#322750000
1,
b0000000101111000 .
b000000010111100 /
#323000000
0,
b0000000101111001 .
b000000010111101 0
#323250000
1,
b0000000101111010 .
b000000010111101 /
#323500000
0,
b0000000101111011 .
b000000010111110 0
#323750000
1,
b0000000101111100 .
b000000010111110 /
#324000000
0,
b0000000101111101 .
b000000010111111 0
#324250000
1,
b0000000101111110 .
b000000010111111 /
#324500000
0,
b0000000101111111 .
b000000011000000 0
#324750000
1,
b0000000110000000 .
b000000011000000 /
#325000000
0,
b0000000110000001 .
b000000011000001 0
#325250000
1,
b0000000110000010 .
b000000011000001 /
#325500000
0,
b0000000110000011 .
b000000011000010 0
#325750000
1,
b0000000110000100 .
b000000011000010 /
#326000000
0,
b0000000110000101 .
b000000011000011 0
#326250000
1,
b0000000110000110 .
b000000011000011 /
#326500000
0,
b0000000110000111 .
b000000011000100 0
#326750000
1,
b0000000110001000 .
b000000011000100 /
#327000000
0,
b0000000110001001 .
b000000011000101 0
#327250000
1,
b0000000110001010 .
b000000011000101 /
#327500000
0,
b0000000110001011 .
b000000011000110 0
#327750000
1,
b0000000110001100 .
b000000011000110 /
#328000000
0,
b0000000110001101 .
b000000011000111 0
#328250000
1,
b0000000110001110 .
b000000011000111 /
#328500000
0,
b0000000110001111 .
b000000011001000 0
#328750000
1,
b0000000110010000 .
b000000011001000 /
#329000000
0,
b0000000110010001 .
b000000011001001 0
#329250000
1,
b0000000110010010 .
b000000011001001 /
#329500000
0,
b0000000110010011 .
b000000011001010 0
#329750000
1,
b0000000110010100 .
b000000011001010 /
#330000000
0,
b0000000110010101 .
b000000011001011 0
#330250000
1,
b0000000110010110 .
b000000011001011 /
#330500000
0,
b0000000110010111 .
b000000011001100 0
#330750000
1,
b0000000110011000 .
b000000011001100 /
#331000000
0,
b0000000110011001 .
b000000011001101 0
#331250000
1,
b0000000110011010 .
b000000011001101 /
#331500000
0,
b0000000110011011 .
b000000011001110 0
#331750000
1,
b0000000110011100 .
b000000011001110 /
#332000000
0,
b0000000110011101 .
b000000011001111 0
#332250000
1,
b0000000110011110 .
b000000011001111 /
#332500000
0,
b0000000110011111 .
b000000011010000 0
#332750000
1,
b0000000110100000 .
b000000011010000 /
#333000000
0,
b0000000110100001 .
b000000011010001 0
#333250000
1,
b0000000110100010 .
b000000011010001 /
#333500000
0,
b0000000110100011 .
b000000011010010 0
#333750000
1,
b0000000110100100 .
b000000011010010 /
#334000000
0,
b0000000110100101 .
b000000011010011 0
#334250000
1,
b0000000110100110 .
b000000011010011 /
#334500000
0,
b0000000110100111 .
b000000011010100 0
#334750000
1,
b0000000110101000 .
b000000011010100 /
#335000000
0,
b0000000110101001 .
b000000011010101 0
#335250000
1,
b0000000110101010 .
b000000011010101 /
#335500000
0)
0,
b0000000110101011 .
b000000011010110 0
#335750000
1,
b0000000110101100 .
b000000011010110 /
#336000000
0,
b0000000110101101 .
b000000011010111 0
#336250000
1,
b0000000110101110 .
b000000011010111 /
#336500000
0,
b0000000110101111 .
b000000011011000 0
#336750000
1,
b0000000110110000 .
b000000011011000 /
#337000000
0,
b0000000110110001 .
b000000011011001 0
#337250000
1,
b0000000110110010 .
b000000011011001 /
#337500000
0,
b0000000110110011 .
b000000011011010 0
#337750000
1,
b0000000110110100 .
b000000011011010 /
#338000000
0,
b0000000110110101 .
b000000011011011 0
#338250000
1,
b0000000110110110 .
b000000011011011 /
#338500000
0,
b0000000110110111 .
b000000011011100 0
#338750000
1,
b0000000110111000 .
b000000011011100 /
#339000000
0,
b0000000110111001 .
b000000011011101 0
#339250000
1,
b0000000110111010 .
b000000011011101 /
#339500000
0,
b0000000110111011 .
b000000011011110 0
#339750000
1,
b0000000110111100 .
b000000011011110 /
#340000000
0,
b0000000110111101 .
b000000011011111 0
#340250000
1,
b0000000110111110 .
b000000011011111 /
#340500000
0,
b0000000110111111 .
b000000011100000 0
#340750000
1,
b0000000111000000 .
b000000011100000 /
#341000000
0,
b0000000111000001 .
b000000011100001 0
#341250000
1,
b0000000111000010 .
b000000011100001 /
#341500000
0,
b0000000111000011 .
b000000011100010 0
#341750000
1,
b0000000111000100 .
b000000011100010 /
#342000000
0,
b0000000111000101 .
b000000011100011 0
#342250000
1,
b0000000111000110 .
b000000011100011 /
#342500000
0,
b0000000111000111 .
b000000011100100 0
#342750000
1,
b0000000111001000 .
b000000011100100 /
#343000000
0,
b0000000111001001 .
b000000011100101 0
#343250000
1,
b0000000111001010 .
b000000011100101 /
#343500000
0,
b0000000111001011 .
b000000011100110 0
#343750000
1,
b0000000111001100 .
b000000011100110 /
#344000000
0,
b0000000111001101 .
b000000011100111 0
#344250000
1,
b0000000111001110 .
b000000011100111 /
#344500000
0,
b0000000111001111 .
b000000011101000 0
#344750000
1,
b0000000111010000 .
b000000011101000 /
#345000000
0,
b0000000111010001 .
b000000011101001 0
#345250000
1,
b0000000111010010 .
b000000011101001 /
#345500000
0,
b0000000111010011 .
b000000011101010 0
#345750000
1,
b0000000111010100 .
b000000011101010 /
#346000000
0,
b0000000111010101 .
b000000011101011 0
#346250000
1,
b0000000111010110 .
b000000011101011 /
#346500000
0,
b0000000111010111 .
b000000011101100 0
#346750000
1,
b0000000111011000 .
b000000011101100 /
#347000000
0,
b0000000111011001 .
b000000011101101 0
#347250000
1,
b0000000111011010 .
b000000011101101 /
#347500000
0,
b0000000111011011 .
b000000011101110 0
#347750000
1,
b0000000111011100 .
b000000011101110 /
#348000000
0,
b0000000111011101 .
b000000011101111 0
#348250000
1,
b0000000111011110 .
b000000011101111 /
#348500000
0,
b0000000111011111 .
b000000011110000 0
#348750000
1,
b0000000111100000 .
b000000011110000 /
#349000000
0,
b0000000111100001 .
b000000011110001 0
#349250000
1,
b0000000111100010 .
b000000011110001 /
#349500000
0,
b0000000111100011 .
b000000011110010 0
#349750000
1,
b0000000111100100 .
b000000011110010 /
#350000000
0,
b0000000111100101 .
b000000011110011 0
#350250000
1,
b0000000111100110 .
b000000011110011 /
#350500000
0,
b0000000111100111 .
b000000011110100 0
#350750000
b00000100 (
1)
1,
b0000000111101000 .
b000000011110100 /
#351000000
0,
b0000000111101001 .
b000000011110101 0
#351250000
1,
b0000000111101010 .
b000000011110101 /
#351500000
0,
b0000000111101011 .
b000000011110110 0
#351750000
1,
b0000000111101100 .
b000000011110110 /
#352000000
0,
b0000000111101101 .
b000000011110111 0
#352250000
1,
b0000000111101110 .
b000000011110111 /
#352500000
0,
b0000000111101111 .
b000000011111000 0
#352750000
1,
b0000000111110000 .
b000000011111000 /
#353000000
0,
b0000000111110001 .
b000000011111001 0
#353250000
1,
b0000000111110010 .
b000000011111001 /
#353500000
0,
b0000000111110011 .
b000000011111010 0
#353750000
1,
b0000000111110100 .
b000000011111010 /
#354000000
0,
b0000000111110101 .
b000000011111011 0
#354250000
1,
b0000000111110110 .
b000000011111011 /
#354500000
0,
b0000000111110111 .
b000000011111100 0
#354750000
1,
b0000000111111000 .
b000000011111100 /
#355000000
0,
b0000000111111001 .
b000000011111101 0
#355250000
1,
b0000000111111010 .
b000000011111101 /
#355500000
0,
b0000000111111011 .
b000000011111110 0
#355750000
1,
b0000000111111100 .
b000000011111110 /
#356000000
0,
b0000000111111101 .
b000000011111111 0
#356250000
1,
b0000000111111110 .
b000000011111111 /
#356500000
0,
b0000000111111111 .
b000000100000000 0
#356750000
1,
b0000001000000000 .
b000000100000000 /
#357000000
0,
b0000001000000001 .
b000000100000001 0
#357250000
1,
b0000001000000010 .
b000000100000001 /
#357500000
0,
b0000001000000011 .
b000000100000010 0
#357750000
1,
b0000001000000100 .
b000000100000010 /
#358000000
0,
b0000001000000101 .
b000000100000011 0
#358250000
1,
b0000001000000110 .
b000000100000011 /
#358500000
0,
b0000001000000111 .
b000000100000100 0
#358750000
1,
b0000001000001000 .
b000000100000100 /
#359000000
0,
b0000001000001001 .
b000000100000101 0
#359250000
1,
b0000001000001010 .
b000000100000101 /
#359500000
0,
b0000001000001011 .
b000000100000110 0
#359750000
1,
b0000001000001100 .
b000000100000110 /
#360000000
0,
b0000001000001101 .
b000000100000111 0
#360250000
1,
b0000001000001110 .
b000000100000111 /
#360500000
0,
b0000001000001111 .
b000000100001000 0
#360750000
1,
b0000001000010000 .
b000000100001000 /
#361000000
0,
b0000001000010001 .
b000000100001001 0
#361250000
1,
b0000001000010010 .
b000000100001001 /
#361500000
0,
b0000001000010011 .
b000000100001010 0
#361750000
1,
b0000001000010100 .
b000000100001010 /
#362000000
0,
b0000001000010101 .
b000000100001011 0
#362250000
1,
b0000001000010110 .
b000000100001011 /
#362500000
0,
b0000001000010111 .
b000000100001100 0
#362750000
1,
b0000001000011000 .
b000000100001100 /
#363000000
0,
b0000001000011001 .
b000000100001101 0
#363250000
1,
b0000001000011010 .
b000000100001101 /
#363500000
0,
b0000001000011011 .
b000000100001110 0
#363750000
1,
b0000001000011100 .
b000000100001110 /
#364000000
0,
b0000001000011101 .
b000000100001111 0
#364250000
1,
b0000001000011110 .
b000000100001111 /
#364500000
0,
b0000001000011111 .
b000000100010000 0
#364750000
1,
b0000001000100000 .
b000000100010000 /
#365000000
0,
b0000001000100001 .
b000000100010001 0
#365250000
1,
b0000001000100010 .
b000000100010001 /
#365500000
0,
b0000001000100011 .
b000000100010010 0
#365750000
1,
b0000001000100100 .
b000000100010010 /
#366000000
0)
0,
b0000001000100101 .
b000000100010011 0
#366250000
1,
b0000001000100110 .
b000000100010011 /
#366500000
0,
b0000001000100111 .
b000000100010100 0
#366750000
1,
b0000001000101000 .
b000000100010100 /
#367000000
0,
b0000001000101001 .
b000000100010101 0
#367250000
1,
b0000001000101010 .
b000000100010101 /
#367500000
0,
b0000001000101011 .
b000000100010110 0
#367750000
1,
b0000001000101100 .
b000000100010110 /
#368000000
0,
b0000001000101101 .
b000000100010111 0
#368250000
1,
b0000001000101110 .
b000000100010111 /
#368500000
0,
b0000001000101111 .
b000000100011000 0
#368750000
1,
b0000001000110000 .
b000000100011000 /
#369000000
0,
b0000001000110001 .
b000000100011001 0
#369250000
1,
b0000001000110010 .
b000000100011001 /
#369500000
0,
b0000001000110011 .
b000000100011010 0
#369750000
1,
b0000001000110100 .
b000000100011010 /
#370000000
0,
b0000001000110101 .
b000000100011011 0
#370250000
1,
b0000001000110110 .
b000000100011011 /
#370500000
0,
b0000001000110111 .
b000000100011100 0
#370750000
1,
b0000001000111000 .
b000000100011100 /
#371000000
0,
b0000001000111001 .
b000000100011101 0
#371250000
1,
b0000001000111010 .
b000000100011101 /
#371500000
0,
b0000001000111011 .
b000000100011110 0
#371750000
1,
b0000001000111100 .
b000000100011110 /
#372000000
0,
b0000001000111101 .
b000000100011111 0
#372250000
1,
b0000001000111110 .
b000000100011111 /
#372500000
0,
b0000001000111111 .
b000000100100000 0
#372750000
1,
b0000001001000000 .
b000000100100000 /
#373000000
0,
b0000001001000001 .
b000000100100001 0
#373250000
1,
b0000001001000010 .
b000000100100001 /
#373500000
0,
b0000001001000011 .
b000000100100010 0
#373750000
1,
b0000001001000100 .
b000000100100010 /
#374000000
0,
b0000001001000101 .
b000000100100011 0
#374250000
1,
b0000001001000110 .
b000000100100011 /
#374500000
0,
b0000001001000111 .
b000000100100100 0
#374750000
1,
b0000001001001000 .
b000000100100100 /
#375000000
0,
b0000001001001001 .
b000000100100101 0
#375250000
1,
b0000001001001010 .
b000000100100101 /
#375500000
0,
b0000001001001011 .
b000000100100110 0
#375750000
1,
b0000001001001100 .
b000000100100110 /
#376000000
0,
b0000001001001101 .
b000000100100111 0
#376250000
1,
b0000001001001110 .
b000000100100111 /
#376500000
0,
b0000001001001111 .
b000000100101000 0
#376750000
1,
b0000001001010000 .
b000000100101000 /
#377000000
0,
b0000001001010001 .
b000000100101001 0
#377250000
1,
b0000001001010010 .
b000000100101001 /
#377500000
0,
b0000001001010011 .
b000000100101010 0
#377750000
1,
b0000001001010100 .
b000000100101010 /
#378000000
0,
b0000001001010101 .
b000000100101011 0
#378250000
1,
b0000001001010110 .
b000000100101011 /
#378500000
0,
b0000001001010111 .
b000000100101100 0
#378750000
1,
b0000001001011000 .
b000000100101100 /
#379000000
0,
b0000001001011001 .
b000000100101101 0
#379250000
1,
b0000001001011010 .
b000000100101101 /
#379500000
0,
b0000001001011011 .
b000000100101110 0
#379750000
1,
b0000001001011100 .
b000000100101110 /
#380000000
0,
b0000001001011101 .
b000000100101111 0
#380250000
1,
b0000001001011110 .
b000000100101111 /
#380500000
0,
b0000001001011111 .
b000000100110000 0
#380750000
1,
b0000001001100000 .
b000000100110000 /
#381000000
0,
b0000001001100001 .
b000000100110001 0
#381250000
b00000101 (
1)
1,
b0000001001100010 .
b000000100110001 /
#381500000
0,
b0000001001100011 .
b000000100110010 0
#381750000
1,
b0000001001100100 .
b000000100110010 /
#382000000
0,
b0000001001100101 .
b000000100110011 0
#382250000
1,
b0000001001100110 .
b000000100110011 /
#382500000
0,
b0000001001100111 .
b000000100110100 0
#382750000
1,
b0000001001101000 .
b000000100110100 /
#383000000
0,
b0000001001101001 .
b000000100110101 0
#383250000
1,
b0000001001101010 .
b000000100110101 /
#383500000
0,
b0000001001101011 .
b000000100110110 0
#383750000
1,
b0000001001101100 .
b000000100110110 /
#384000000
0,
b0000001001101101 .
b000000100110111 0
#384250000
1,
b0000001001101110 .
b000000100110111 /
#384500000
0,
b0000001001101111 .
b000000100111000 0
#384750000
1,
b0000001001110000 .
b000000100111000 /
#385000000
0,
b0000001001110001 .
b000000100111001 0
#385250000
1,
b0000001001110010 .
b000000100111001 /
#385500000
0,
b0000001001110011 .
b000000100111010 0
#385750000
1,
b0000001001110100 .
b000000100111010 /
#386000000
0,
b0000001001110101 .
b000000100111011 0
#386250000
1,
b0000001001110110 .
b000000100111011 /
#386500000
0,
b0000001001110111 .
b000000100111100 0
#386750000
1,
b0000001001111000 .
b000000100111100 /
#387000000
0,
b0000001001111001 .
b000000100111101 0
#387250000
1,
b0000001001111010 .
b000000100111101 /
#387500000
0,
b0000001001111011 .
b000000100111110 0
#387750000
1,
b0000001001111100 .
b000000100111110 /
#388000000
0,
b0000001001111101 .
b000000100111111 0
#388250000
1,
b0000001001111110 .
b000000100111111 /
#388500000
0,
b0000001001111111 .
b000000101000000 0
#388750000
1,
b0000001010000000 .
b000000101000000 /
#389000000
0,
b0000001010000001 .
b000000101000001 0
#389250000
1,
b0000001010000010 .
b000000101000001 /
#389500000
0,
b0000001010000011 .
b000000101000010 0
#389750000
1,
b0000001010000100 .
b000000101000010 /
#390000000
0,
b0000001010000101 .
b000000101000011 0
#390250000
1,
b0000001010000110 .
b000000101000011 /
#390500000
0,
b0000001010000111 .
b000000101000100 0
#390750000
1,
b0000001010001000 .
b000000101000100 /
#391000000
0,
b0000001010001001 .
b000000101000101 0
#391250000
1,
b0000001010001010 .
b000000101000101 /
#391500000
0,
b0000001010001011 .
b000000101000110 0
#391750000
1,
b0000001010001100 .
b000000101000110 /
#392000000
0,
b0000001010001101 .
b000000101000111 0
#392250000
1,
b0000001010001110 .
b000000101000111 /
#392500000
0,
b0000001010001111 .
b000000101001000 0
#392750000
1,
b0000001010010000 .
b000000101001000 /
#393000000
0,
b0000001010010001 .
b000000101001001 0
#393250000
1,
b0000001010010010 .
b000000101001001 /
#393500000
0,
b0000001010010011 .
b000000101001010 0
#393750000
1,
b0000001010010100 .
b000000101001010 /
#394000000
0,
b0000001010010101 .
b000000101001011 0
#394250000
1,
b0000001010010110 .
b000000101001011 /
#394500000
0,
b0000001010010111 .
b000000101001100 0
#394750000
1,
b0000001010011000 .
b000000101001100 /
#395000000
0,
b0000001010011001 .
b000000101001101 0
#395250000
1,
b0000001010011010 .
b000000101001101 /
#395500000
0,
b0000001010011011 .
b000000101001110 0
#395750000
1,
b0000001010011100 .
b000000101001110 /
#396000000
0,
b0000001010011101 .
b000000101001111 0
#396250000
1,
b0000001010011110 .
b000000101001111 /
#396500000
0)
0,
b0000001010011111 .
b000000101010000 0
#396750000
1,
b0000001010100000 .
b000000101010000 /
#397000000
0,
b0000001010100001 .
b000000101010001 0
#397250000
1,
b0000001010100010 .
b000000101010001 /
#397500000
0,
b0000001010100011 .
b000000101010010 0
#397750000
1,
b0000001010100100 .
b000000101010010 /
#398000000
0,
b0000001010100101 .
b000000101010011 0
#398250000
1,
b0000001010100110 .
b000000101010011 /
#398500000
0,
b0000001010100111 .
b000000101010100 0
#398750000
1,
b0000001010101000 .
b000000101010100 /
#399000000
0,
b0000001010101001 .
b000000101010101 0
#399250000
1,
b0000001010101010 .
b000000101010101 /
#399500000
0,
b0000001010101011 .
b000000101010110 0
#399750000
1,
b0000001010101100 .
b000000101010110 /
#400000000
0,
b0000001010101101 .
b000000101010111 0
#400250000
1,
b0000001010101110 .
b000000101010111 /
#400500000
0,
b0000001010101111 .
b000000101011000 0
#400750000
1,
b0000001010110000 .
b000000101011000 /
#401000000
0,
b0000001010110001 .
b000000101011001 0
#401250000
1,
b0000001010110010 .
b000000101011001 /
#401500000
0,
b0000001010110011 .
b000000101011010 0
#401750000
1,
b0000001010110100 .
b000000101011010 /
#402000000
0,
b0000001010110101 .
b000000101011011 0
#402250000
1,
b0000001010110110 .
b000000101011011 /
#402500000
0,
b0000001010110111 .
b000000101011100 0
#402750000
1,
b0000001010111000 .
b000000101011100 /
#403000000
0,
b0000001010111001 .
b000000101011101 0
#403250000
1,
b0000001010111010 .
b000000101011101 /
#403500000
0,
b0000001010111011 .
b000000101011110 0
#403750000
1,
b0000001010111100 .
b000000101011110 /
#404000000
0,
b0000001010111101 .
b000000101011111 0
#404250000
1,
b0000001010111110 .
b000000101011111 /
#404500000
0,
b0000001010111111 .
b000000101100000 0
#404750000
1,
b0000001011000000 .
b000000101100000 /
#405000000
0,
b0000001011000001 .
b000000101100001 0
#405250000
1,
b0000001011000010 .
b000000101100001 /
#405500000
0,
b0000001011000011 .
b000000101100010 0
#405750000
1,
b0000001011000100 .
b000000101100010 /
#406000000
0,
b0000001011000101 .
b000000101100011 0
#406250000
1,
b0000001011000110 .
b000000101100011 /
#406500000
0,
b0000001011000111 .
b000000101100100 0
#406750000
1,
b0000001011001000 .
b000000101100100 /
#407000000
0,
b0000001011001001 .
b000000101100101 0
#407250000
1,
b0000001011001010 .
b000000101100101 /
#407500000
0,
b0000001011001011 .
b000000101100110 0
#407750000
1,
b0000001011001100 .
b000000101100110 /
#408000000
0,
b0000001011001101 .
b000000101100111 0
#408250000
1,
b0000001011001110 .
b000000101100111 /
#408500000
0,
b0000001011001111 .
b000000101101000 0
#408750000
1,
b0000001011010000 .
b000000101101000 /
#409000000
0,
b0000001011010001 .
b000000101101001 0
#409250000
1,
b0000001011010010 .
b000000101101001 /
#409500000
0,
b0000001011010011 .
b000000101101010 0
#409750000
1,
b0000001011010100 .
b000000101101010 /
#410000000
0,
b0000001011010101 .
b000000101101011 0
#410250000
1,
b0000001011010110 .
b000000101101011 /
#410500000
0,
b0000001011010111 .
b000000101101100 0
#410750000
1,
b0000001011011000 .
b000000101101100 /
#411000000
0,
b0000001011011001 .
b000000101101101 0
#411250000
1,
b0000001011011010 .
b000000101101101 /
#411500000
0,
b0000001011011011 .
b000000101101110 0
#411750000
b00000110 (
1)
1,
b0000001011011100 .
b000000101101110 /
#412000000
0,
b0000001011011101 .
b000000101101111 0
#412250000
1,
b0000001011011110 .
b000000101101111 /
#412500000
0,
b0000001011011111 .
b000000101110000 0
#412750000
1,
b0000001011100000 .
b000000101110000 /
#413000000
0,
b0000001011100001 .
b000000101110001 0
#413250000
1,
b0000001011100010 .
b000000101110001 /
#413500000
0,
b0000001011100011 .
b000000101110010 0
#413750000
1,
b0000001011100100 .
b000000101110010 /
#414000000
0,
b0000001011100101 .
b000000101110011 0
#414250000
1,
b0000001011100110 .
b000000101110011 /
#414500000
0,
b0000001011100111 .
b000000101110100 0
#414750000
1,
b0000001011101000 .
b000000101110100 /
#415000000
0,
b0000001011101001 .
b000000101110101 0
#415250000
1,
b0000001011101010 .
b000000101110101 /
#415500000
0,
b0000001011101011 .
b000000101110110 0
#415750000
1,
b0000001011101100 .
b000000101110110 /
#416000000
0,
b0000001011101101 .
b000000101110111 0
#416250000
1,
b0000001011101110 .
b000000101110111 /
#416500000
0,
b0000001011101111 .
b000000101111000 0
#416750000
1,
b0000001011110000 .
b000000101111000 /
#417000000
0,
b0000001011110001 .
b000000101111001 0
#417250000
1,
b0000001011110010 .
b000000101111001 /
#417500000
0,
b0000001011110011 .
b000000101111010 0
#417750000
1,
b0000001011110100 .
b000000101111010 /
#418000000
0,
b0000001011110101 .
b000000101111011 0
#418250000
1,
b0000001011110110 .
b000000101111011 /
#418500000
0,
b0000001011110111 .
b000000101111100 0
#418750000
1,
b0000001011111000 .
b000000101111100 /
#419000000
0,
b0000001011111001 .
b000000101111101 0
#419250000
1,
b0000001011111010 .
b000000101111101 /
#419500000
0,
b0000001011111011 .
b000000101111110 0
#419750000
1,
b0000001011111100 .
b000000101111110 /
#420000000
0,
b0000001011111101 .
b000000101111111 0
#420250000
1,
b0000001011111110 .
b000000101111111 /
#420500000
0,
b0000001011111111 .
b000000110000000 0
#420750000
1,
b0000001100000000 .
b000000110000000 /
#421000000
0,
b0000001100000001 .
b000000110000001 0
#421250000
1,
b0000001100000010 .
b000000110000001 /
#421500000
0,
b0000001100000011 .
b000000110000010 0
#421750000
1,
b0000001100000100 .
b000000110000010 /
#422000000
0,
b0000001100000101 .
b000000110000011 0
#422250000
1,
b0000001100000110 .
b000000110000011 /
#422500000
0,
b0000001100000111 .
b000000110000100 0
#422750000
1,
b0000001100001000 .
b000000110000100 /
#423000000
0,
b0000001100001001 .
b000000110000101 0
#423250000
1,
b0000001100001010 .
b000000110000101 /
#423500000
0,
b0000001100001011 .
b000000110000110 0
#423750000
1,
b0000001100001100 .
b000000110000110 /
#424000000
0,
b0000001100001101 .
b000000110000111 0
#424250000
1,
b0000001100001110 .
b000000110000111 /
#424500000
0,
b0000001100001111 .
b000000110001000 0
#424750000
1,
b0000001100010000 .
b000000110001000 /
#425000000
0,
b0000001100010001 .
b000000110001001 0
#425250000
1,
b0000001100010010 .
b000000110001001 /
#425500000
0,
b0000001100010011 .
b000000110001010 0
#425750000
1,
b0000001100010100 .
b000000110001010 /
#426000000
0,
b0000001100010101 .
b000000110001011 0
#426250000
1,
b0000001100010110 .
b000000110001011 /
#426500000
0,
b0000001100010111 .
b000000110001100 0
#426750000
1,
b0000001100011000 .
b000000110001100 /
#427000000
0)
0,
b0000001100011001 .
b000000110001101 0
#427250000
1,
b0000001100011010 .
b000000110001101 /
#427500000
0,
b0000001100011011 .
b000000110001110 0
#427750000
1,
b0000001100011100 .
b000000110001110 /
#428000000
0,
b0000001100011101 .
b000000110001111 0
#428250000
1,
b0000001100011110 .
b000000110001111 /
#428500000
0,
b0000001100011111 .
b000000110010000 0
#428750000
1,
b0000001100100000 .
b000000110010000 /
#429000000
0,
b0000001100100001 .
b000000110010001 0
#429250000
1,
b0000001100100010 .
b000000110010001 /
#429500000
0,
b0000001100100011 .
b000000110010010 0
#429750000
1,
b0000001100100100 .
b000000110010010 /
#430000000
0,
b0000001100100101 .
b000000110010011 0
#430250000
1,
b0000001100100110 .
b000000110010011 /
#430500000
0,
b0000001100100111 .
b000000110010100 0
#430750000
1,
b0000001100101000 .
b000000110010100 /
#431000000
0,
b0000001100101001 .
b000000110010101 0
#431250000
1,
b0000001100101010 .
b000000110010101 /
#431500000
0,
b0000001100101011 .
b000000110010110 0
#431750000
1,
b0000001100101100 .
b000000110010110 /
#432000000
0,
b0000001100101101 .
b000000110010111 0
#432250000
1,
b0000001100101110 .
b000000110010111 /
#432500000
0,
b0000001100101111 .
b000000110011000 0
#432750000
1,
b0000001100110000 .
b000000110011000 /
#433000000
0,
b0000001100110001 .
b000000110011001 0
#433250000
1,
b0000001100110010 .
b000000110011001 /
#433500000
0,
b0000001100110011 .
b000000110011010 0
#433750000
1,
b0000001100110100 .
b000000110011010 /
#434000000
0,
b0000001100110101 .
b000000110011011 0
#434250000
1,
b0000001100110110 .
b000000110011011 /
#434500000
0,
b0000001100110111 .
b000000110011100 0
#434750000
1,
b0000001100111000 .
b000000110011100 /
#435000000
0,
b0000001100111001 .
b000000110011101 0
#435250000
1,
b0000001100111010 .
b000000110011101 /
#435500000
0,
b0000001100111011 .
b000000110011110 0
#435750000
1,
b0000001100111100 .
b000000110011110 /
#436000000
0,
b0000001100111101 .
b000000110011111 0
#436250000
1,
b0000001100111110 .
b000000110011111 /
#436500000
0,
b0000001100111111 .
b000000110100000 0
#436750000
1,
b0000001101000000 .
b000000110100000 /
#437000000
0,
b0000001101000001 .
b000000110100001 0
#437250000
1,
b0000001101000010 .
b000000110100001 /
#437500000
0,
b0000001101000011 .
b000000110100010 0
#437750000
1,
b0000001101000100 .
b000000110100010 /
#438000000
0,
b0000001101000101 .
b000000110100011 0
#438250000
1,
b0000001101000110 .
b000000110100011 /
#438500000
0,
b0000001101000111 .
b000000110100100 0
#438750000
1,
b0000001101001000 .
b000000110100100 /
#439000000
0,
b0000001101001001 .
b000000110100101 0
#439250000
1,
b0000001101001010 .
b000000110100101 /
#439500000
0,
b0000001101001011 .
b000000110100110 0
#439750000
1,
b0000001101001100 .
b000000110100110 /
#440000000
0,
b0000001101001101 .
b000000110100111 0
#440250000
1,
b0000001101001110 .
b000000110100111 /
#440500000
0,
b0000001101001111 .
b000000110101000 0
#440750000
1,
b0000001101010000 .
b000000110101000 /
#441000000
0,
b0000001101010001 .
b000000110101001 0
#441250000
1,
b0000001101010010 .
b000000110101001 /
#441500000
0,
b0000001101010011 .
b000000110101010 0
#441750000
1,
b0000001101010100 .
b000000110101010 /
#442000000
0,
b0000001101010101 .
b000000110101011 0
#442250000
b00000111 (
1)
1,
b0000001101010110 .
b000000110101011 /
#442500000
0,
b0000001101010111 .
b000000110101100 0
#442750000
1,
b0000001101011000 .
b000000110101100 /
#443000000
0,
b0000001101011001 .
b000000110101101 0
#443250000
1,
b0000001101011010 .
b000000110101101 /
#443500000
0,
b0000001101011011 .
b000000110101110 0
#443750000
1,
b0000001101011100 .
b000000110101110 /
#444000000
0,
b0000001101011101 .
b000000110101111 0
#444250000
1,
b0000001101011110 .
b000000110101111 /
#444500000
0,
b0000001101011111 .
b000000110110000 0
#444750000
1,
b0000001101100000 .
b000000110110000 /
#445000000
0,
b0000001101100001 .
b000000110110001 0
#445250000
1,
b0000001101100010 .
b000000110110001 /
#445500000
0,
b0000001101100011 .
b000000110110010 0
#445750000
1,
b0000001101100100 .
b000000110110010 /
#446000000
0,
b0000001101100101 .
b000000110110011 0
#446250000
1,
b0000001101100110 .
b000000110110011 /
#446500000
0,
b0000001101100111 .
b000000110110100 0
#446750000
1,
b0000001101101000 .
b000000110110100 /
#447000000
0,
b0000001101101001 .
b000000110110101 0
#447250000
1,
b0000001101101010 .
b000000110110101 /
#447500000
0,
b0000001101101011 .
b000000110110110 0
#447750000
1,
b0000001101101100 .
b000000110110110 /
#448000000
0,
b0000001101101101 .
b000000110110111 0
#448250000
1,
b0000001101101110 .
b000000110110111 /
#448500000
0,
b0000001101101111 .
b000000110111000 0
#448750000
1,
b0000001101110000 .
b000000110111000 /
#449000000
0,
b0000001101110001 .
b000000110111001 0
#449250000
1,
b0000001101110010 .
b000000110111001 /
#449500000
0,
b0000001101110011 .
b000000110111010 0
#449750000
1,
b0000001101110100 .
b000000110111010 /
#450000000
0,
b0000001101110101 .
b000000110111011 0
#450250000
1,
b0000001101110110 .
b000000110111011 /
#450500000
0,
b0000001101110111 .
b000000110111100 0
#450750000
1,
b0000001101111000 .
b000000110111100 /
#451000000
0,
b0000001101111001 .
b000000110111101 0
#451250000
1,
b0000001101111010 .
b000000110111101 /
#451500000
0,
b0000001101111011 .
b000000110111110 0
#451750000
1,
b0000001101111100 .
b000000110111110 /
#452000000
0,
b0000001101111101 .
b000000110111111 0
#452250000
1,
b0000001101111110 .
b000000110111111 /
#452500000
0,
b0000001101111111 .
b000000111000000 0
#452750000
1,
b0000001110000000 .
b000000111000000 /
#453000000
0,
b0000001110000001 .
b000000111000001 0
#453250000
1,
b0000001110000010 .
b000000111000001 /
#453500000
0,
b0000001110000011 .
b000000111000010 0
#453750000
1,
b0000001110000100 .
b000000111000010 /
#454000000
0,
b0000001110000101 .
b000000111000011 0
#454250000
1,
b0000001110000110 .
b000000111000011 /
#454500000
0,
b0000001110000111 .
b000000111000100 0
#454750000
1,
b0000001110001000 .
b000000111000100 /
#455000000
0,
b0000001110001001 .
b000000111000101 0
#455250000
1,
b0000001110001010 .
b000000111000101 /
#455500000
0,
b0000001110001011 .
b000000111000110 0
#455750000
1,
b0000001110001100 .
b000000111000110 /
#456000000
0,
b0000001110001101 .
b000000111000111 0
#456250000
1,
b0000001110001110 .
b000000111000111 /
#456500000
0,
b0000001110001111 .
b000000111001000 0
#456750000
1,
b0000001110010000 .
b000000111001000 /
#457000000
0,
b0000001110010001 .
b000000111001001 0
#457250000
1,
b0000001110010010 .
b000000111001001 /
#457500000
0)
0,
b0000001110010011 .
b000000111001010 0
#457750000
1,
b0000001110010100 .
b000000111001010 /
#458000000
0,
b0000001110010101 .
b000000111001011 0
#458250000
1,
b0000001110010110 .
b000000111001011 /
#458500000
0,
b0000001110010111 .
b000000111001100 0
#458750000
1,
b0000001110011000 .
b000000111001100 /
#459000000
0,
b0000001110011001 .
b000000111001101 0
#459250000
1,
b0000001110011010 .
b000000111001101 /
#459500000
0,
b0000001110011011 .
b000000111001110 0
#459750000
1,
b0000001110011100 .
b000000111001110 /
#460000000
0,
b0000001110011101 .
b000000111001111 0
#460250000
1,
b0000001110011110 .
b000000111001111 /
#460500000
0,
b0000001110011111 .
b000000111010000 0
#460750000
1,
b0000001110100000 .
b000000111010000 /
#461000000
0,
b0000001110100001 .
b000000111010001 0
#461250000
1,
b0000001110100010 .
b000000111010001 /
#461500000
0,
b0000001110100011 .
b000000111010010 0
#461750000
1,
b0000001110100100 .
b000000111010010 /
#462000000
0,
b0000001110100101 .
b000000111010011 0
#462250000
1,
b0000001110100110 .
b000000111010011 /
#462500000
0,
b0000001110100111 .
b000000111010100 0
#462750000
1,
b0000001110101000 .
b000000111010100 /
#463000000
0,
b0000001110101001 .
b000000111010101 0
#463250000
1,
b0000001110101010 .
b000000111010101 /
#463500000
0,
b0000001110101011 .
b000000111010110 0
#463750000
1,
b0000001110101100 .
b000000111010110 /
#464000000
0,
b0000001110101101 .
b000000111010111 0
#464250000
1,
b0000001110101110 .
b000000111010111 /
#464500000
0,
b0000001110101111 .
b000000111011000 0
#464750000
1,
b0000001110110000 .
b000000111011000 /
#465000000
0,
b0000001110110001 .
b000000111011001 0
#465250000
1,
b0000001110110010 .
b000000111011001 /
#465500000
0,
b0000001110110011 .
b000000111011010 0
#465750000
1,
b0000001110110100 .
b000000111011010 /
#466000000
0,
b0000001110110101 .
b000000111011011 0
#466250000
1,
b0000001110110110 .
b000000111011011 /
#466500000
0,
b0000001110110111 .
b000000111011100 0
#466750000
1,
b0000001110111000 .
b000000111011100 /
#467000000
0,
b0000001110111001 .
b000000111011101 0
#467250000
1,
b0000001110111010 .
b000000111011101 /
#467500000
0,
b0000001110111011 .
b000000111011110 0
#467750000
1,
b0000001110111100 .
b000000111011110 /
#468000000
0,
b0000001110111101 .
b000000111011111 0
#468250000
1,
b0000001110111110 .
b000000111011111 /
#468500000
0,
b0000001110111111 .
b000000111100000 0
#468750000
1,
b0000001111000000 .
b000000111100000 /
#469000000
0,
b0000001111000001 .
b000000111100001 0
#469250000
1,
b0000001111000010 .
b000000111100001 /
#469500000
0,
b0000001111000011 .
b000000111100010 0
#469750000
1,
b0000001111000100 .
b000000111100010 /
#470000000
0,
b0000001111000101 .
b000000111100011 0
#470250000
1,
b0000001111000110 .
b000000111100011 /
#470500000
0,
b0000001111000111 .
b000000111100100 0
#470750000
1,
b0000001111001000 .
b000000111100100 /
#471000000
0,
b0000001111001001 .
b000000111100101 0
#471250000
1,
b0000001111001010 .
b000000111100101 /
#471500000
0,
b0000001111001011 .
b000000111100110 0
#471750000
1,
b0000001111001100 .
b000000111100110 /
#472000000
0,
b0000001111001101 .
b000000111100111 0
#472250000
1,
b0000001111001110 .
b000000111100111 /
#472500000
0,
b0000001111001111 .
b000000111101000 0
#472750000
b00001000 (
1)
1,
b0000001111010000 .
b000000111101000 /
#473000000
0,
b0000001111010001 .
b000000111101001 0
#473250000
1,
b0000001111010010 .
b000000111101001 /
#473500000
0,
b0000001111010011 .
b000000111101010 0
#473750000
1,
b0000001111010100 .
b000000111101010 /
#474000000
0,
b0000001111010101 .
b000000111101011 0
#474250000
1,
b0000001111010110 .
b000000111101011 /
#474500000
0,
b0000001111010111 .
b000000111101100 0
#474750000
1,
b0000001111011000 .
b000000111101100 /
#475000000
0,
b0000001111011001 .
b000000111101101 0
#475250000
1,
b0000001111011010 .
b000000111101101 /
#475500000
0,
b0000001111011011 .
b000000111101110 0
#475750000
1,
b0000001111011100 .
b000000111101110 /
#476000000
0,
b0000001111011101 .
b000000111101111 0
#476250000
1,
b0000001111011110 .
b000000111101111 /
#476500000
0,
b0000001111011111 .
b000000111110000 0
#476750000
1,
b0000001111100000 .
b000000111110000 /
#477000000
0,
b0000001111100001 .
b000000111110001 0
#477250000
1,
b0000001111100010 .
b000000111110001 /
#477500000
0,
b0000001111100011 .
b000000111110010 0
#477750000
1,
b0000001111100100 .
b000000111110010 /
#478000000
0,
b0000001111100101 .
b000000111110011 0
#478250000
1,
b0000001111100110 .
b000000111110011 /
#478500000
0,
b0000001111100111 .
b000000111110100 0
#478750000
1,
b0000001111101000 .
b000000111110100 /
#479000000
0,
b0000001111101001 .
b000000111110101 0
#479250000
1,
b0000001111101010 .
b000000111110101 /
#479500000
0,
b0000001111101011 .
b000000111110110 0
#479750000
1,
b0000001111101100 .
b000000111110110 /
#480000000
0,
b0000001111101101 .
b000000111110111 0
#480250000
1,
b0000001111101110 .
b000000111110111 /
#480500000
0,
b0000001111101111 .
b000000111111000 0
#480750000
1,
b0000001111110000 .
b000000111111000 /
#481000000
0,
b0000001111110001 .
b000000111111001 0
#481250000
1,
b0000001111110010 .
b000000111111001 /
#481500000
0,
b0000001111110011 .
b000000111111010 0
#481750000
1,
b0000001111110100 .
b000000111111010 /
#482000000
0,
b0000001111110101 .
b000000111111011 0
#482250000
1,
b0000001111110110 .
b000000111111011 /
#482500000
0,
b0000001111110111 .
b000000111111100 0
#482750000
1,
b0000001111111000 .
b000000111111100 /
#483000000
0,
b0000001111111001 .
b000000111111101 0
#483250000
1,
b0000001111111010 .
b000000111111101 /
#483500000
0,
b0000001111111011 .
b000000111111110 0
#483750000
1,
b0000001111111100 .
b000000111111110 /
#484000000
0,
b0000001111111101 .
b000000111111111 0
#484250000
1,
b0000001111111110 .
b000000111111111 /
#484500000
0,
b0000001111111111 .
b000001000000000 0
#484750000
1,
b0000010000000000 .
b000001000000000 /
#485000000
0,
b0000010000000001 .
b000001000000001 0
#485250000
1,
b0000010000000010 .
b000001000000001 /
#485500000
0,
b0000010000000011 .
b000001000000010 0
#485750000
1,
b0000010000000100 .
b000001000000010 /
#486000000
0,
b0000010000000101 .
b000001000000011 0
#486250000
1,
b0000010000000110 .
b000001000000011 /
#486500000
0,
b0000010000000111 .
b000001000000100 0
#486750000
1,
b0000010000001000 .
b000001000000100 /
#487000000
0,
b0000010000001001 .
b000001000000101 0
#487250000
1,
b0000010000001010 .
b000001000000101 /
#487500000
0,
b0000010000001011 .
b000001000000110 0
#487750000
1,
b0000010000001100 .
b000001000000110 /
#488000000
0)
0,
b0000010000001101 .
b000001000000111 0
#488250000
1,
b0000010000001110 .
b000001000000111 /
#488500000
0,
b0000010000001111 .
b000001000001000 0
#488750000
1,
b0000010000010000 .
b000001000001000 /
#489000000
0,
b0000010000010001 .
b000001000001001 0
#489250000
1,
b0000010000010010 .
b000001000001001 /
#489500000
0,
b0000010000010011 .
b000001000001010 0
#489750000
1,
b0000010000010100 .
b000001000001010 /
#490000000
0,
b0000010000010101 .
b000001000001011 0
#490250000
1,
b0000010000010110 .
b000001000001011 /
#490500000
0,
b0000010000010111 .
b000001000001100 0
#490750000
1,
b0000010000011000 .
b000001000001100 /
#491000000
0,
b0000010000011001 .
b000001000001101 0
#491250000
1,
b0000010000011010 .
b000001000001101 /
#491500000
0,
b0000010000011011 .
b000001000001110 0
#491750000
1,
b0000010000011100 .
b000001000001110 /
#492000000
0,
b0000010000011101 .
b000001000001111 0
#492250000
1,
b0000010000011110 .
b000001000001111 /
#492500000
0,
b0000010000011111 .
b000001000010000 0
#492750000
1,
b0000010000100000 .
b000001000010000 /
#493000000
0,
b0000010000100001 .
b000001000010001 0
#493250000
1,
b0000010000100010 .
b000001000010001 /
#493500000
0,
b0000010000100011 .
b000001000010010 0
#493750000
1,
b0000010000100100 .
b000001000010010 /
#494000000
0,
b0000010000100101 .
b000001000010011 0
#494250000
1,
b0000010000100110 .
b000001000010011 /
#494500000
0,
b0000010000100111 .
b000001000010100 0
#494750000
1,
b0000010000101000 .
b000001000010100 /
#495000000
0,
b0000010000101001 .
b000001000010101 0
#495250000
1,
b0000010000101010 .
b000001000010101 /
#495500000
0,
b0000010000101011 .
b000001000010110 0
#495750000
1,
b0000010000101100 .
b000001000010110 /
#496000000
0,
b0000010000101101 .
b000001000010111 0
#496250000
1,
b0000010000101110 .
b000001000010111 /
#496500000
0,
b0000010000101111 .
b000001000011000 0
#496750000
1,
b0000010000110000 .
b000001000011000 /
#497000000
0,
b0000010000110001 .
b000001000011001 0
#497250000
1,
b0000010000110010 .
b000001000011001 /
#497500000
0,
b0000010000110011 .
b000001000011010 0
#497750000
1,
b0000010000110100 .
b000001000011010 /
#498000000
0,
b0000010000110101 .
b000001000011011 0
#498250000
1,
b0000010000110110 .
b000001000011011 /
#498500000
0,
b0000010000110111 .
b000001000011100 0
#498750000
1,
b0000010000111000 .
b000001000011100 /
#499000000
0,
b0000010000111001 .
b000001000011101 0
#499250000
1,
b0000010000111010 .
b000001000011101 /
#499500000
0,
b0000010000111011 .
b000001000011110 0
#499750000
1,
b0000010000111100 .
b000001000011110 /
#500000000
0,
b0000010000111101 .
b000001000011111 0
#500250000
1,
b0000010000111110 .
b000001000011111 /
#500500000
0,
b0000010000111111 .
b000001000100000 0
#500750000
1,
b0000010001000000 .
b000001000100000 /
#501000000
0,
b0000010001000001 .
b000001000100001 0
#501250000
1,
b0000010001000010 .
b000001000100001 /
#501500000
0,
b0000010001000011 .
b000001000100010 0
#501750000
1,
b0000010001000100 .
b000001000100010 /
#502000000
0,
b0000010001000101 .
b000001000100011 0
#502250000
1,
b0000010001000110 .
b000001000100011 /
#502500000
0,
b0000010001000111 .
b000001000100100 0
#502750000
1,
b0000010001001000 .
b000001000100100 /
#503000000
0,
b0000010001001001 .
b000001000100101 0
#503250000
b00001001 (
1)
1,
b0000010001001010 .
b000001000100101 /
#503500000
0,
b0000010001001011 .
b000001000100110 0
#503750000
1,
b0000010001001100 .
b000001000100110 /
#504000000
0,
b0000010001001101 .
b000001000100111 0
#504250000
1,
b0000010001001110 .
b000001000100111 /
#504500000
0,
b0000010001001111 .
b000001000101000 0
#504750000
1,
b0000010001010000 .
b000001000101000 /
#505000000
0,
b0000010001010001 .
b000001000101001 0
#505250000
1,
b0000010001010010 .
b000001000101001 /
#505500000
0,
b0000010001010011 .
b000001000101010 0
#505750000
1,
b0000010001010100 .
b000001000101010 /
#506000000
0,
b0000010001010101 .
b000001000101011 0
#506250000
1,
b0000010001010110 .
b000001000101011 /
#506500000
0,
b0000010001010111 .
b000001000101100 0
#506750000
1,
b0000010001011000 .
b000001000101100 /
#507000000
0,
b0000010001011001 .
b000001000101101 0
#507250000
1,
b0000010001011010 .
b000001000101101 /
#507500000
0,
b0000010001011011 .
b000001000101110 0
#507750000
1,
b0000010001011100 .
b000001000101110 /
#508000000
0,
b0000010001011101 .
b000001000101111 0
#508250000
1,
b0000010001011110 .
b000001000101111 /
#508500000
0,
b0000010001011111 .
b000001000110000 0
#508750000
1,
b0000010001100000 .
b000001000110000 /
#509000000
0,
b0000010001100001 .
b000001000110001 0
#509250000
1,
b0000010001100010 .
b000001000110001 /
#509500000
0,
b0000010001100011 .
b000001000110010 0
#509750000
1,
b0000010001100100 .
b000001000110010 /
#510000000
0,
b0000010001100101 .
b000001000110011 0
#510250000
1,
b0000010001100110 .
b000001000110011 /
#510500000
0,
b0000010001100111 .
b000001000110100 0
#510750000
1,
b0000010001101000 .
b000001000110100 /
#511000000
0,
b0000010001101001 .
b000001000110101 0
#511250000
1,
b0000010001101010 .
b000001000110101 /
#511500000
0,
b0000010001101011 .
b000001000110110 0
#511750000
1,
b0000010001101100 .
b000001000110110 /
#512000000
0,
b0000010001101101 .
b000001000110111 0
#512250000
1,
b0000010001101110 .
b000001000110111 /
#512500000
0,
b0000010001101111 .
b000001000111000 0
#512750000
1,
b0000010001110000 .
b000001000111000 /
#513000000
0,
b0000010001110001 .
b000001000111001 0
#513250000
1,
b0000010001110010 .
b000001000111001 /
#513500000
0,
b0000010001110011 .
b000001000111010 0
#513750000
1,
b0000010001110100 .
b000001000111010 /
#514000000
0,
b0000010001110101 .
b000001000111011 0
#514250000
1,
b0000010001110110 .
b000001000111011 /
#514500000
0,
b0000010001110111 .
b000001000111100 0
#514750000
1,
b0000010001111000 .
b000001000111100 /
#515000000
0,
b0000010001111001 .
b000001000111101 0
#515250000
1,
b0000010001111010 .
b000001000111101 /
#515500000
0,
b0000010001111011 .
b000001000111110 0
#515750000
1,
b0000010001111100 .
b000001000111110 /
#516000000
0,
b0000010001111101 .
b000001000111111 0
#516250000
1,
b0000010001111110 .
b000001000111111 /
#516500000
0,
b0000010001111111 .
b000001001000000 0
#516750000
1,
b0000010010000000 .
b000001001000000 /
#517000000
0,
b0000010010000001 .
b000001001000001 0
#517250000
1,
b0000010010000010 .
b000001001000001 /
#517500000
0,
b0000010010000011 .
b000001001000010 0
#517750000
1,
b0000010010000100 .
b000001001000010 /
#518000000
0,
b0000010010000101 .
b000001001000011 0
#518250000
1,
b0000010010000110 .
b000001001000011 /
#518500000
0)
0,
b0000010010000111 .
b000001001000100 0
#518750000
1,
b0000010010001000 .
b000001001000100 /
#519000000
0,
b0000010010001001 .
b000001001000101 0
#519250000
1,
b0000010010001010 .
b000001001000101 /
#519500000
0,
b0000010010001011 .
b000001001000110 0
#519750000
1,
b0000010010001100 .
b000001001000110 /
#520000000
0,
b0000010010001101 .
b000001001000111 0
#520250000
1,
b0000010010001110 .
b000001001000111 /
#520500000
0,
b0000010010001111 .
b000001001001000 0
#520750000
1,
b0000010010010000 .
b000001001001000 /
#521000000
0,
b0000010010010001 .
b000001001001001 0
#521250000
1,
b0000010010010010 .
b000001001001001 /
#521500000
0,
b0000010010010011 .
b000001001001010 0
#521750000
1,
b0000010010010100 .
b000001001001010 /
#522000000
0,
b0000010010010101 .
b000001001001011 0
#522250000
1,
b0000010010010110 .
b000001001001011 /
#522500000
0,
b0000010010010111 .
b000001001001100 0
#522750000
1,
b0000010010011000 .
b000001001001100 /
#523000000
0,
b0000010010011001 .
b000001001001101 0
#523250000
1,
b0000010010011010 .
b000001001001101 /
#523500000
0,
b0000010010011011 .
b000001001001110 0
#523750000
1,
b0000010010011100 .
b000001001001110 /
#524000000
0,
b0000010010011101 .
b000001001001111 0
#524250000
1,
b0000010010011110 .
b000001001001111 /
#524500000
0,
b0000010010011111 .
b000001001010000 0
#524750000
1,
b0000010010100000 .
b000001001010000 /
#525000000
0,
b0000010010100001 .
b000001001010001 0
#525250000
1,
b0000010010100010 .
b000001001010001 /
#525500000
0,
b0000010010100011 .
b000001001010010 0
#525750000
1,
b0000010010100100 .
b000001001010010 /
#526000000
0,
b0000010010100101 .
b000001001010011 0
#526250000
1,
b0000010010100110 .
b000001001010011 /
#526500000
0,
b0000010010100111 .
b000001001010100 0
#526750000
1,
b0000010010101000 .
b000001001010100 /
#527000000
0,
b0000010010101001 .
b000001001010101 0
#527250000
1,
b0000010010101010 .
b000001001010101 /
#527500000
0,
b0000010010101011 .
b000001001010110 0
#527750000
1,
b0000010010101100 .
b000001001010110 /
#528000000
0,
b0000010010101101 .
b000001001010111 0
#528250000
1,
b0000010010101110 .
b000001001010111 /
#528500000
0,
b0000010010101111 .
b000001001011000 0
#528750000
1,
b0000010010110000 .
b000001001011000 /
#529000000
0,
b0000010010110001 .
b000001001011001 0
#529250000
1,
b0000010010110010 .
b000001001011001 /
#529500000
0,
b0000010010110011 .
b000001001011010 0
#529750000
1,
b0000010010110100 .
b000001001011010 /
#530000000
0,
b0000010010110101 .
b000001001011011 0
#530250000
1,
b0000010010110110 .
b000001001011011 /
#530500000
0,
b0000010010110111 .
b000001001011100 0
#530750000
1,
b0000010010111000 .
b000001001011100 /
#531000000
0,
b0000010010111001 .
b000001001011101 0
#531250000
1,
b0000010010111010 .
b000001001011101 /
#531500000
0,
b0000010010111011 .
b000001001011110 0
#531750000
1,
b0000010010111100 .
b000001001011110 /
#532000000
0,
b0000010010111101 .
b000001001011111 0
#532250000
1,
b0000010010111110 .
b000001001011111 /
#532500000
0,
b0000010010111111 .
b000001001100000 0
#532750000
1,
b0000010011000000 .
b000001001100000 /
#533000000
0,
b0000010011000001 .
b000001001100001 0
#533250000
1,
b0000010011000010 .
b000001001100001 /
#533500000
0,
b0000010011000011 .
b000001001100010 0
#533750000
b00001010 (
1)
1,
b0000010011000100 .
b000001001100010 /
#534000000
0,
b0000010011000101 .
b000001001100011 0
#534250000
1,
b0000010011000110 .
b000001001100011 /
#534500000
0,
b0000010011000111 .
b000001001100100 0
#534750000
1,
b0000010011001000 .
b000001001100100 /
#535000000
0,
b0000010011001001 .
b000001001100101 0
#535250000
1,
b0000010011001010 .
b000001001100101 /
#535500000
0,
b0000010011001011 .
b000001001100110 0
#535750000
1,
b0000010011001100 .
b000001001100110 /
#536000000
0,
b0000010011001101 .
b000001001100111 0
#536250000
1,
b0000010011001110 .
b000001001100111 /
#536500000
0,
b0000010011001111 .
b000001001101000 0
#536750000
1,
b0000010011010000 .
b000001001101000 /
#537000000
0,
b0000010011010001 .
b000001001101001 0
#537250000
1,
b0000010011010010 .
b000001001101001 /
#537500000
0,
b0000010011010011 .
b000001001101010 0
#537750000
1,
b0000010011010100 .
b000001001101010 /
#538000000
0,
b0000010011010101 .
b000001001101011 0
#538250000
1,
b0000010011010110 .
b000001001101011 /
#538500000
0,
b0000010011010111 .
b000001001101100 0
#538750000
1,
b0000010011011000 .
b000001001101100 /
#539000000
0,
b0000010011011001 .
b000001001101101 0
#539250000
1,
b0000010011011010 .
b000001001101101 /
#539500000
0,
b0000010011011011 .
b000001001101110 0
#539750000
1,
b0000010011011100 .
b000001001101110 /
#540000000
0,
b0000010011011101 .
b000001001101111 0
#540250000
1,
b0000010011011110 .
b000001001101111 /
#540500000
0,
b0000010011011111 .
b000001001110000 0
#540750000
1,
b0000010011100000 .
b000001001110000 /
#541000000
0,
b0000010011100001 .
b000001001110001 0
#541250000
1,
b0000010011100010 .
b000001001110001 /
#541500000
0,
b0000010011100011 .
b000001001110010 0
#541750000
1,
b0000010011100100 .
b000001001110010 /
#542000000
0,
b0000010011100101 .
b000001001110011 0
#542250000
1,
b0000010011100110 .
b000001001110011 /
#542500000
0,
b0000010011100111 .
b000001001110100 0
#542750000
1,
b0000010011101000 .
b000001001110100 /
#543000000
0,
b0000010011101001 .
b000001001110101 0
#543250000
1,
b0000010011101010 .
b000001001110101 /
#543500000
0,
b0000010011101011 .
b000001001110110 0
#543750000
1,
b0000010011101100 .
b000001001110110 /
#544000000
0,
b0000010011101101 .
b000001001110111 0
#544250000
1,
b0000010011101110 .
b000001001110111 /
#544500000
0,
b0000010011101111 .
b000001001111000 0
#544750000
1,
b0000010011110000 .
b000001001111000 /
#545000000
0,
b0000010011110001 .
b000001001111001 0
#545250000
1,
b0000010011110010 .
b000001001111001 /
#545500000
0,
b0000010011110011 .
b000001001111010 0
#545750000
1,
b0000010011110100 .
b000001001111010 /
#546000000
0,
b0000010011110101 .
b000001001111011 0
#546250000
1,
b0000010011110110 .
b000001001111011 /
#546500000
0,
b0000010011110111 .
b000001001111100 0
#546750000
1,
b0000010011111000 .
b000001001111100 /
#547000000
0,
b0000010011111001 .
b000001001111101 0
#547250000
1,
b0000010011111010 .
b000001001111101 /
#547500000
0,
b0000010011111011 .
b000001001111110 0
#547750000
1,
b0000010011111100 .
b000001001111110 /
#548000000
0,
b0000010011111101 .
b000001001111111 0
#548250000
1,
b0000010011111110 .
b000001001111111 /
#548500000
0,
b0000010011111111 .
b000001010000000 0
#548750000
1,
b0000010100000000 .
b000001010000000 /
#549000000
0)
0,
b0000010100000001 .
b000001010000001 0
#549250000
1,
b0000010100000010 .
b000001010000001 /
#549500000
0,
b0000010100000011 .
b000001010000010 0
#549750000
1,
b0000010100000100 .
b000001010000010 /
#550000000
0,
b0000010100000101 .
b000001010000011 0
#550250000
1,
b0000010100000110 .
b000001010000011 /
#550500000
0,
b0000010100000111 .
b000001010000100 0
#550750000
1,
b0000010100001000 .
b000001010000100 /
#551000000
0,
b0000010100001001 .
b000001010000101 0
#551250000
1,
b0000010100001010 .
b000001010000101 /
#551500000
0,
b0000010100001011 .
b000001010000110 0
#551750000
1,
b0000010100001100 .
b000001010000110 /
#552000000
0,
b0000010100001101 .
b000001010000111 0
#552250000
1,
b0000010100001110 .
b000001010000111 /
#552500000
0,
b0000010100001111 .
b000001010001000 0
#552750000
1,
b0000010100010000 .
b000001010001000 /
#553000000
0,
b0000010100010001 .
b000001010001001 0
#553250000
1,
b0000010100010010 .
b000001010001001 /
#553500000
0,
b0000010100010011 .
b000001010001010 0
#553750000
1,
b0000010100010100 .
b000001010001010 /
#554000000
0,
b0000010100010101 .
b000001010001011 0
#554250000
1,
b0000010100010110 .
b000001010001011 /
#554500000
0,
b0000010100010111 .
b000001010001100 0
#554750000
1,
b0000010100011000 .
b000001010001100 /
#555000000
0,
b0000010100011001 .
b000001010001101 0
#555250000
1,
b0000010100011010 .
b000001010001101 /
#555500000
0,
b0000010100011011 .
b000001010001110 0
#555750000
1,
b0000010100011100 .
b000001010001110 /
#556000000
0,
b0000010100011101 .
b000001010001111 0
#556250000
1,
b0000010100011110 .
b000001010001111 /
#556500000
0,
b0000010100011111 .
b000001010010000 0
#556750000
1,
b0000010100100000 .
b000001010010000 /
#557000000
0,
b0000010100100001 .
b000001010010001 0
#557250000
1,
b0000010100100010 .
b000001010010001 /
#557500000
0,
b0000010100100011 .
b000001010010010 0
#557750000
1,
b0000010100100100 .
b000001010010010 /
#558000000
0,
b0000010100100101 .
b000001010010011 0
#558250000
1,
b0000010100100110 .
b000001010010011 /
#558500000
0,
b0000010100100111 .
b000001010010100 0
#558750000
1,
b0000010100101000 .
b000001010010100 /
#559000000
0,
b0000010100101001 .
b000001010010101 0
#559250000
1,
b0000010100101010 .
b000001010010101 /
#559500000
0,
b0000010100101011 .
b000001010010110 0
#559750000
1,
b0000010100101100 .
b000001010010110 /
#560000000
0,
b0000010100101101 .
b000001010010111 0
#560250000
1,
b0000010100101110 .
b000001010010111 /
#560500000
0,
b0000010100101111 .
b000001010011000 0
#560750000
1,
b0000010100110000 .
b000001010011000 /
#561000000
0,
b0000010100110001 .
b000001010011001 0
#561250000
1,
b0000010100110010 .
b000001010011001 /
#561500000
0,
b0000010100110011 .
b000001010011010 0
#561750000
1,
b0000010100110100 .
b000001010011010 /
#562000000
0,
b0000010100110101 .
b000001010011011 0
#562250000
1,
b0000010100110110 .
b000001010011011 /
#562500000
0,
b0000010100110111 .
b000001010011100 0
#562750000
1,
b0000010100111000 .
b000001010011100 /
#563000000
0,
b0000010100111001 .
b000001010011101 0
#563250000
1,
b0000010100111010 .
b000001010011101 /
#563500000
0,
b0000010100111011 .
b000001010011110 0
#563750000
1,
b0000010100111100 .
b000001010011110 /
#564000000
0,
b0000010100111101 .
b000001010011111 0
#564250000
b00001011 (
1)
1,
b0000010100111110 .
b000001010011111 /
#564500000
0,
b0000010100111111 .
b000001010100000 0
#564750000
1,
b0000010101000000 .
b000001010100000 /
#565000000
0,
b0000010101000001 .
b000001010100001 0
#565250000
1,
b0000010101000010 .
b000001010100001 /
#565500000
0,
b0000010101000011 .
b000001010100010 0
#565750000
1,
b0000010101000100 .
b000001010100010 /
#566000000
0,
b0000010101000101 .
b000001010100011 0
#566250000
1,
b0000010101000110 .
b000001010100011 /
#566500000
0,
b0000010101000111 .
b000001010100100 0
#566750000
1,
b0000010101001000 .
b000001010100100 /
#567000000
0,
b0000010101001001 .
b000001010100101 0
#567250000
1,
b0000010101001010 .
b000001010100101 /
#567500000
0,
b0000010101001011 .
b000001010100110 0
#567750000
1,
b0000010101001100 .
b000001010100110 /
#568000000
0,
b0000010101001101 .
b000001010100111 0
#568250000
1,
b0000010101001110 .
b000001010100111 /
#568500000
0,
b0000010101001111 .
b000001010101000 0
#568750000
1,
b0000010101010000 .
b000001010101000 /
#569000000
0,
b0000010101010001 .
b000001010101001 0
#569250000
1,
b0000010101010010 .
b000001010101001 /
#569500000
0,
b0000010101010011 .
b000001010101010 0
#569750000
1,
b0000010101010100 .
b000001010101010 /
#570000000
0,
b0000010101010101 .
b000001010101011 0
#570250000
1,
b0000010101010110 .
b000001010101011 /
#570500000
0,
b0000010101010111 .
b000001010101100 0
#570750000
1,
b0000010101011000 .
b000001010101100 /
#571000000
0,
b0000010101011001 .
b000001010101101 0
#571250000
1,
b0000010101011010 .
b000001010101101 /
#571500000
0,
b0000010101011011 .
b000001010101110 0
#571750000
1,
b0000010101011100 .
b000001010101110 /
#572000000
0,
b0000010101011101 .
b000001010101111 0
#572250000
1,
b0000010101011110 .
b000001010101111 /
#572500000
0,
b0000010101011111 .
b000001010110000 0
#572750000
1,
b0000010101100000 .
b000001010110000 /
#573000000
0,
b0000010101100001 .
b000001010110001 0
#573250000
1,
b0000010101100010 .
b000001010110001 /
#573500000
0,
b0000010101100011 .
b000001010110010 0
#573750000
1,
b0000010101100100 .
b000001010110010 /
#574000000
0,
b0000010101100101 .
b000001010110011 0
#574250000
1,
b0000010101100110 .
b000001010110011 /
#574500000
0,
b0000010101100111 .
b000001010110100 0
#574750000
1,
b0000010101101000 .
b000001010110100 /
#575000000
0,
b0000010101101001 .
b000001010110101 0
#575250000
1,
b0000010101101010 .
b000001010110101 /
#575500000
0,
b0000010101101011 .
b000001010110110 0
#575750000
1,
b0000010101101100 .
b000001010110110 /
#576000000
0,
b0000010101101101 .
b000001010110111 0
#576250000
1,
b0000010101101110 .
b000001010110111 /
#576500000
0,
b0000010101101111 .
b000001010111000 0
#576750000
1,
b0000010101110000 .
b000001010111000 /
#577000000
0,
b0000010101110001 .
b000001010111001 0
#577250000
1,
b0000010101110010 .
b000001010111001 /
#577500000
0,
b0000010101110011 .
b000001010111010 0
#577750000
1,
b0000010101110100 .
b000001010111010 /
#578000000
0,
b0000010101110101 .
b000001010111011 0
#578250000
1,
b0000010101110110 .
b000001010111011 /
#578500000
0,
b0000010101110111 .
b000001010111100 0
#578750000
1,
b0000010101111000 .
b000001010111100 /
#579000000
0,
b0000010101111001 .
b000001010111101 0
#579250000
1,
b0000010101111010 .
b000001010111101 /
#579500000
0)
0,
b0000010101111011 .
b000001010111110 0
#579750000
1,
b0000010101111100 .
b000001010111110 /
#580000000
0,
b0000010101111101 .
b000001010111111 0
#580250000
1,
b0000010101111110 .
b000001010111111 /
#580500000
0,
b0000010101111111 .
b000001011000000 0
#580750000
1,
b0000010110000000 .
b000001011000000 /
#581000000
0,
b0000010110000001 .
b000001011000001 0
#581250000
1,
b0000010110000010 .
b000001011000001 /
#581500000
0,
b0000010110000011 .
b000001011000010 0
#581750000
1,
b0000010110000100 .
b000001011000010 /
#582000000
0,
b0000010110000101 .
b000001011000011 0
#582250000
1,
b0000010110000110 .
b000001011000011 /
#582500000
0,
b0000010110000111 .
b000001011000100 0
#582750000
1,
b0000010110001000 .
b000001011000100 /
#583000000
0,
b0000010110001001 .
b000001011000101 0
#583250000
1,
b0000010110001010 .
b000001011000101 /
#583500000
0,
b0000010110001011 .
b000001011000110 0
#583750000
1,
b0000010110001100 .
b000001011000110 /
#584000000
0,
b0000010110001101 .
b000001011000111 0
#584250000
1,
b0000010110001110 .
b000001011000111 /
#584500000
0,
b0000010110001111 .
b000001011001000 0
#584750000
1,
b0000010110010000 .
b000001011001000 /
#585000000
0,
b0000010110010001 .
b000001011001001 0
#585250000
1,
b0000010110010010 .
b000001011001001 /
#585500000
0,
b0000010110010011 .
b000001011001010 0
#585750000
1,
b0000010110010100 .
b000001011001010 /
#586000000
0,
b0000010110010101 .
b000001011001011 0
#586250000
1,
b0000010110010110 .
b000001011001011 /
#586500000
0,
b0000010110010111 .
b000001011001100 0
#586750000
1,
b0000010110011000 .
b000001011001100 /
#587000000
0,
b0000010110011001 .
b000001011001101 0
#587250000
1,
b0000010110011010 .
b000001011001101 /
#587500000
0,
b0000010110011011 .
b000001011001110 0
#587750000
1,
b0000010110011100 .
b000001011001110 /
#588000000
0,
b0000010110011101 .
b000001011001111 0
#588250000
1,
b0000010110011110 .
b000001011001111 /
#588500000
0,
b0000010110011111 .
b000001011010000 0
#588750000
1,
b0000010110100000 .
b000001011010000 /
#589000000
0,
b0000010110100001 .
b000001011010001 0
#589250000
1,
b0000010110100010 .
b000001011010001 /
#589500000
0,
b0000010110100011 .
b000001011010010 0
#589750000
1,
b0000010110100100 .
b000001011010010 /
#590000000
0,
b0000010110100101 .
b000001011010011 0
#590250000
1,
b0000010110100110 .
b000001011010011 /
#590500000
0,
b0000010110100111 .
b000001011010100 0
#590750000
1,
b0000010110101000 .
b000001011010100 /
#591000000
0,
b0000010110101001 .
b000001011010101 0
#591250000
1,
b0000010110101010 .
b000001011010101 /
#591500000
0,
b0000010110101011 .
b000001011010110 0
#591750000
1,
b0000010110101100 .
b000001011010110 /
#592000000
0,
b0000010110101101 .
b000001011010111 0
#592250000
1,
b0000010110101110 .
b000001011010111 /
#592500000
0,
b0000010110101111 .
b000001011011000 0
#592750000
1,
b0000010110110000 .
b000001011011000 /
#593000000
0,
b0000010110110001 .
b000001011011001 0
#593250000
1,
b0000010110110010 .
b000001011011001 /
#593500000
0,
b0000010110110011 .
b000001011011010 0
#593750000
1,
b0000010110110100 .
b000001011011010 /
#594000000
0,
b0000010110110101 .
b000001011011011 0
#594250000
1,
b0000010110110110 .
b000001011011011 /
#594500000
0,
b0000010110110111 .
b000001011011100 0
#594750000
b00001100 (
1)
1,
b0000010110111000 .
b000001011011100 /
#595000000
0,
b0000010110111001 .
b000001011011101 0
#595250000
1,
b0000010110111010 .
b000001011011101 /
#595500000
0,
b0000010110111011 .
b000001011011110 0
#595750000
1,
b0000010110111100 .
b000001011011110 /
#596000000
0,
b0000010110111101 .
b000001011011111 0
#596250000
1,
b0000010110111110 .
b000001011011111 /
#596500000
0,
b0000010110111111 .
b000001011100000 0
#596750000
1,
b0000010111000000 .
b000001011100000 /
#597000000
0,
b0000010111000001 .
b000001011100001 0
#597250000
1,
b0000010111000010 .
b000001011100001 /
#597500000
0,
b0000010111000011 .
b000001011100010 0
#597750000
1,
b0000010111000100 .
b000001011100010 /
#598000000
0,
b0000010111000101 .
b000001011100011 0
#598250000
1,
b0000010111000110 .
b000001011100011 /
#598500000
0,
b0000010111000111 .
b000001011100100 0
#598750000
1,
b0000010111001000 .
b000001011100100 /
#599000000
0,
b0000010111001001 .
b000001011100101 0
#599250000
1,
b0000010111001010 .
b000001011100101 /
#599500000
0,
b0000010111001011 .
b000001011100110 0
#599750000
1,
b0000010111001100 .
b000001011100110 /
#600000000
0,
b0000010111001101 .
b000001011100111 0
#600250000
1,
b0000010111001110 .
b000001011100111 /
#600500000
0,
b0000010111001111 .
b000001011101000 0
#600750000
1,
b0000010111010000 .
b000001011101000 /
#601000000
0,
b0000010111010001 .
b000001011101001 0
#601250000
1,
b0000010111010010 .
b000001011101001 /
#601500000
0,
b0000010111010011 .
b000001011101010 0
#601750000
1,
b0000010111010100 .
b000001011101010 /
#602000000
0,
b0000010111010101 .
b000001011101011 0
#602250000
1,
b0000010111010110 .
b000001011101011 /
#602500000
0,
b0000010111010111 .
b000001011101100 0
#602750000
1,
b0000010111011000 .
b000001011101100 /
#603000000
0,
b0000010111011001 .
b000001011101101 0
#603250000
1,
b0000010111011010 .
b000001011101101 /
#603500000
0,
b0000010111011011 .
b000001011101110 0
#603750000
1,
b0000010111011100 .
b000001011101110 /
#604000000
0,
b0000010111011101 .
b000001011101111 0
#604250000
1,
b0000010111011110 .
b000001011101111 /
#604500000
0,
b0000010111011111 .
b000001011110000 0
#604750000
1,
b0000010111100000 .
b000001011110000 /
#605000000
0,
b0000010111100001 .
b000001011110001 0
#605250000
1,
b0000010111100010 .
b000001011110001 /
#605500000
0,
b0000010111100011 .
b000001011110010 0
#605750000
1,
b0000010111100100 .
b000001011110010 /
#606000000
0,
b0000010111100101 .
b000001011110011 0
#606250000
1,
b0000010111100110 .
b000001011110011 /
#606500000
0,
b0000010111100111 .
b000001011110100 0
#606750000
1,
b0000010111101000 .
b000001011110100 /
#607000000
0,
b0000010111101001 .
b000001011110101 0
#607250000
1,
b0000010111101010 .
b000001011110101 /
#607500000
0,
b0000010111101011 .
b000001011110110 0
#607750000
1,
b0000010111101100 .
b000001011110110 /
#608000000
0,
b0000010111101101 .
b000001011110111 0
#608250000
1,
b0000010111101110 .
b000001011110111 /
#608500000
0,
b0000010111101111 .
b000001011111000 0
#608750000
1,
b0000010111110000 .
b000001011111000 /
#609000000
0,
b0000010111110001 .
b000001011111001 0
#609250000
1,
b0000010111110010 .
b000001011111001 /
#609500000
0,
b0000010111110011 .
b000001011111010 0
#609750000
1,
b0000010111110100 .
b000001011111010 /
#610000000
0)
0,
b0000010111110101 .
b000001011111011 0
#610250000
1,
b0000010111110110 .
b000001011111011 /
#610500000
0,
b0000010111110111 .
b000001011111100 0
#610750000
1,
b0000010111111000 .
b000001011111100 /
#611000000
0,
b0000010111111001 .
b000001011111101 0
#611250000
1,
b0000010111111010 .
b000001011111101 /
#611500000
0,
b0000010111111011 .
b000001011111110 0
#611750000
1,
b0000010111111100 .
b000001011111110 /
#612000000
0,
b0000010111111101 .
b000001011111111 0
#612250000
1,
b0000010111111110 .
b000001011111111 /
#612500000
0,
b0000010111111111 .
b000001100000000 0
#612750000
1,
b0000011000000000 .
b000001100000000 /
#613000000
0,
b0000011000000001 .
b000001100000001 0
#613250000
1,
b0000011000000010 .
b000001100000001 /
#613500000
0,
b0000011000000011 .
b000001100000010 0
#613750000
1,
b0000011000000100 .
b000001100000010 /
#614000000
0,
b0000011000000101 .
b000001100000011 0
#614250000
1,
b0000011000000110 .
b000001100000011 /
#614500000
0,
b0000011000000111 .
b000001100000100 0
#614750000
1,
b0000011000001000 .
b000001100000100 /
#615000000
0,
b0000011000001001 .
b000001100000101 0
#615250000
1,
b0000011000001010 .
b000001100000101 /
#615500000
0,
b0000011000001011 .
b000001100000110 0
#615750000
1,
b0000011000001100 .
b000001100000110 /
#616000000
0,
b0000011000001101 .
b000001100000111 0
#616250000
1,
b0000011000001110 .
b000001100000111 /
#616500000
0,
b0000011000001111 .
b000001100001000 0
#616750000
1,
b0000011000010000 .
b000001100001000 /
#617000000
0,
b0000011000010001 .
b000001100001001 0
#617250000
1,
b0000011000010010 .
b000001100001001 /
#617500000
0,
b0000011000010011 .
b000001100001010 0
#617750000
1,
b0000011000010100 .
b000001100001010 /
#618000000
0,
b0000011000010101 .
b000001100001011 0
#618250000
1,
b0000011000010110 .
b000001100001011 /
#618500000
0,
b0000011000010111 .
b000001100001100 0
#618750000
1,
b0000011000011000 .
b000001100001100 /
#619000000
0,
b0000011000011001 .
b000001100001101 0
#619250000
1,
b0000011000011010 .
b000001100001101 /
#619500000
0,
b0000011000011011 .
b000001100001110 0
#619750000
1,
b0000011000011100 .
b000001100001110 /
#620000000
0,
b0000011000011101 .
b000001100001111 0
#620250000
1,
b0000011000011110 .
b000001100001111 /
#620500000
0,
b0000011000011111 .
b000001100010000 0
#620750000
1,
b0000011000100000 .
b000001100010000 /
#621000000
0,
b0000011000100001 .
b000001100010001 0
#621250000
1,
b0000011000100010 .
b000001100010001 /
#621500000
0,
b0000011000100011 .
b000001100010010 0
#621750000
1,
b0000011000100100 .
b000001100010010 /
#622000000
0,
b0000011000100101 .
b000001100010011 0
#622250000
1,
b0000011000100110 .
b000001100010011 /
#622500000
0,
b0000011000100111 .
b000001100010100 0
#622750000
1,
b0000011000101000 .
b000001100010100 /
#623000000
0,
b0000011000101001 .
b000001100010101 0
#623250000
1,
b0000011000101010 .
b000001100010101 /
#623500000
0,
b0000011000101011 .
b000001100010110 0
#623750000
1,
b0000011000101100 .
b000001100010110 /
#624000000
0,
b0000011000101101 .
b000001100010111 0
#624250000
1,
b0000011000101110 .
b000001100010111 /
#624500000
0,
b0000011000101111 .
b000001100011000 0
#624750000
1,
b0000011000110000 .
b000001100011000 /
#625000000
0,
b0000011000110001 .
b000001100011001 0
#625250000
b00001101 (
1)
1,
b0000011000110010 .
b000001100011001 /
#625500000
0,
b0000011000110011 .
b000001100011010 0
#625750000
1,
b0000011000110100 .
b000001100011010 /
#626000000
0,
b0000011000110101 .
b000001100011011 0
#626250000
1,
b0000011000110110 .
b000001100011011 /
#626500000
0,
b0000011000110111 .
b000001100011100 0
#626750000
1,
b0000011000111000 .
b000001100011100 /
#627000000
0,
b0000011000111001 .
b000001100011101 0
#627250000
1,
b0000011000111010 .
b000001100011101 /
#627500000
0,
b0000011000111011 .
b000001100011110 0
#627750000
1,
b0000011000111100 .
b000001100011110 /
#628000000
0,
b0000011000111101 .
b000001100011111 0
#628250000
1,
b0000011000111110 .
b000001100011111 /
#628500000
0,
b0000011000111111 .
b000001100100000 0
#628750000
1,
b0000011001000000 .
b000001100100000 /
#629000000
0,
b0000011001000001 .
b000001100100001 0
#629250000
1,
b0000011001000010 .
b000001100100001 /
#629500000
0,
b0000011001000011 .
b000001100100010 0
#629750000
1,
b0000011001000100 .
b000001100100010 /
#630000000
0,
b0000011001000101 .
b000001100100011 0
#630250000
1,
b0000011001000110 .
b000001100100011 /
#630500000
0,
b0000011001000111 .
b000001100100100 0
#630750000
1,
b0000011001001000 .
b000001100100100 /
#631000000
0,
b0000011001001001 .
b000001100100101 0
#631250000
1,
b0000011001001010 .
b000001100100101 /
#631500000
0,
b0000011001001011 .
b000001100100110 0
#631750000
1,
b0000011001001100 .
b000001100100110 /
#632000000
0,
b0000011001001101 .
b000001100100111 0
#632250000
1,
b0000011001001110 .
b000001100100111 /
#632500000
0,
b0000011001001111 .
b000001100101000 0
#632750000
1,
b0000011001010000 .
b000001100101000 /
#633000000
0,
b0000011001010001 .
b000001100101001 0
#633250000
1,
b0000011001010010 .
b000001100101001 /
#633500000
0,
b0000011001010011 .
b000001100101010 0
#633750000
1,
b0000011001010100 .
b000001100101010 /
#634000000
0,
b0000011001010101 .
b000001100101011 0
#634250000
1,
b0000011001010110 .
b000001100101011 /
#634500000
0,
b0000011001010111 .
b000001100101100 0
#634750000
1,
b0000011001011000 .
b000001100101100 /
#635000000
0,
b0000011001011001 .
b000001100101101 0
#635250000
1,
b0000011001011010 .
b000001100101101 /
#635500000
0,
b0000011001011011 .
b000001100101110 0
#635750000
1,
b0000011001011100 .
b000001100101110 /
#636000000
0,
b0000011001011101 .
b000001100101111 0
#636250000
1,
b0000011001011110 .
b000001100101111 /
#636500000
0,
b0000011001011111 .
b000001100110000 0
#636750000
1,
b0000011001100000 .
b000001100110000 /
#637000000
0,
b0000011001100001 .
b000001100110001 0
#637250000
1,
b0000011001100010 .
b000001100110001 /
#637500000
0,
b0000011001100011 .
b000001100110010 0
#637750000
1,
b0000011001100100 .
b000001100110010 /
#638000000
0,
b0000011001100101 .
b000001100110011 0
#638250000
1,
b0000011001100110 .
b000001100110011 /
#638500000
0,
b0000011001100111 .
b000001100110100 0
#638750000
1,
b0000011001101000 .
b000001100110100 /
#639000000
0,
b0000011001101001 .
b000001100110101 0
#639250000
1,
b0000011001101010 .
b000001100110101 /
#639500000
0,
b0000011001101011 .
b000001100110110 0
#639750000
1,
b0000011001101100 .
b000001100110110 /
#640000000
0,
b0000011001101101 .
b000001100110111 0
#640250000
1,
b0000011001101110 .
b000001100110111 /
#640500000
0)
0,
b0000011001101111 .
b000001100111000 0
#640750000
1,
b0000011001110000 .
b000001100111000 /
#641000000
0,
b0000011001110001 .
b000001100111001 0
#641250000
1,
b0000011001110010 .
b000001100111001 /
#641500000
0,
b0000011001110011 .
b000001100111010 0
#641750000
1,
b0000011001110100 .
b000001100111010 /
#642000000
0,
b0000011001110101 .
b000001100111011 0
#642250000
1,
b0000011001110110 .
b000001100111011 /
#642500000
0,
b0000011001110111 .
b000001100111100 0
#642750000
1,
b0000011001111000 .
b000001100111100 /
#643000000
0,
b0000011001111001 .
b000001100111101 0
#643250000
1,
b0000011001111010 .
b000001100111101 /
#643500000
0,
b0000011001111011 .
b000001100111110 0
#643750000
1,
b0000011001111100 .
b000001100111110 /
#644000000
0,
b0000011001111101 .
b000001100111111 0
#644250000
1,
b0000011001111110 .
b000001100111111 /
#644500000
0,
b0000011001111111 .
b000001101000000 0
#644750000
1,
b0000011010000000 .
b000001101000000 /
#645000000
0,
b0000011010000001 .
b000001101000001 0
#645250000
1,
b0000011010000010 .
b000001101000001 /
#645500000
0,
b0000011010000011 .
b000001101000010 0
#645750000
1,
b0000011010000100 .
b000001101000010 /
#646000000
0,
b0000011010000101 .
b000001101000011 0
#646250000
1,
b0000011010000110 .
b000001101000011 /
#646500000
0,
b0000011010000111 .
b000001101000100 0
#646750000
1,
b0000011010001000 .
b000001101000100 /
#647000000
0,
b0000011010001001 .
b000001101000101 0
#647250000
1,
b0000011010001010 .
b000001101000101 /
#647500000
0,
b0000011010001011 .
b000001101000110 0
#647750000
1,
b0000011010001100 .
b000001101000110 /
#648000000
0,
b0000011010001101 .
b000001101000111 0
#648250000
1,
b0000011010001110 .
b000001101000111 /
#648500000
0,
b0000011010001111 .
b000001101001000 0
#648750000
1,
b0000011010010000 .
b000001101001000 /
#649000000
0,
b0000011010010001 .
b000001101001001 0
#649250000
1,
b0000011010010010 .
b000001101001001 /
#649500000
0,
b0000011010010011 .
b000001101001010 0
#649750000
1,
b0000011010010100 .
b000001101001010 /
#650000000
0,
b0000011010010101 .
b000001101001011 0
#650250000
1,
b0000011010010110 .
b000001101001011 /
#650500000
0,
b0000011010010111 .
b000001101001100 0
#650750000
1,
b0000011010011000 .
b000001101001100 /
#651000000
0,
b0000011010011001 .
b000001101001101 0
#651250000
1,
b0000011010011010 .
b000001101001101 /
#651500000
0,
b0000011010011011 .
b000001101001110 0
#651750000
1,
b0000011010011100 .
b000001101001110 /
#652000000
0,
b0000011010011101 .
b000001101001111 0
#652250000
1,
b0000011010011110 .
b000001101001111 /
#652500000
0,
b0000011010011111 .
b000001101010000 0
#652750000
1,
b0000011010100000 .
b000001101010000 /
#653000000
0,
b0000011010100001 .
b000001101010001 0
#653250000
1,
b0000011010100010 .
b000001101010001 /
#653500000
0,
b0000011010100011 .
b000001101010010 0
#653750000
1,
b0000011010100100 .
b000001101010010 /
#654000000
0,
b0000011010100101 .
b000001101010011 0
#654250000
1,
b0000011010100110 .
b000001101010011 /
#654500000
0,
b0000011010100111 .
b000001101010100 0
#654750000
1,
b0000011010101000 .
b000001101010100 /
#655000000
0,
b0000011010101001 .
b000001101010101 0
#655250000
1,
b0000011010101010 .
b000001101010101 /
#655500000
0,
b0000011010101011 .
b000001101010110 0
#655750000
b00001110 (
1)
1,
b0000011010101100 .
b000001101010110 /
#656000000
0,
b0000011010101101 .
b000001101010111 0
#656250000
1,
b0000011010101110 .
b000001101010111 /
#656500000
0,
b0000011010101111 .
b000001101011000 0
#656750000
1,
b0000011010110000 .
b000001101011000 /
#657000000
0,
b0000011010110001 .
b000001101011001 0
#657250000
1,
b0000011010110010 .
b000001101011001 /
#657500000
0,
b0000011010110011 .
b000001101011010 0
#657750000
1,
b0000011010110100 .
b000001101011010 /
#658000000
0,
b0000011010110101 .
b000001101011011 0
#658250000
1,
b0000011010110110 .
b000001101011011 /
#658500000
0,
b0000011010110111 .
b000001101011100 0
#658750000
1,
b0000011010111000 .
b000001101011100 /
#659000000
0,
b0000011010111001 .
b000001101011101 0
#659250000
1,
b0000011010111010 .
b000001101011101 /
#659500000
0,
b0000011010111011 .
b000001101011110 0
#659750000
1,
b0000011010111100 .
b000001101011110 /
#660000000
0,
b0000011010111101 .
b000001101011111 0
#660250000
1,
b0000011010111110 .
b000001101011111 /
#660500000
0,
b0000011010111111 .
b000001101100000 0
#660750000
1,
b0000011011000000 .
b000001101100000 /
#661000000
0,
b0000011011000001 .
b000001101100001 0
#661250000
1,
b0000011011000010 .
b000001101100001 /
#661500000
0,
b0000011011000011 .
b000001101100010 0
#661750000
1,
b0000011011000100 .
b000001101100010 /
#662000000
0,
b0000011011000101 .
b000001101100011 0
#662250000
1,
b0000011011000110 .
b000001101100011 /
#662500000
0,
b0000011011000111 .
b000001101100100 0
#662750000
1,
b0000011011001000 .
b000001101100100 /
#663000000
0,
b0000011011001001 .
b000001101100101 0
#663250000
1,
b0000011011001010 .
b000001101100101 /
#663500000
0,
b0000011011001011 .
b000001101100110 0
#663750000
1,
b0000011011001100 .
b000001101100110 /
#664000000
0,
b0000011011001101 .
b000001101100111 0
#664250000
1,
b0000011011001110 .
b000001101100111 /
#664500000
0,
b0000011011001111 .
b000001101101000 0
#664750000
1,
b0000011011010000 .
b000001101101000 /
#665000000
0,
b0000011011010001 .
b000001101101001 0
#665250000
1,
b0000011011010010 .
b000001101101001 /
#665500000
0,
b0000011011010011 .
b000001101101010 0
#665750000
1,
b0000011011010100 .
b000001101101010 /
#666000000
0,
b0000011011010101 .
b000001101101011 0
#666250000
1,
b0000011011010110 .
b000001101101011 /
#666500000
0,
b0000011011010111 .
b000001101101100 0
#666750000
1,
b0000011011011000 .
b000001101101100 /
#667000000
0,
b0000011011011001 .
b000001101101101 0
#667250000
1,
b0000011011011010 .
b000001101101101 /
#667500000
0,
b0000011011011011 .
b000001101101110 0
#667750000
1,
b0000011011011100 .
b000001101101110 /
#668000000
0,
b0000011011011101 .
b000001101101111 0
#668250000
1,
b0000011011011110 .
b000001101101111 /
#668500000
0,
b0000011011011111 .
b000001101110000 0
#668750000
1,
b0000011011100000 .
b000001101110000 /
#669000000
0,
b0000011011100001 .
b000001101110001 0
#669250000
1,
b0000011011100010 .
b000001101110001 /
#669500000
0,
b0000011011100011 .
b000001101110010 0
#669750000
1,
b0000011011100100 .
b000001101110010 /
#670000000
0,
b0000011011100101 .
b000001101110011 0
#670250000
1,
b0000011011100110 .
b000001101110011 /
#670500000
0,
b0000011011100111 .
b000001101110100 0
#670750000
1,
b0000011011101000 .
b000001101110100 /
#671000000
0)
0,
b0000011011101001 .
b000001101110101 0
#671250000
1,
b0000011011101010 .
b000001101110101 /
#671500000
0,
b0000011011101011 .
b000001101110110 0
#671750000
1,
b0000011011101100 .
b000001101110110 /
#672000000
0,
b0000011011101101 .
b000001101110111 0
#672250000
1,
b0000011011101110 .
b000001101110111 /
#672500000
0,
b0000011011101111 .
b000001101111000 0
#672750000
1,
b0000011011110000 .
b000001101111000 /
#673000000
0,
b0000011011110001 .
b000001101111001 0
#673250000
1,
b0000011011110010 .
b000001101111001 /
#673500000
0,
b0000011011110011 .
b000001101111010 0
#673750000
1,
b0000011011110100 .
b000001101111010 /
#674000000
0,
b0000011011110101 .
b000001101111011 0
#674250000
1,
b0000011011110110 .
b000001101111011 /
#674500000
0,
b0000011011110111 .
b000001101111100 0
#674750000
1,
b0000011011111000 .
b000001101111100 /
#675000000
0,
b0000011011111001 .
b000001101111101 0
#675250000
1,
b0000011011111010 .
b000001101111101 /
#675500000
0,
b0000011011111011 .
b000001101111110 0
#675750000
1,
b0000011011111100 .
b000001101111110 /
#676000000
0,
b0000011011111101 .
b000001101111111 0
#676250000
1,
b0000011011111110 .
b000001101111111 /
#676500000
0,
b0000011011111111 .
b000001110000000 0
#676750000
1,
b0000011100000000 .
b000001110000000 /
#677000000
0,
b0000011100000001 .
b000001110000001 0
#677250000
1,
b0000011100000010 .
b000001110000001 /
#677500000
0,
b0000011100000011 .
b000001110000010 0
#677750000
1,
b0000011100000100 .
b000001110000010 /
#678000000
0,
b0000011100000101 .
b000001110000011 0
#678250000
1,
b0000011100000110 .
b000001110000011 /
#678500000
0,
b0000011100000111 .
b000001110000100 0
#678750000
1,
b0000011100001000 .
b000001110000100 /
#679000000
0,
b0000011100001001 .
b000001110000101 0
#679250000
1,
b0000011100001010 .
b000001110000101 /
#679500000
0,
b0000011100001011 .
b000001110000110 0
#679750000
1,
b0000011100001100 .
b000001110000110 /
#680000000
0,
b0000011100001101 .
b000001110000111 0
#680250000
1,
b0000011100001110 .
b000001110000111 /
#680500000
0,
b0000011100001111 .
b000001110001000 0
#680750000
1,
b0000011100010000 .
b000001110001000 /
#681000000
0,
b0000011100010001 .
b000001110001001 0
#681250000
1,
b0000011100010010 .
b000001110001001 /
#681500000
0,
b0000011100010011 .
b000001110001010 0
#681750000
1,
b0000011100010100 .
b000001110001010 /
#682000000
0,
b0000011100010101 .
b000001110001011 0
#682250000
1,
b0000011100010110 .
b000001110001011 /
#682500000
0,
b0000011100010111 .
b000001110001100 0
#682750000
1,
b0000011100011000 .
b000001110001100 /
#683000000
0,
b0000011100011001 .
b000001110001101 0
#683250000
1,
b0000011100011010 .
b000001110001101 /
#683500000
0,
b0000011100011011 .
b000001110001110 0
#683750000
1,
b0000011100011100 .
b000001110001110 /
#684000000
0,
b0000011100011101 .
b000001110001111 0
#684250000
1,
b0000011100011110 .
b000001110001111 /
#684500000
0,
b0000011100011111 .
b000001110010000 0
#684750000
1,
b0000011100100000 .
b000001110010000 /
#685000000
0,
b0000011100100001 .
b000001110010001 0
#685250000
1,
b0000011100100010 .
b000001110010001 /
#685500000
0,
b0000011100100011 .
b000001110010010 0
#685750000
1,
b0000011100100100 .
b000001110010010 /
#686000000
0,
b0000011100100101 .
b000001110010011 0
#686250000
b00001111 (
1)
1,
b0000011100100110 .
b000001110010011 /
#686500000
0,
b0000011100100111 .
b000001110010100 0
#686750000
1,
b0000011100101000 .
b000001110010100 /
#687000000
0,
b0000011100101001 .
b000001110010101 0
#687250000
1,
b0000011100101010 .
b000001110010101 /
#687500000
0,
b0000011100101011 .
b000001110010110 0
#687750000
1,
b0000011100101100 .
b000001110010110 /
#688000000
0,
b0000011100101101 .
b000001110010111 0
#688250000
1,
b0000011100101110 .
b000001110010111 /
#688500000
0,
b0000011100101111 .
b000001110011000 0
#688750000
1,
b0000011100110000 .
b000001110011000 /
#689000000
0,
b0000011100110001 .
b000001110011001 0
#689250000
1,
b0000011100110010 .
b000001110011001 /
#689500000
0,
b0000011100110011 .
b000001110011010 0
#689750000
1,
b0000011100110100 .
b000001110011010 /
#690000000
0,
b0000011100110101 .
b000001110011011 0
#690250000
1,
b0000011100110110 .
b000001110011011 /
#690500000
0,
b0000011100110111 .
b000001110011100 0
#690750000
1,
b0000011100111000 .
b000001110011100 /
#691000000
0,
b0000011100111001 .
b000001110011101 0
#691250000
1,
b0000011100111010 .
b000001110011101 /
#691500000
0,
b0000011100111011 .
b000001110011110 0
#691750000
1,
b0000011100111100 .
b000001110011110 /
#692000000
0,
b0000011100111101 .
b000001110011111 0
#692250000
1,
b0000011100111110 .
b000001110011111 /
#692500000
0,
b0000011100111111 .
b000001110100000 0
#692750000
1,
b0000011101000000 .
b000001110100000 /
#693000000
0,
b0000011101000001 .
b000001110100001 0
#693250000
1,
b0000011101000010 .
b000001110100001 /
#693500000
0,
b0000011101000011 .
b000001110100010 0
#693750000
1,
b0000011101000100 .
b000001110100010 /
#694000000
0,
b0000011101000101 .
b000001110100011 0
#694250000
1,
b0000011101000110 .
b000001110100011 /
#694500000
0,
b0000011101000111 .
b000001110100100 0
#694750000
1,
b0000011101001000 .
b000001110100100 /
#695000000
0,
b0000011101001001 .
b000001110100101 0
#695250000
1,
b0000011101001010 .
b000001110100101 /
#695500000
0,
b0000011101001011 .
b000001110100110 0
#695750000
1,
b0000011101001100 .
b000001110100110 /
#696000000
0,
b0000011101001101 .
b000001110100111 0
#696250000
1,
b0000011101001110 .
b000001110100111 /
#696500000
0,
b0000011101001111 .
b000001110101000 0
#696750000
1,
b0000011101010000 .
b000001110101000 /
#697000000
0,
b0000011101010001 .
b000001110101001 0
#697250000
1,
b0000011101010010 .
b000001110101001 /
#697500000
0,
b0000011101010011 .
b000001110101010 0
#697750000
1,
b0000011101010100 .
b000001110101010 /
#698000000
0,
b0000011101010101 .
b000001110101011 0
#698250000
1,
b0000011101010110 .
b000001110101011 /
#698500000
0,
b0000011101010111 .
b000001110101100 0
#698750000
1,
b0000011101011000 .
b000001110101100 /
#699000000
0,
b0000011101011001 .
b000001110101101 0
#699250000
1,
b0000011101011010 .
b000001110101101 /
#699500000
0,
b0000011101011011 .
b000001110101110 0
#699750000
1,
b0000011101011100 .
b000001110101110 /
#700000000
0,
b0000011101011101 .
b000001110101111 0
#700250000
1,
b0000011101011110 .
b000001110101111 /
#700500000
0,
b0000011101011111 .
b000001110110000 0
#700750000
1,
b0000011101100000 .
b000001110110000 /
#701000000
0,
b0000011101100001 .
b000001110110001 0
#701250000
1,
b0000011101100010 .
b000001110110001 /
#701500000
0)
0,
b0000011101100011 .
b000001110110010 0
#701750000
1,
b0000011101100100 .
b000001110110010 /
#702000000
0,
b0000011101100101 .
b000001110110011 0
#702250000
1,
b0000011101100110 .
b000001110110011 /
#702500000
0,
b0000011101100111 .
b000001110110100 0
#702750000
1,
b0000011101101000 .
b000001110110100 /
#703000000
0,
b0000011101101001 .
b000001110110101 0
#703250000
1,
b0000011101101010 .
b000001110110101 /
#703500000
0,
b0000011101101011 .
b000001110110110 0
#703750000
1,
b0000011101101100 .
b000001110110110 /
#704000000
0,
b0000011101101101 .
b000001110110111 0
#704250000
1,
b0000011101101110 .
b000001110110111 /
#704500000
0,
b0000011101101111 .
b000001110111000 0
#704750000
1,
b0000011101110000 .
b000001110111000 /
#705000000
0,
b0000011101110001 .
b000001110111001 0
#705250000
1,
b0000011101110010 .
b000001110111001 /
#705500000
0,
b0000011101110011 .
b000001110111010 0
#705750000
1,
b0000011101110100 .
b000001110111010 /
#706000000
0,
b0000011101110101 .
b000001110111011 0
#706250000
1,
b0000011101110110 .
b000001110111011 /
#706500000
0,
b0000011101110111 .
b000001110111100 0
#706750000
1,
b0000011101111000 .
b000001110111100 /
#707000000
0,
b0000011101111001 .
b000001110111101 0
#707250000
1,
b0000011101111010 .
b000001110111101 /
#707500000
0,
b0000011101111011 .
b000001110111110 0
#707750000
1,
b0000011101111100 .
b000001110111110 /
#708000000
0,
b0000011101111101 .
b000001110111111 0
#708250000
1,
b0000011101111110 .
b000001110111111 /
#708500000
0,
b0000011101111111 .
b000001111000000 0
#708750000
1,
b0000011110000000 .
b000001111000000 /
#709000000
0,
b0000011110000001 .
b000001111000001 0
#709250000
1,
b0000011110000010 .
b000001111000001 /
#709500000
0,
b0000011110000011 .
b000001111000010 0
#709750000
1,
b0000011110000100 .
b000001111000010 /
#710000000
0,
b0000011110000101 .
b000001111000011 0
#710250000
1,
b0000011110000110 .
b000001111000011 /
#710500000
0,
b0000011110000111 .
b000001111000100 0
#710750000
1,
b0000011110001000 .
b000001111000100 /
#711000000
0,
b0000011110001001 .
b000001111000101 0
#711250000
1,
b0000011110001010 .
b000001111000101 /
#711500000
0,
b0000011110001011 .
b000001111000110 0
#711750000
1,
b0000011110001100 .
b000001111000110 /
#712000000
0,
b0000011110001101 .
b000001111000111 0
#712250000
1,
b0000011110001110 .
b000001111000111 /
#712500000
0,
b0000011110001111 .
b000001111001000 0
#712750000
1,
b0000011110010000 .
b000001111001000 /
#713000000
0,
b0000011110010001 .
b000001111001001 0
#713250000
1,
b0000011110010010 .
b000001111001001 /
#713500000
0,
b0000011110010011 .
b000001111001010 0
#713750000
1,
b0000011110010100 .
b000001111001010 /
#714000000
0,
b0000011110010101 .
b000001111001011 0
#714250000
1,
b0000011110010110 .
b000001111001011 /
#714500000
0,
b0000011110010111 .
b000001111001100 0
#714750000
1,
b0000011110011000 .
b000001111001100 /
#715000000
0,
b0000011110011001 .
b000001111001101 0
#715250000
1,
b0000011110011010 .
b000001111001101 /
#715500000
0,
b0000011110011011 .
b000001111001110 0
#715750000
1,
b0000011110011100 .
b000001111001110 /
#716000000
0,
b0000011110011101 .
b000001111001111 0
#716250000
1,
b0000011110011110 .
b000001111001111 /
#716500000
0,
b0000011110011111 .
b000001111010000 0
#716750000
b00010000 (
1)
1,
b0000011110100000 .
b000001111010000 /
#717000000
0,
b0000011110100001 .
b000001111010001 0
#717250000
1,
b0000011110100010 .
b000001111010001 /
#717500000
0,
b0000011110100011 .
b000001111010010 0
#717750000
1,
b0000011110100100 .
b000001111010010 /
#718000000
0,
b0000011110100101 .
b000001111010011 0
#718250000
1,
b0000011110100110 .
b000001111010011 /
#718500000
0,
b0000011110100111 .
b000001111010100 0
#718750000
1,
b0000011110101000 .
b000001111010100 /
#719000000
0,
b0000011110101001 .
b000001111010101 0
#719250000
1,
b0000011110101010 .
b000001111010101 /
#719500000
0,
b0000011110101011 .
b000001111010110 0
#719750000
1,
b0000011110101100 .
b000001111010110 /
#720000000
0,
b0000011110101101 .
b000001111010111 0
#720250000
1,
b0000011110101110 .
b000001111010111 /
#720500000
0,
b0000011110101111 .
b000001111011000 0
#720750000
1,
b0000011110110000 .
b000001111011000 /
#721000000
0,
b0000011110110001 .
b000001111011001 0
#721250000
1,
b0000011110110010 .
b000001111011001 /
#721500000
0,
b0000011110110011 .
b000001111011010 0
#721750000
1,
b0000011110110100 .
b000001111011010 /
#722000000
0,
b0000011110110101 .
b000001111011011 0
#722250000
1,
b0000011110110110 .
b000001111011011 /
#722500000
0,
b0000011110110111 .
b000001111011100 0
#722750000
1,
b0000011110111000 .
b000001111011100 /
#723000000
0,
b0000011110111001 .
b000001111011101 0
#723250000
1,
b0000011110111010 .
b000001111011101 /
#723500000
0,
b0000011110111011 .
b000001111011110 0
#723750000
1,
b0000011110111100 .
b000001111011110 /
#724000000
0,
b0000011110111101 .
b000001111011111 0
#724250000
1,
b0000011110111110 .
b000001111011111 /
#724500000
0,
b0000011110111111 .
b000001111100000 0
#724750000
1,
b0000011111000000 .
b000001111100000 /
#725000000
0,
b0000011111000001 .
b000001111100001 0
#725250000
1,
b0000011111000010 .
b000001111100001 /
#725500000
0,
b0000011111000011 .
b000001111100010 0
#725750000
1,
b0000011111000100 .
b000001111100010 /
#726000000
0,
b0000011111000101 .
b000001111100011 0
#726250000
1,
b0000011111000110 .
b000001111100011 /
#726500000
0,
b0000011111000111 .
b000001111100100 0
#726750000
1,
b0000011111001000 .
b000001111100100 /
#727000000
0,
b0000011111001001 .
b000001111100101 0
#727250000
1,
b0000011111001010 .
b000001111100101 /
#727500000
0,
b0000011111001011 .
b000001111100110 0
#727750000
1,
b0000011111001100 .
b000001111100110 /
#728000000
0,
b0000011111001101 .
b000001111100111 0
#728250000
1,
b0000011111001110 .
b000001111100111 /
#728500000
0,
b0000011111001111 .
b000001111101000 0
#728750000
1,
b0000011111010000 .
b000001111101000 /
#729000000
0,
b0000011111010001 .
b000001111101001 0
#729250000
1,
b0000011111010010 .
b000001111101001 /
#729500000
0,
b0000011111010011 .
b000001111101010 0
#729750000
1,
b0000011111010100 .
b000001111101010 /
#730000000
0,
b0000011111010101 .
b000001111101011 0
#730250000
1,
b0000011111010110 .
b000001111101011 /
#730500000
0,
b0000011111010111 .
b000001111101100 0
#730750000
1,
b0000011111011000 .
b000001111101100 /
#731000000
0,
b0000011111011001 .
b000001111101101 0
#731250000
1,
b0000011111011010 .
b000001111101101 /
#731500000
0,
b0000011111011011 .
b000001111101110 0
#731750000
1,
b0000011111011100 .
b000001111101110 /
#732000000
0)
0,
b0000011111011101 .
b000001111101111 0
#732250000
1,
b0000011111011110 .
b000001111101111 /
#732500000
0,
b0000011111011111 .
b000001111110000 0
#732750000
1,
b0000011111100000 .
b000001111110000 /
#733000000
0,
b0000011111100001 .
b000001111110001 0
#733250000
1,
b0000011111100010 .
b000001111110001 /
#733500000
0,
b0000011111100011 .
b000001111110010 0
#733750000
1,
b0000011111100100 .
b000001111110010 /
#734000000
0,
b0000011111100101 .
b000001111110011 0
#734250000
1,
b0000011111100110 .
b000001111110011 /
#734500000
0,
b0000011111100111 .
b000001111110100 0
#734750000
1,
b0000011111101000 .
b000001111110100 /
#735000000
0,
b0000011111101001 .
b000001111110101 0
#735250000
1,
b0000011111101010 .
b000001111110101 /
#735500000
0,
b0000011111101011 .
b000001111110110 0
#735750000
1,
b0000011111101100 .
b000001111110110 /
#736000000
0,
b0000011111101101 .
b000001111110111 0
#736250000
1,
b0000011111101110 .
b000001111110111 /
#736500000
0,
b0000011111101111 .
b000001111111000 0
#736750000
1,
b0000011111110000 .
b000001111111000 /
#737000000
0,
b0000011111110001 .
b000001111111001 0
#737250000
1,
b0000011111110010 .
b000001111111001 /
#737500000
0,
b0000011111110011 .
b000001111111010 0
#737750000
1,
b0000011111110100 .
b000001111111010 /
#738000000
0,
b0000011111110101 .
b000001111111011 0
#738250000
1,
b0000011111110110 .
b000001111111011 /
#738500000
0,
b0000011111110111 .
b000001111111100 0
#738750000
1,
b0000011111111000 .
b000001111111100 /
#739000000
0,
b0000011111111001 .
b000001111111101 0
#739250000
1,
b0000011111111010 .
b000001111111101 /
#739500000
0,
b0000011111111011 .
b000001111111110 0
#739750000
1,
b0000011111111100 .
b000001111111110 /
#740000000
0,
b0000011111111101 .
b000001111111111 0
#740250000
1,
b0000011111111110 .
b000001111111111 /
#740500000
0,
b0000011111111111 .
b000010000000000 0
#740750000
1,
b0000100000000000 .
b000010000000000 /
#741000000
0,
b0000100000000001 .
b000010000000001 0
#741250000
1,
b0000100000000010 .
b000010000000001 /
#741500000
0,
b0000100000000011 .
b000010000000010 0
#741750000
1,
b0000100000000100 .
b000010000000010 /
#742000000
0,
b0000100000000101 .
b000010000000011 0
#742250000
1,
b0000100000000110 .
b000010000000011 /
#742500000
0,
b0000100000000111 .
b000010000000100 0
#742750000
1,
b0000100000001000 .
b000010000000100 /
#743000000
0,
b0000100000001001 .
b000010000000101 0
#743250000
1,
b0000100000001010 .
b000010000000101 /
#743500000
0,
b0000100000001011 .
b000010000000110 0
#743750000
1,
b0000100000001100 .
b000010000000110 /
#744000000
0,
b0000100000001101 .
b000010000000111 0
#744250000
1,
b0000100000001110 .
b000010000000111 /
#744500000
0,
b0000100000001111 .
b000010000001000 0
#744750000
1,
b0000100000010000 .
b000010000001000 /
#745000000
0,
b0000100000010001 .
b000010000001001 0
#745250000
1,
b0000100000010010 .
b000010000001001 /
#745500000
0,
b0000100000010011 .
b000010000001010 0
#745750000
1,
b0000100000010100 .
b000010000001010 /
#746000000
0,
b0000100000010101 .
b000010000001011 0
#746250000
1,
b0000100000010110 .
b000010000001011 /
#746500000
0,
b0000100000010111 .
b000010000001100 0
#746750000
1,
b0000100000011000 .
b000010000001100 /
#747000000
0,
b0000100000011001 .
b000010000001101 0
#747250000
b00010001 (
1)
1,
b0000100000011010 .
b000010000001101 /
#747500000
0,
b0000100000011011 .
b000010000001110 0
#747750000
1,
b0000100000011100 .
b000010000001110 /
#748000000
0,
b0000100000011101 .
b000010000001111 0
#748250000
1,
b0000100000011110 .
b000010000001111 /
#748500000
0,
b0000100000011111 .
b000010000010000 0
#748750000
1,
b0000100000100000 .
b000010000010000 /
#749000000
0,
b0000100000100001 .
b000010000010001 0
#749250000
1,
b0000100000100010 .
b000010000010001 /
#749500000
0,
b0000100000100011 .
b000010000010010 0
#749750000
1,
b0000100000100100 .
b000010000010010 /
#750000000
0,
b0000100000100101 .
b000010000010011 0
#750250000
1,
b0000100000100110 .
b000010000010011 /
#750500000
0,
b0000100000100111 .
b000010000010100 0
#750750000
1,
b0000100000101000 .
b000010000010100 /
#751000000
0,
b0000100000101001 .
b000010000010101 0
#751250000
1,
b0000100000101010 .
b000010000010101 /
#751500000
0,
b0000100000101011 .
b000010000010110 0
#751750000
1,
b0000100000101100 .
b000010000010110 /
#752000000
0,
b0000100000101101 .
b000010000010111 0
#752250000
1,
b0000100000101110 .
b000010000010111 /
#752500000
0,
b0000100000101111 .
b000010000011000 0
#752750000
1,
b0000100000110000 .
b000010000011000 /
#753000000
0,
b0000100000110001 .
b000010000011001 0
#753250000
1,
b0000100000110010 .
b000010000011001 /
#753500000
0,
b0000100000110011 .
b000010000011010 0
#753750000
1,
b0000100000110100 .
b000010000011010 /
#754000000
0,
b0000100000110101 .
b000010000011011 0
#754250000
1,
b0000100000110110 .
b000010000011011 /
#754500000
0,
b0000100000110111 .
b000010000011100 0
#754750000
1,
b0000100000111000 .
b000010000011100 /
#755000000
0,
b0000100000111001 .
b000010000011101 0
#755250000
1,
b0000100000111010 .
b000010000011101 /
#755500000
0,
b0000100000111011 .
b000010000011110 0
#755750000
1,
b0000100000111100 .
b000010000011110 /
#756000000
0,
b0000100000111101 .
b000010000011111 0
#756250000
1,
b0000100000111110 .
b000010000011111 /
#756500000
0,
b0000100000111111 .
b000010000100000 0
#756750000
1,
b0000100001000000 .
b000010000100000 /
#757000000
0,
b0000100001000001 .
b000010000100001 0
#757250000
1,
b0000100001000010 .
b000010000100001 /
#757500000
0,
b0000100001000011 .
b000010000100010 0
#757750000
1,
b0000100001000100 .
b000010000100010 /
#758000000
0,
b0000100001000101 .
b000010000100011 0
#758250000
1,
b0000100001000110 .
b000010000100011 /
#758500000
0,
b0000100001000111 .
b000010000100100 0
#758750000
1,
b0000100001001000 .
b000010000100100 /
#759000000
0,
b0000100001001001 .
b000010000100101 0
#759250000
1,
b0000100001001010 .
b000010000100101 /
#759500000
0,
b0000100001001011 .
b000010000100110 0
#759750000
1,
b0000100001001100 .
b000010000100110 /
#760000000
0,
b0000100001001101 .
b000010000100111 0
#760250000
1,
b0000100001001110 .
b000010000100111 /
#760500000
0,
b0000100001001111 .
b000010000101000 0
#760750000
1,
b0000100001010000 .
b000010000101000 /
#761000000
0,
b0000100001010001 .
b000010000101001 0
#761250000
1,
b0000100001010010 .
b000010000101001 /
#761500000
0,
b0000100001010011 .
b000010000101010 0
#761750000
1,
b0000100001010100 .
b000010000101010 /
#762000000
0,
b0000100001010101 .
b000010000101011 0
#762250000
1,
b0000100001010110 .
b000010000101011 /
#762500000
0)
0,
b0000100001010111 .
b000010000101100 0
#762750000
1,
b0000100001011000 .
b000010000101100 /
#763000000
0,
b0000100001011001 .
b000010000101101 0
#763250000
1,
b0000100001011010 .
b000010000101101 /
#763500000
0,
b0000100001011011 .
b000010000101110 0
#763750000
1,
b0000100001011100 .
b000010000101110 /
#764000000
0,
b0000100001011101 .
b000010000101111 0
#764250000
1,
b0000100001011110 .
b000010000101111 /
#764500000
0,
b0000100001011111 .
b000010000110000 0
#764750000
1,
b0000100001100000 .
b000010000110000 /
#765000000
0,
b0000100001100001 .
b000010000110001 0
#765250000
1,
b0000100001100010 .
b000010000110001 /
#765500000
0,
b0000100001100011 .
b000010000110010 0
#765750000
1,
b0000100001100100 .
b000010000110010 /
#766000000
0,
b0000100001100101 .
b000010000110011 0
#766250000
1,
b0000100001100110 .
b000010000110011 /
#766500000
0,
b0000100001100111 .
b000010000110100 0
#766750000
1,
b0000100001101000 .
b000010000110100 /
#767000000
0,
b0000100001101001 .
b000010000110101 0
#767250000
1,
b0000100001101010 .
b000010000110101 /
#767500000
0,
b0000100001101011 .
b000010000110110 0
#767750000
1,
b0000100001101100 .
b000010000110110 /
#768000000
0,
b0000100001101101 .
b000010000110111 0
#768250000
1,
b0000100001101110 .
b000010000110111 /
#768500000
0,
b0000100001101111 .
b000010000111000 0
#768750000
1,
b0000100001110000 .
b000010000111000 /
#769000000
0,
b0000100001110001 .
b000010000111001 0
#769250000
1,
b0000100001110010 .
b000010000111001 /
#769500000
0,
b0000100001110011 .
b000010000111010 0
#769750000
1,
b0000100001110100 .
b000010000111010 /
#770000000
0,
b0000100001110101 .
b000010000111011 0
#770250000
1,
b0000100001110110 .
b000010000111011 /
#770500000
0,
b0000100001110111 .
b000010000111100 0
#770750000
1,
b0000100001111000 .
b000010000111100 /
#771000000
0,
b0000100001111001 .
b000010000111101 0
#771250000
1,
b0000100001111010 .
b000010000111101 /
#771500000
0,
b0000100001111011 .
b000010000111110 0
#771750000
1,
b0000100001111100 .
b000010000111110 /
#772000000
0,
b0000100001111101 .
b000010000111111 0
#772250000
1,
b0000100001111110 .
b000010000111111 /
#772500000
0,
b0000100001111111 .
b000010001000000 0
#772750000
1,
b0000100010000000 .
b000010001000000 /
#773000000
0,
b0000100010000001 .
b000010001000001 0
#773250000
1,
b0000100010000010 .
b000010001000001 /
#773500000
0,
b0000100010000011 .
b000010001000010 0
#773750000
1,
b0000100010000100 .
b000010001000010 /
#774000000
0,
b0000100010000101 .
b000010001000011 0
#774250000
1,
b0000100010000110 .
b000010001000011 /
#774500000
0,
b0000100010000111 .
b000010001000100 0
#774750000
1,
b0000100010001000 .
b000010001000100 /
#775000000
0,
b0000100010001001 .
b000010001000101 0
#775250000
1,
b0000100010001010 .
b000010001000101 /
#775500000
0,
b0000100010001011 .
b000010001000110 0
#775750000
1,
b0000100010001100 .
b000010001000110 /
#776000000
0,
b0000100010001101 .
b000010001000111 0
#776250000
1,
b0000100010001110 .
b000010001000111 /
#776500000
0,
b0000100010001111 .
b000010001001000 0
#776750000
1,
b0000100010010000 .
b000010001001000 /
#777000000
0,
b0000100010010001 .
b000010001001001 0
#777250000
1,
b0000100010010010 .
b000010001001001 /
#777500000
0,
b0000100010010011 .
b000010001001010 0
#777750000
b00010010 (
1)
1,
b0000100010010100 .
b000010001001010 /
#778000000
0,
b0000100010010101 .
b000010001001011 0
#778250000
1,
b0000100010010110 .
b000010001001011 /
#778500000
0,
b0000100010010111 .
b000010001001100 0
#778750000
1,
b0000100010011000 .
b000010001001100 /
#779000000
0,
b0000100010011001 .
b000010001001101 0
#779250000
1,
b0000100010011010 .
b000010001001101 /
#779500000
0,
b0000100010011011 .
b000010001001110 0
#779750000
1,
b0000100010011100 .
b000010001001110 /
#780000000
0,
b0000100010011101 .
b000010001001111 0
#780250000
1,
b0000100010011110 .
b000010001001111 /
#780500000
0,
b0000100010011111 .
b000010001010000 0
#780750000
1,
b0000100010100000 .
b000010001010000 /
#781000000
0,
b0000100010100001 .
b000010001010001 0
#781250000
1,
b0000100010100010 .
b000010001010001 /
#781500000
0,
b0000100010100011 .
b000010001010010 0
#781750000
1,
b0000100010100100 .
b000010001010010 /
#782000000
0,
b0000100010100101 .
b000010001010011 0
#782250000
1,
b0000100010100110 .
b000010001010011 /
#782500000
0,
b0000100010100111 .
b000010001010100 0
#782750000
1,
b0000100010101000 .
b000010001010100 /
#783000000
0,
b0000100010101001 .
b000010001010101 0
#783250000
1,
b0000100010101010 .
b000010001010101 /
#783500000
0,
b0000100010101011 .
b000010001010110 0
#783750000
1,
b0000100010101100 .
b000010001010110 /
#784000000
0,
b0000100010101101 .
b000010001010111 0
#784250000
1,
b0000100010101110 .
b000010001010111 /
#784500000
0,
b0000100010101111 .
b000010001011000 0
#784750000
1,
b0000100010110000 .
b000010001011000 /
#785000000
0,
b0000100010110001 .
b000010001011001 0
#785250000
1,
b0000100010110010 .
b000010001011001 /
#785500000
0,
b0000100010110011 .
b000010001011010 0
#785750000
1,
b0000100010110100 .
b000010001011010 /
#786000000
0,
b0000100010110101 .
b000010001011011 0
#786250000
1,
b0000100010110110 .
b000010001011011 /
#786500000
0,
b0000100010110111 .
b000010001011100 0
#786750000
1,
b0000100010111000 .
b000010001011100 /
#787000000
0,
b0000100010111001 .
b000010001011101 0
#787250000
1,
b0000100010111010 .
b000010001011101 /
#787500000
0,
b0000100010111011 .
b000010001011110 0
#787750000
1,
b0000100010111100 .
b000010001011110 /
#788000000
0,
b0000100010111101 .
b000010001011111 0
#788250000
1,
b0000100010111110 .
b000010001011111 /
#788500000
0,
b0000100010111111 .
b000010001100000 0
#788750000
1,
b0000100011000000 .
b000010001100000 /
#789000000
0,
b0000100011000001 .
b000010001100001 0
#789250000
1,
b0000100011000010 .
b000010001100001 /
#789500000
0,
b0000100011000011 .
b000010001100010 0
#789750000
1,
b0000100011000100 .
b000010001100010 /
#790000000
0,
b0000100011000101 .
b000010001100011 0
#790250000
1,
b0000100011000110 .
b000010001100011 /
#790500000
0,
b0000100011000111 .
b000010001100100 0
#790750000
1,
b0000100011001000 .
b000010001100100 /
#791000000
0,
b0000100011001001 .
b000010001100101 0
#791250000
1,
b0000100011001010 .
b000010001100101 /
#791500000
0,
b0000100011001011 .
b000010001100110 0
#791750000
1,
b0000100011001100 .
b000010001100110 /
#792000000
0,
b0000100011001101 .
b000010001100111 0
#792250000
1,
b0000100011001110 .
b000010001100111 /
#792500000
0,
b0000100011001111 .
b000010001101000 0
#792750000
1,
b0000100011010000 .
b000010001101000 /
#793000000
0)
0,
b0000100011010001 .
b000010001101001 0
#793250000
1,
b0000100011010010 .
b000010001101001 /
#793500000
0,
b0000100011010011 .
b000010001101010 0
#793750000
1,
b0000100011010100 .
b000010001101010 /
#794000000
0,
b0000100011010101 .
b000010001101011 0
#794250000
1,
b0000100011010110 .
b000010001101011 /
#794500000
0,
b0000100011010111 .
b000010001101100 0
#794750000
1,
b0000100011011000 .
b000010001101100 /
#795000000
0,
b0000100011011001 .
b000010001101101 0
#795250000
1,
b0000100011011010 .
b000010001101101 /
#795500000
0,
b0000100011011011 .
b000010001101110 0
#795750000
1,
b0000100011011100 .
b000010001101110 /
#796000000
0,
b0000100011011101 .
b000010001101111 0
#796250000
1,
b0000100011011110 .
b000010001101111 /
#796500000
0,
b0000100011011111 .
b000010001110000 0
#796750000
1,
b0000100011100000 .
b000010001110000 /
#797000000
0,
b0000100011100001 .
b000010001110001 0
#797250000
1,
b0000100011100010 .
b000010001110001 /
#797500000
0,
b0000100011100011 .
b000010001110010 0
#797750000
1,
b0000100011100100 .
b000010001110010 /
#798000000
0,
b0000100011100101 .
b000010001110011 0
#798250000
1,
b0000100011100110 .
b000010001110011 /
#798500000
0,
b0000100011100111 .
b000010001110100 0
#798750000
1,
b0000100011101000 .
b000010001110100 /
#799000000
0,
b0000100011101001 .
b000010001110101 0
#799250000
1,
b0000100011101010 .
b000010001110101 /
#799500000
0,
b0000100011101011 .
b000010001110110 0
#799750000
1,
b0000100011101100 .
b000010001110110 /
#800000000
0,
b0000100011101101 .
b000010001110111 0
#800250000
1,
b0000100011101110 .
b000010001110111 /
#800500000
0,
b0000100011101111 .
b000010001111000 0
#800750000
1,
b0000100011110000 .
b000010001111000 /
#801000000
0,
b0000100011110001 .
b000010001111001 0
#801250000
1,
b0000100011110010 .
b000010001111001 /
#801500000
0,
b0000100011110011 .
b000010001111010 0
#801750000
1,
b0000100011110100 .
b000010001111010 /
#802000000
0,
b0000100011110101 .
b000010001111011 0
#802250000
1,
b0000100011110110 .
b000010001111011 /
#802500000
0,
b0000100011110111 .
b000010001111100 0
#802750000
1,
b0000100011111000 .
b000010001111100 /
#803000000
0,
b0000100011111001 .
b000010001111101 0
#803250000
1,
b0000100011111010 .
b000010001111101 /
#803500000
0,
b0000100011111011 .
b000010001111110 0
#803750000
1,
b0000100011111100 .
b000010001111110 /
#804000000
0,
b0000100011111101 .
b000010001111111 0
#804250000
1,
b0000100011111110 .
b000010001111111 /
#804500000
0,
b0000100011111111 .
b000010010000000 0
#804750000
1,
b0000100100000000 .
b000010010000000 /
#805000000
0,
b0000100100000001 .
b000010010000001 0
#805250000
1,
b0000100100000010 .
b000010010000001 /
#805500000
0,
b0000100100000011 .
b000010010000010 0
#805750000
1,
b0000100100000100 .
b000010010000010 /
#806000000
0,
b0000100100000101 .
b000010010000011 0
#806250000
1,
b0000100100000110 .
b000010010000011 /
#806500000
0,
b0000100100000111 .
b000010010000100 0
#806750000
1,
b0000100100001000 .
b000010010000100 /
#807000000
0,
b0000100100001001 .
b000010010000101 0
#807250000
1,
b0000100100001010 .
b000010010000101 /
#807500000
0,
b0000100100001011 .
b000010010000110 0
#807750000
1,
b0000100100001100 .
b000010010000110 /
#808000000
0,
b0000100100001101 .
b000010010000111 0
#808250000
b00010011 (
1)
1,
b0000100100001110 .
b000010010000111 /
#808500000
0,
b0000100100001111 .
b000010010001000 0
#808750000
1,
b0000100100010000 .
b000010010001000 /
#809000000
0,
b0000100100010001 .
b000010010001001 0
#809250000
1,
b0000100100010010 .
b000010010001001 /
#809500000
0,
b0000100100010011 .
b000010010001010 0
#809750000
1,
b0000100100010100 .
b000010010001010 /
#810000000
0,
b0000100100010101 .
b000010010001011 0
#810250000
1,
b0000100100010110 .
b000010010001011 /
#810500000
0,
b0000100100010111 .
b000010010001100 0
#810750000
1,
b0000100100011000 .
b000010010001100 /
#811000000
0,
b0000100100011001 .
b000010010001101 0
#811250000
1,
b0000100100011010 .
b000010010001101 /
#811500000
0,
b0000100100011011 .
b000010010001110 0
#811750000
1,
b0000100100011100 .
b000010010001110 /
#812000000
0,
b0000100100011101 .
b000010010001111 0
#812250000
1,
b0000100100011110 .
b000010010001111 /
#812500000
0,
b0000100100011111 .
b000010010010000 0
#812750000
1,
b0000100100100000 .
b000010010010000 /
#813000000
0,
b0000100100100001 .
b000010010010001 0
#813250000
1,
b0000100100100010 .
b000010010010001 /
#813500000
0,
b0000100100100011 .
b000010010010010 0
#813750000
1,
b0000100100100100 .
b000010010010010 /
#814000000
0,
b0000100100100101 .
b000010010010011 0
#814250000
1,
b0000100100100110 .
b000010010010011 /
#814500000
0,
b0000100100100111 .
b000010010010100 0
#814750000
1,
b0000100100101000 .
b000010010010100 /
#815000000
0,
b0000100100101001 .
b000010010010101 0
#815250000
1,
b0000100100101010 .
b000010010010101 /
#815500000
0,
b0000100100101011 .
b000010010010110 0
#815750000
1,
b0000100100101100 .
b000010010010110 /
#816000000
0,
b0000100100101101 .
b000010010010111 0
#816250000
1,
b0000100100101110 .
b000010010010111 /
#816500000
0,
b0000100100101111 .
b000010010011000 0
#816750000
1,
b0000100100110000 .
b000010010011000 /
#817000000
0,
b0000100100110001 .
b000010010011001 0
#817250000
1,
b0000100100110010 .
b000010010011001 /
#817500000
0,
b0000100100110011 .
b000010010011010 0
#817750000
1,
b0000100100110100 .
b000010010011010 /
#818000000
0,
b0000100100110101 .
b000010010011011 0
#818250000
1,
b0000100100110110 .
b000010010011011 /
#818500000
0,
b0000100100110111 .
b000010010011100 0
#818750000
1,
b0000100100111000 .
b000010010011100 /
#819000000
0,
b0000100100111001 .
b000010010011101 0
#819250000
1,
b0000100100111010 .
b000010010011101 /
#819500000
0,
b0000100100111011 .
b000010010011110 0
#819750000
1,
b0000100100111100 .
b000010010011110 /
#820000000
0,
b0000100100111101 .
b000010010011111 0
#820250000
1,
b0000100100111110 .
b000010010011111 /
#820500000
0,
b0000100100111111 .
b000010010100000 0
#820750000
1,
b0000100101000000 .
b000010010100000 /
#821000000
0,
b0000100101000001 .
b000010010100001 0
#821250000
1,
b0000100101000010 .
b000010010100001 /
#821500000
0,
b0000100101000011 .
b000010010100010 0
#821750000
1,
b0000100101000100 .
b000010010100010 /
#822000000
0,
b0000100101000101 .
b000010010100011 0
#822250000
1,
b0000100101000110 .
b000010010100011 /
#822500000
0,
b0000100101000111 .
b000010010100100 0
#822750000
1,
b0000100101001000 .
b000010010100100 /
#823000000
0,
b0000100101001001 .
b000010010100101 0
#823250000
1,
b0000100101001010 .
b000010010100101 /
#823500000
0)
0,
b0000100101001011 .
b000010010100110 0
#823750000
1,
b0000100101001100 .
b000010010100110 /
#824000000
0,
b0000100101001101 .
b000010010100111 0
#824250000
1,
b0000100101001110 .
b000010010100111 /
#824500000
0,
b0000100101001111 .
b000010010101000 0
#824750000
1,
b0000100101010000 .
b000010010101000 /
#825000000
0,
b0000100101010001 .
b000010010101001 0
#825250000
1,
b0000100101010010 .
b000010010101001 /
#825500000
0,
b0000100101010011 .
b000010010101010 0
#825750000
1,
b0000100101010100 .
b000010010101010 /
#826000000
0,
b0000100101010101 .
b000010010101011 0
#826250000
1,
b0000100101010110 .
b000010010101011 /
#826500000
0,
b0000100101010111 .
b000010010101100 0
#826750000
1,
b0000100101011000 .
b000010010101100 /
#827000000
0,
b0000100101011001 .
b000010010101101 0
#827250000
1,
b0000100101011010 .
b000010010101101 /
#827500000
0,
b0000100101011011 .
b000010010101110 0
#827750000
1,
b0000100101011100 .
b000010010101110 /
#828000000
0,
b0000100101011101 .
b000010010101111 0
#828250000
1,
b0000100101011110 .
b000010010101111 /
#828500000
0,
b0000100101011111 .
b000010010110000 0
#828750000
1,
b0000100101100000 .
b000010010110000 /
#829000000
0,
b0000100101100001 .
b000010010110001 0
#829250000
1,
b0000100101100010 .
b000010010110001 /
#829500000
0,
b0000100101100011 .
b000010010110010 0
#829750000
1,
b0000100101100100 .
b000010010110010 /
#830000000
0,
b0000100101100101 .
b000010010110011 0
#830250000
1,
b0000100101100110 .
b000010010110011 /
#830500000
0,
b0000100101100111 .
b000010010110100 0
#830750000
1,
b0000100101101000 .
b000010010110100 /
#831000000
0,
b0000100101101001 .
b000010010110101 0
#831250000
1,
b0000100101101010 .
b000010010110101 /
#831500000
0,
b0000100101101011 .
b000010010110110 0
#831750000
1,
b0000100101101100 .
b000010010110110 /
#832000000
0,
b0000100101101101 .
b000010010110111 0
#832250000
1,
b0000100101101110 .
b000010010110111 /
#832500000
0,
b0000100101101111 .
b000010010111000 0
#832750000
1,
b0000100101110000 .
b000010010111000 /
#833000000
0,
b0000100101110001 .
b000010010111001 0
#833250000
1,
b0000100101110010 .
b000010010111001 /
#833500000
0,
b0000100101110011 .
b000010010111010 0
#833750000
1,
b0000100101110100 .
b000010010111010 /
#834000000
0,
b0000100101110101 .
b000010010111011 0
#834250000
1,
b0000100101110110 .
b000010010111011 /
#834500000
0,
b0000100101110111 .
b000010010111100 0
#834750000
1,
b0000100101111000 .
b000010010111100 /
#835000000
0,
b0000100101111001 .
b000010010111101 0
#835250000
1,
b0000100101111010 .
b000010010111101 /
#835500000
0,
b0000100101111011 .
b000010010111110 0
#835750000
1,
b0000100101111100 .
b000010010111110 /
#836000000
0,
b0000100101111101 .
b000010010111111 0
#836250000
1,
b0000100101111110 .
b000010010111111 /
#836500000
0,
b0000100101111111 .
b000010011000000 0
#836750000
1,
b0000100110000000 .
b000010011000000 /
#837000000
0,
b0000100110000001 .
b000010011000001 0
#837250000
1,
b0000100110000010 .
b000010011000001 /
#837500000
0,
b0000100110000011 .
b000010011000010 0
#837750000
1,
b0000100110000100 .
b000010011000010 /
#838000000
0,
b0000100110000101 .
b000010011000011 0
#838250000
1,
b0000100110000110 .
b000010011000011 /
#838500000
0,
b0000100110000111 .
b000010011000100 0
#838750000
b00010100 (
1)
1,
b0000100110001000 .
b000010011000100 /
#839000000
0,
b0000100110001001 .
b000010011000101 0
#839250000
1,
b0000100110001010 .
b000010011000101 /
#839500000
0,
b0000100110001011 .
b000010011000110 0
#839750000
1,
b0000100110001100 .
b000010011000110 /
#840000000
0,
b0000100110001101 .
b000010011000111 0
#840250000
1,
b0000100110001110 .
b000010011000111 /
#840500000
0,
b0000100110001111 .
b000010011001000 0
#840750000
1,
b0000100110010000 .
b000010011001000 /
#841000000
0,
b0000100110010001 .
b000010011001001 0
#841250000
1,
b0000100110010010 .
b000010011001001 /
#841500000
0,
b0000100110010011 .
b000010011001010 0
#841750000
1,
b0000100110010100 .
b000010011001010 /
#842000000
0,
b0000100110010101 .
b000010011001011 0
#842250000
1,
b0000100110010110 .
b000010011001011 /
#842500000
0,
b0000100110010111 .
b000010011001100 0
#842750000
1,
b0000100110011000 .
b000010011001100 /
#843000000
0,
b0000100110011001 .
b000010011001101 0
#843250000
1,
b0000100110011010 .
b000010011001101 /
#843500000
0,
b0000100110011011 .
b000010011001110 0
#843750000
1,
b0000100110011100 .
b000010011001110 /
#844000000
0,
b0000100110011101 .
b000010011001111 0
#844250000
1,
b0000100110011110 .
b000010011001111 /
#844500000
0,
b0000100110011111 .
b000010011010000 0
#844750000
1,
b0000100110100000 .
b000010011010000 /
#845000000
0,
b0000100110100001 .
b000010011010001 0
#845250000
1,
b0000100110100010 .
b000010011010001 /
#845500000
0,
b0000100110100011 .
b000010011010010 0
#845750000
1,
b0000100110100100 .
b000010011010010 /
#846000000
0,
b0000100110100101 .
b000010011010011 0
#846250000
1,
b0000100110100110 .
b000010011010011 /
#846500000
0,
b0000100110100111 .
b000010011010100 0
#846750000
1,
b0000100110101000 .
b000010011010100 /
#847000000
0,
b0000100110101001 .
b000010011010101 0
#847250000
1,
b0000100110101010 .
b000010011010101 /
#847500000
0,
b0000100110101011 .
b000010011010110 0
#847750000
1,
b0000100110101100 .
b000010011010110 /
#848000000
0,
b0000100110101101 .
b000010011010111 0
#848250000
1,
b0000100110101110 .
b000010011010111 /
#848500000
0,
b0000100110101111 .
b000010011011000 0
#848750000
1,
b0000100110110000 .
b000010011011000 /
#849000000
0,
b0000100110110001 .
b000010011011001 0
#849250000
1,
b0000100110110010 .
b000010011011001 /
#849500000
0,
b0000100110110011 .
b000010011011010 0
#849750000
1,
b0000100110110100 .
b000010011011010 /
#850000000
0,
b0000100110110101 .
b000010011011011 0
#850250000
1,
b0000100110110110 .
b000010011011011 /
#850500000
0,
b0000100110110111 .
b000010011011100 0
#850750000
1,
b0000100110111000 .
b000010011011100 /
#851000000
0,
b0000100110111001 .
b000010011011101 0
#851250000
1,
b0000100110111010 .
b000010011011101 /
#851500000
0,
b0000100110111011 .
b000010011011110 0
#851750000
1,
b0000100110111100 .
b000010011011110 /
#852000000
0,
b0000100110111101 .
b000010011011111 0
#852250000
1,
b0000100110111110 .
b000010011011111 /
#852500000
0,
b0000100110111111 .
b000010011100000 0
#852750000
1,
b0000100111000000 .
b000010011100000 /
#853000000
0,
b0000100111000001 .
b000010011100001 0
#853250000
1,
b0000100111000010 .
b000010011100001 /
#853500000
0,
b0000100111000011 .
b000010011100010 0
#853750000
1,
b0000100111000100 .
b000010011100010 /
#854000000
0)
0,
b0000100111000101 .
b000010011100011 0
#854250000
1,
b0000100111000110 .
b000010011100011 /
#854500000
0,
b0000100111000111 .
b000010011100100 0
#854750000
1,
b0000100111001000 .
b000010011100100 /
#855000000
0,
b0000100111001001 .
b000010011100101 0
#855250000
1,
b0000100111001010 .
b000010011100101 /
#855500000
0,
b0000100111001011 .
b000010011100110 0
#855750000
1,
b0000100111001100 .
b000010011100110 /
#856000000
0,
b0000100111001101 .
b000010011100111 0
#856250000
1,
b0000100111001110 .
b000010011100111 /
#856500000
0,
b0000100111001111 .
b000010011101000 0
#856750000
1,
b0000100111010000 .
b000010011101000 /
#857000000
0,
b0000100111010001 .
b000010011101001 0
#857250000
1,
b0000100111010010 .
b000010011101001 /
#857500000
0,
b0000100111010011 .
b000010011101010 0
#857750000
1,
b0000100111010100 .
b000010011101010 /
#858000000
0,
b0000100111010101 .
b000010011101011 0
#858250000
1,
b0000100111010110 .
b000010011101011 /
#858500000
0,
b0000100111010111 .
b000010011101100 0
#858750000
1,
b0000100111011000 .
b000010011101100 /
#859000000
0,
b0000100111011001 .
b000010011101101 0
#859250000
1,
b0000100111011010 .
b000010011101101 /
#859500000
0,
b0000100111011011 .
b000010011101110 0
#859750000
1,
b0000100111011100 .
b000010011101110 /
#860000000
0,
b0000100111011101 .
b000010011101111 0
#860250000
1,
b0000100111011110 .
b000010011101111 /
#860500000
0,
b0000100111011111 .
b000010011110000 0
#860750000
1,
b0000100111100000 .
b000010011110000 /
#861000000
0,
b0000100111100001 .
b000010011110001 0
#861250000
1,
b0000100111100010 .
b000010011110001 /
#861500000
0,
b0000100111100011 .
b000010011110010 0
#861750000
1,
b0000100111100100 .
b000010011110010 /
#862000000
0,
b0000100111100101 .
b000010011110011 0
#862250000
1,
b0000100111100110 .
b000010011110011 /
#862500000
0,
b0000100111100111 .
b000010011110100 0
#862750000
1,
b0000100111101000 .
b000010011110100 /
#863000000
0,
b0000100111101001 .
b000010011110101 0
#863250000
1,
b0000100111101010 .
b000010011110101 /
#863500000
0,
b0000100111101011 .
b000010011110110 0
#863750000
1,
b0000100111101100 .
b000010011110110 /
#864000000
0,
b0000100111101101 .
b000010011110111 0
#864250000
1,
b0000100111101110 .
b000010011110111 /
#864500000
0,
b0000100111101111 .
b000010011111000 0
#864750000
1,
b0000100111110000 .
b000010011111000 /
#865000000
0,
b0000100111110001 .
b000010011111001 0
#865250000
1,
b0000100111110010 .
b000010011111001 /
#865500000
0,
b0000100111110011 .
b000010011111010 0
#865750000
1,
b0000100111110100 .
b000010011111010 /
#866000000
0,
b0000100111110101 .
b000010011111011 0
#866250000
1,
b0000100111110110 .
b000010011111011 /
#866500000
0,
b0000100111110111 .
b000010011111100 0
#866750000
1,
b0000100111111000 .
b000010011111100 /
#867000000
0,
b0000100111111001 .
b000010011111101 0
#867250000
1,
b0000100111111010 .
b000010011111101 /
#867500000
0,
b0000100111111011 .
b000010011111110 0
#867750000
1,
b0000100111111100 .
b000010011111110 /
#868000000
0,
b0000100111111101 .
b000010011111111 0
#868250000
1,
b0000100111111110 .
b000010011111111 /
#868500000
0,
b0000100111111111 .
b000010100000000 0
#868750000
1,
b0000101000000000 .
b000010100000000 /
#869000000
0,
b0000101000000001 .
b000010100000001 0
#869250000
b00010101 (
1)
1,
b0000101000000010 .
b000010100000001 /
#869500000
0,
b0000101000000011 .
b000010100000010 0
#869750000
1,
b0000101000000100 .
b000010100000010 /
#870000000
0,
b0000101000000101 .
b000010100000011 0
#870250000
1,
b0000101000000110 .
b000010100000011 /
#870500000
0,
b0000101000000111 .
b000010100000100 0
#870750000
1,
b0000101000001000 .
b000010100000100 /
#871000000
0,
b0000101000001001 .
b000010100000101 0
#871250000
1,
b0000101000001010 .
b000010100000101 /
#871500000
0,
b0000101000001011 .
b000010100000110 0
#871750000
1,
b0000101000001100 .
b000010100000110 /
#872000000
0,
b0000101000001101 .
b000010100000111 0
#872250000
1,
b0000101000001110 .
b000010100000111 /
#872500000
0,
b0000101000001111 .
b000010100001000 0
#872750000
1,
b0000101000010000 .
b000010100001000 /
#873000000
0,
b0000101000010001 .
b000010100001001 0
#873250000
1,
b0000101000010010 .
b000010100001001 /
#873500000
0,
b0000101000010011 .
b000010100001010 0
#873750000
1,
b0000101000010100 .
b000010100001010 /
#874000000
0,
b0000101000010101 .
b000010100001011 0
#874250000
1,
b0000101000010110 .
b000010100001011 /
#874500000
0,
b0000101000010111 .
b000010100001100 0
#874750000
1,
b0000101000011000 .
b000010100001100 /
#875000000
0,
b0000101000011001 .
b000010100001101 0
#875250000
1,
b0000101000011010 .
b000010100001101 /
#875500000
0,
b0000101000011011 .
b000010100001110 0
#875750000
1,
b0000101000011100 .
b000010100001110 /
#876000000
0,
b0000101000011101 .
b000010100001111 0
#876250000
1,
b0000101000011110 .
b000010100001111 /
#876500000
0,
b0000101000011111 .
b000010100010000 0
#876750000
1,
b0000101000100000 .
b000010100010000 /
#877000000
0,
b0000101000100001 .
b000010100010001 0
#877250000
1,
b0000101000100010 .
b000010100010001 /
#877500000
0,
b0000101000100011 .
b000010100010010 0
#877750000
1,
b0000101000100100 .
b000010100010010 /
#878000000
0,
b0000101000100101 .
b000010100010011 0
#878250000
1,
b0000101000100110 .
b000010100010011 /
#878500000
0,
b0000101000100111 .
b000010100010100 0
#878750000
1,
b0000101000101000 .
b000010100010100 /
#879000000
0,
b0000101000101001 .
b000010100010101 0
#879250000
1,
b0000101000101010 .
b000010100010101 /
#879500000
0,
b0000101000101011 .
b000010100010110 0
#879750000
1,
b0000101000101100 .
b000010100010110 /
#880000000
0,
b0000101000101101 .
b000010100010111 0
#880250000
1,
b0000101000101110 .
b000010100010111 /
#880500000
0,
b0000101000101111 .
b000010100011000 0
#880750000
1,
b0000101000110000 .
b000010100011000 /
#881000000
0,
b0000101000110001 .
b000010100011001 0
#881250000
1,
b0000101000110010 .
b000010100011001 /
#881500000
0,
b0000101000110011 .
b000010100011010 0
#881750000
1,
b0000101000110100 .
b000010100011010 /
#882000000
0,
b0000101000110101 .
b000010100011011 0
#882250000
1,
b0000101000110110 .
b000010100011011 /
#882500000
0,
b0000101000110111 .
b000010100011100 0
#882750000
1,
b0000101000111000 .
b000010100011100 /
#883000000
0,
b0000101000111001 .
b000010100011101 0
#883250000
1,
b0000101000111010 .
b000010100011101 /
#883500000
0,
b0000101000111011 .
b000010100011110 0
#883750000
1,
b0000101000111100 .
b000010100011110 /
#884000000
0,
b0000101000111101 .
b000010100011111 0
#884250000
1,
b0000101000111110 .
b000010100011111 /
#884500000
0)
0,
b0000101000111111 .
b000010100100000 0
#884750000
1,
b0000101001000000 .
b000010100100000 /
#885000000
0,
b0000101001000001 .
b000010100100001 0
#885250000
1,
b0000101001000010 .
b000010100100001 /
#885500000
0,
b0000101001000011 .
b000010100100010 0
#885750000
1,
b0000101001000100 .
b000010100100010 /
#886000000
0,
b0000101001000101 .
b000010100100011 0
#886250000
1,
b0000101001000110 .
b000010100100011 /
#886500000
0,
b0000101001000111 .
b000010100100100 0
#886750000
1,
b0000101001001000 .
b000010100100100 /
#887000000
0,
b0000101001001001 .
b000010100100101 0
#887250000
1,
b0000101001001010 .
b000010100100101 /
#887500000
0,
b0000101001001011 .
b000010100100110 0
#887750000
1,
b0000101001001100 .
b000010100100110 /
#888000000
0,
b0000101001001101 .
b000010100100111 0
#888250000
1,
b0000101001001110 .
b000010100100111 /
#888500000
0,
b0000101001001111 .
b000010100101000 0
#888750000
1,
b0000101001010000 .
b000010100101000 /
#889000000
0,
b0000101001010001 .
b000010100101001 0
#889250000
1,
b0000101001010010 .
b000010100101001 /
#889500000
0,
b0000101001010011 .
b000010100101010 0
#889750000
1,
b0000101001010100 .
b000010100101010 /
#890000000
0,
b0000101001010101 .
b000010100101011 0
#890250000
1,
b0000101001010110 .
b000010100101011 /
#890500000
0,
b0000101001010111 .
b000010100101100 0
#890750000
1,
b0000101001011000 .
b000010100101100 /
#891000000
0,
b0000101001011001 .
b000010100101101 0
#891250000
1,
b0000101001011010 .
b000010100101101 /
#891500000
0,
b0000101001011011 .
b000010100101110 0
#891750000
1,
b0000101001011100 .
b000010100101110 /
#892000000
0,
b0000101001011101 .
b000010100101111 0
#892250000
1,
b0000101001011110 .
b000010100101111 /
#892500000
0,
b0000101001011111 .
b000010100110000 0
#892750000
1,
b0000101001100000 .
b000010100110000 /
#893000000
0,
b0000101001100001 .
b000010100110001 0
#893250000
1,
b0000101001100010 .
b000010100110001 /
#893500000
0,
b0000101001100011 .
b000010100110010 0
#893750000
1,
b0000101001100100 .
b000010100110010 /
#894000000
0,
b0000101001100101 .
b000010100110011 0
#894250000
1,
b0000101001100110 .
b000010100110011 /
#894500000
0,
b0000101001100111 .
b000010100110100 0
#894750000
1,
b0000101001101000 .
b000010100110100 /
#895000000
0,
b0000101001101001 .
b000010100110101 0
#895250000
1,
b0000101001101010 .
b000010100110101 /
#895500000
0,
b0000101001101011 .
b000010100110110 0
#895750000
1,
b0000101001101100 .
b000010100110110 /
#896000000
0,
b0000101001101101 .
b000010100110111 0
#896250000
1,
b0000101001101110 .
b000010100110111 /
#896500000
0,
b0000101001101111 .
b000010100111000 0
#896750000
1,
b0000101001110000 .
b000010100111000 /
#897000000
0,
b0000101001110001 .
b000010100111001 0
#897250000
1,
b0000101001110010 .
b000010100111001 /
#897500000
0,
b0000101001110011 .
b000010100111010 0
#897750000
1,
b0000101001110100 .
b000010100111010 /
#898000000
0,
b0000101001110101 .
b000010100111011 0
#898250000
1,
b0000101001110110 .
b000010100111011 /
#898500000
0,
b0000101001110111 .
b000010100111100 0
#898750000
1,
b0000101001111000 .
b000010100111100 /
#899000000
0,
b0000101001111001 .
b000010100111101 0
#899250000
1,
b0000101001111010 .
b000010100111101 /
#899500000
0,
b0000101001111011 .
b000010100111110 0
#899750000
b00010110 (
1)
1,
b0000101001111100 .
b000010100111110 /
#900000000
0,
b0000101001111101 .
b000010100111111 0
#900250000
1,
b0000101001111110 .
b000010100111111 /
#900500000
0,
b0000101001111111 .
b000010101000000 0
#900750000
1,
b0000101010000000 .
b000010101000000 /
#901000000
0,
b0000101010000001 .
b000010101000001 0
#901250000
1,
b0000101010000010 .
b000010101000001 /
#901500000
0,
b0000101010000011 .
b000010101000010 0
#901750000
1,
b0000101010000100 .
b000010101000010 /
#902000000
0,
b0000101010000101 .
b000010101000011 0
#902250000
1,
b0000101010000110 .
b000010101000011 /
#902500000
0,
b0000101010000111 .
b000010101000100 0
#902750000
1,
b0000101010001000 .
b000010101000100 /
#903000000
0,
b0000101010001001 .
b000010101000101 0
#903250000
1,
b0000101010001010 .
b000010101000101 /
#903500000
0,
b0000101010001011 .
b000010101000110 0
#903750000
1,
b0000101010001100 .
b000010101000110 /
#904000000
0,
b0000101010001101 .
b000010101000111 0
#904250000
1,
b0000101010001110 .
b000010101000111 /
#904500000
0,
b0000101010001111 .
b000010101001000 0
#904750000
1,
b0000101010010000 .
b000010101001000 /
#905000000
0,
b0000101010010001 .
b000010101001001 0
#905250000
1,
b0000101010010010 .
b000010101001001 /
#905500000
0,
b0000101010010011 .
b000010101001010 0
#905750000
1,
b0000101010010100 .
b000010101001010 /
#906000000
0,
b0000101010010101 .
b000010101001011 0
#906250000
1,
b0000101010010110 .
b000010101001011 /
#906500000
0,
b0000101010010111 .
b000010101001100 0
#906750000
1,
b0000101010011000 .
b000010101001100 /
#907000000
0,
b0000101010011001 .
b000010101001101 0
#907250000
1,
b0000101010011010 .
b000010101001101 /
#907500000
0,
b0000101010011011 .
b000010101001110 0
#907750000
1,
b0000101010011100 .
b000010101001110 /
#908000000
0,
b0000101010011101 .
b000010101001111 0
#908250000
1,
b0000101010011110 .
b000010101001111 /
#908500000
0,
b0000101010011111 .
b000010101010000 0
#908750000
1,
b0000101010100000 .
b000010101010000 /
#909000000
0,
b0000101010100001 .
b000010101010001 0
#909250000
1,
b0000101010100010 .
b000010101010001 /
#909500000
0,
b0000101010100011 .
b000010101010010 0
#909750000
1,
b0000101010100100 .
b000010101010010 /
#910000000
0,
b0000101010100101 .
b000010101010011 0
#910250000
1,
b0000101010100110 .
b000010101010011 /
#910500000
0,
b0000101010100111 .
b000010101010100 0
#910750000
1,
b0000101010101000 .
b000010101010100 /
#911000000
0,
b0000101010101001 .
b000010101010101 0
#911250000
1,
b0000101010101010 .
b000010101010101 /
#911500000
0,
b0000101010101011 .
b000010101010110 0
#911750000
1,
b0000101010101100 .
b000010101010110 /
#912000000
0,
b0000101010101101 .
b000010101010111 0
#912250000
1,
b0000101010101110 .
b000010101010111 /
#912500000
0,
b0000101010101111 .
b000010101011000 0
#912750000
1,
b0000101010110000 .
b000010101011000 /
#913000000
0,
b0000101010110001 .
b000010101011001 0
#913250000
1,
b0000101010110010 .
b000010101011001 /
#913500000
0,
b0000101010110011 .
b000010101011010 0
#913750000
1,
b0000101010110100 .
b000010101011010 /
#914000000
0,
b0000101010110101 .
b000010101011011 0
#914250000
1,
b0000101010110110 .
b000010101011011 /
#914500000
0,
b0000101010110111 .
b000010101011100 0
#914750000
1,
b0000101010111000 .
b000010101011100 /
#915000000
0)
0,
b0000101010111001 .
b000010101011101 0
#915250000
1,
b0000101010111010 .
b000010101011101 /
#915500000
0,
b0000101010111011 .
b000010101011110 0
#915750000
1,
b0000101010111100 .
b000010101011110 /
#916000000
0,
b0000101010111101 .
b000010101011111 0
#916250000
1,
b0000101010111110 .
b000010101011111 /
#916500000
0,
b0000101010111111 .
b000010101100000 0
#916750000
1,
b0000101011000000 .
b000010101100000 /
#917000000
0,
b0000101011000001 .
b000010101100001 0
#917250000
1,
b0000101011000010 .
b000010101100001 /
#917500000
0,
b0000101011000011 .
b000010101100010 0
#917750000
1,
b0000101011000100 .
b000010101100010 /
#918000000
0,
b0000101011000101 .
b000010101100011 0
#918250000
1,
b0000101011000110 .
b000010101100011 /
#918500000
0,
b0000101011000111 .
b000010101100100 0
#918750000
1,
b0000101011001000 .
b000010101100100 /
#919000000
0,
b0000101011001001 .
b000010101100101 0
#919250000
1,
b0000101011001010 .
b000010101100101 /
#919500000
0,
b0000101011001011 .
b000010101100110 0
#919750000
1,
b0000101011001100 .
b000010101100110 /
#920000000
0,
b0000101011001101 .
b000010101100111 0
#920250000
1,
b0000101011001110 .
b000010101100111 /
#920500000
0,
b0000101011001111 .
b000010101101000 0
#920750000
1,
b0000101011010000 .
b000010101101000 /
#921000000
0,
b0000101011010001 .
b000010101101001 0
#921250000
1,
b0000101011010010 .
b000010101101001 /
#921500000
0,
b0000101011010011 .
b000010101101010 0
#921750000
1,
b0000101011010100 .
b000010101101010 /
#922000000
0,
b0000101011010101 .
b000010101101011 0
#922250000
1,
b0000101011010110 .
b000010101101011 /
#922500000
0,
b0000101011010111 .
b000010101101100 0
#922750000
1,
b0000101011011000 .
b000010101101100 /
#923000000
0,
b0000101011011001 .
b000010101101101 0
#923250000
1,
b0000101011011010 .
b000010101101101 /
#923500000
0,
b0000101011011011 .
b000010101101110 0
#923750000
1,
b0000101011011100 .
b000010101101110 /
#924000000
0,
b0000101011011101 .
b000010101101111 0
#924250000
1,
b0000101011011110 .
b000010101101111 /
#924500000
0,
b0000101011011111 .
b000010101110000 0
#924750000
1,
b0000101011100000 .
b000010101110000 /
#925000000
0,
b0000101011100001 .
b000010101110001 0
#925250000
1,
b0000101011100010 .
b000010101110001 /
#925500000
0,
b0000101011100011 .
b000010101110010 0
#925750000
1,
b0000101011100100 .
b000010101110010 /
#926000000
0,
b0000101011100101 .
b000010101110011 0
#926250000
1,
b0000101011100110 .
b000010101110011 /
#926500000
0,
b0000101011100111 .
b000010101110100 0
#926750000
1,
b0000101011101000 .
b000010101110100 /
#927000000
0,
b0000101011101001 .
b000010101110101 0
#927250000
1,
b0000101011101010 .
b000010101110101 /
#927500000
0,
b0000101011101011 .
b000010101110110 0
#927750000
1,
b0000101011101100 .
b000010101110110 /
#928000000
0,
b0000101011101101 .
b000010101110111 0
#928250000
1,
b0000101011101110 .
b000010101110111 /
#928500000
0,
b0000101011101111 .
b000010101111000 0
#928750000
1,
b0000101011110000 .
b000010101111000 /
#929000000
0,
b0000101011110001 .
b000010101111001 0
#929250000
1,
b0000101011110010 .
b000010101111001 /
#929500000
0,
b0000101011110011 .
b000010101111010 0
#929750000
1,
b0000101011110100 .
b000010101111010 /
#930000000
0,
b0000101011110101 .
b000010101111011 0
#930250000
b00010111 (
1)
1,
b0000101011110110 .
b000010101111011 /
#930500000
0,
b0000101011110111 .
b000010101111100 0
#930750000
1,
b0000101011111000 .
b000010101111100 /
#931000000
0,
b0000101011111001 .
b000010101111101 0
#931250000
1,
b0000101011111010 .
b000010101111101 /
#931500000
0,
b0000101011111011 .
b000010101111110 0
#931750000
1,
b0000101011111100 .
b000010101111110 /
#932000000
0,
b0000101011111101 .
b000010101111111 0
#932250000
1,
b0000101011111110 .
b000010101111111 /
#932500000
0,
b0000101011111111 .
b000010110000000 0
#932750000
1,
b0000101100000000 .
b000010110000000 /
#933000000
0,
b0000101100000001 .
b000010110000001 0
#933250000
1,
b0000101100000010 .
b000010110000001 /
#933500000
0,
b0000101100000011 .
b000010110000010 0
#933750000
1,
b0000101100000100 .
b000010110000010 /
#934000000
0,
b0000101100000101 .
b000010110000011 0
#934250000
1,
b0000101100000110 .
b000010110000011 /
#934500000
0,
b0000101100000111 .
b000010110000100 0
#934750000
1,
b0000101100001000 .
b000010110000100 /
#935000000
0,
b0000101100001001 .
b000010110000101 0
#935250000
1,
b0000101100001010 .
b000010110000101 /
#935500000
0,
b0000101100001011 .
b000010110000110 0
#935750000
1,
b0000101100001100 .
b000010110000110 /
#936000000
0,
b0000101100001101 .
b000010110000111 0
#936250000
1,
b0000101100001110 .
b000010110000111 /
#936500000
0,
b0000101100001111 .
b000010110001000 0
#936750000
1,
b0000101100010000 .
b000010110001000 /
#937000000
0,
b0000101100010001 .
b000010110001001 0
#937250000
1,
b0000101100010010 .
b000010110001001 /
#937500000
0,
b0000101100010011 .
b000010110001010 0
#937750000
1,
b0000101100010100 .
b000010110001010 /
#938000000
0,
b0000101100010101 .
b000010110001011 0
#938250000
1,
b0000101100010110 .
b000010110001011 /
#938500000
0,
b0000101100010111 .
b000010110001100 0
#938750000
1,
b0000101100011000 .
b000010110001100 /
#939000000
0,
b0000101100011001 .
b000010110001101 0
#939250000
1,
b0000101100011010 .
b000010110001101 /
#939500000
0,
b0000101100011011 .
b000010110001110 0
#939750000
1,
b0000101100011100 .
b000010110001110 /
#940000000
0,
b0000101100011101 .
b000010110001111 0
#940250000
1,
b0000101100011110 .
b000010110001111 /
#940500000
0,
b0000101100011111 .
b000010110010000 0
#940750000
1,
b0000101100100000 .
b000010110010000 /
#941000000
0,
b0000101100100001 .
b000010110010001 0
#941250000
1,
b0000101100100010 .
b000010110010001 /
#941500000
0,
b0000101100100011 .
b000010110010010 0
#941750000
1,
b0000101100100100 .
b000010110010010 /
#942000000
0,
b0000101100100101 .
b000010110010011 0
#942250000
1,
b0000101100100110 .
b000010110010011 /
#942500000
0,
b0000101100100111 .
b000010110010100 0
#942750000
1,
b0000101100101000 .
b000010110010100 /
#943000000
0,
b0000101100101001 .
b000010110010101 0
#943250000
1,
b0000101100101010 .
b000010110010101 /
#943500000
0,
b0000101100101011 .
b000010110010110 0
#943750000
1,
b0000101100101100 .
b000010110010110 /
#944000000
0,
b0000101100101101 .
b000010110010111 0
#944250000
1,
b0000101100101110 .
b000010110010111 /
#944500000
0,
b0000101100101111 .
b000010110011000 0
#944750000
1,
b0000101100110000 .
b000010110011000 /
#945000000
0,
b0000101100110001 .
b000010110011001 0
#945250000
1,
b0000101100110010 .
b000010110011001 /
#945500000
0)
0,
b0000101100110011 .
b000010110011010 0
#945750000
1,
b0000101100110100 .
b000010110011010 /
#946000000
0,
b0000101100110101 .
b000010110011011 0
#946250000
1,
b0000101100110110 .
b000010110011011 /
#946500000
0,
b0000101100110111 .
b000010110011100 0
#946750000
1,
b0000101100111000 .
b000010110011100 /
#947000000
0,
b0000101100111001 .
b000010110011101 0
#947250000
1,
b0000101100111010 .
b000010110011101 /
#947500000
0,
b0000101100111011 .
b000010110011110 0
#947750000
1,
b0000101100111100 .
b000010110011110 /
#948000000
0,
b0000101100111101 .
b000010110011111 0
#948250000
1,
b0000101100111110 .
b000010110011111 /
#948500000
0,
b0000101100111111 .
b000010110100000 0
#948750000
1,
b0000101101000000 .
b000010110100000 /
#949000000
0,
b0000101101000001 .
b000010110100001 0
#949250000
1,
b0000101101000010 .
b000010110100001 /
#949500000
0,
b0000101101000011 .
b000010110100010 0
#949750000
1,
b0000101101000100 .
b000010110100010 /
#950000000
0,
b0000101101000101 .
b000010110100011 0
#950250000
1,
b0000101101000110 .
b000010110100011 /
#950500000
0,
b0000101101000111 .
b000010110100100 0
#950750000
1,
b0000101101001000 .
b000010110100100 /
#951000000
0,
b0000101101001001 .
b000010110100101 0
#951250000
1,
b0000101101001010 .
b000010110100101 /
#951500000
0,
b0000101101001011 .
b000010110100110 0
#951750000
1,
b0000101101001100 .
b000010110100110 /
#952000000
0,
b0000101101001101 .
b000010110100111 0
#952250000
1,
b0000101101001110 .
b000010110100111 /
#952500000
0,
b0000101101001111 .
b000010110101000 0
#952750000
1,
b0000101101010000 .
b000010110101000 /
#953000000
0,
b0000101101010001 .
b000010110101001 0
#953250000
1,
b0000101101010010 .
b000010110101001 /
#953500000
0,
b0000101101010011 .
b000010110101010 0
#953750000
1,
b0000101101010100 .
b000010110101010 /
#954000000
0,
b0000101101010101 .
b000010110101011 0
#954250000
1,
b0000101101010110 .
b000010110101011 /
#954500000
0,
b0000101101010111 .
b000010110101100 0
#954750000
1,
b0000101101011000 .
b000010110101100 /
#955000000
0,
b0000101101011001 .
b000010110101101 0
#955250000
1,
b0000101101011010 .
b000010110101101 /
#955500000
0,
b0000101101011011 .
b000010110101110 0
#955750000
1,
b0000101101011100 .
b000010110101110 /
#956000000
0,
b0000101101011101 .
b000010110101111 0
#956250000
1,
b0000101101011110 .
b000010110101111 /
#956500000
0,
b0000101101011111 .
b000010110110000 0
#956750000
1,
b0000101101100000 .
b000010110110000 /
#957000000
0,
b0000101101100001 .
b000010110110001 0
#957250000
1,
b0000101101100010 .
b000010110110001 /
#957500000
0,
b0000101101100011 .
b000010110110010 0
#957750000
1,
b0000101101100100 .
b000010110110010 /
#958000000
0,
b0000101101100101 .
b000010110110011 0
#958250000
1,
b0000101101100110 .
b000010110110011 /
#958500000
0,
b0000101101100111 .
b000010110110100 0
#958750000
1,
b0000101101101000 .
b000010110110100 /
#959000000
0,
b0000101101101001 .
b000010110110101 0
#959250000
1,
b0000101101101010 .
b000010110110101 /
#959500000
0,
b0000101101101011 .
b000010110110110 0
#959750000
1,
b0000101101101100 .
b000010110110110 /
#960000000
0,
b0000101101101101 .
b000010110110111 0
#960250000
1,
b0000101101101110 .
b000010110110111 /
#960500000
0,
b0000101101101111 .
b000010110111000 0
#960750000
b00011000 (
1)
1,
b0000101101110000 .
b000010110111000 /
#961000000
0,
b0000101101110001 .
b000010110111001 0
#961250000
1,
b0000101101110010 .
b000010110111001 /
#961500000
0,
b0000101101110011 .
b000010110111010 0
#961750000
1,
b0000101101110100 .
b000010110111010 /
#962000000
0,
b0000101101110101 .
b000010110111011 0
#962250000
1,
b0000101101110110 .
b000010110111011 /
#962500000
0,
b0000101101110111 .
b000010110111100 0
#962750000
1,
b0000101101111000 .
b000010110111100 /
#963000000
0,
b0000101101111001 .
b000010110111101 0
#963250000
1,
b0000101101111010 .
b000010110111101 /
#963500000
0,
b0000101101111011 .
b000010110111110 0
#963750000
1,
b0000101101111100 .
b000010110111110 /
#964000000
0,
b0000101101111101 .
b000010110111111 0
#964250000
1,
b0000101101111110 .
b000010110111111 /
#964500000
0,
b0000101101111111 .
b000010111000000 0
#964750000
1,
b0000101110000000 .
b000010111000000 /
#965000000
0,
b0000101110000001 .
b000010111000001 0
#965250000
1,
b0000101110000010 .
b000010111000001 /
#965500000
0,
b0000101110000011 .
b000010111000010 0
#965750000
1,
b0000101110000100 .
b000010111000010 /
#966000000
0,
b0000101110000101 .
b000010111000011 0
#966250000
1,
b0000101110000110 .
b000010111000011 /
#966500000
0,
b0000101110000111 .
b000010111000100 0
#966750000
1,
b0000101110001000 .
b000010111000100 /
#967000000
0,
b0000101110001001 .
b000010111000101 0
#967250000
1,
b0000101110001010 .
b000010111000101 /
#967500000
0,
b0000101110001011 .
b000010111000110 0
#967750000
1,
b0000101110001100 .
b000010111000110 /
#968000000
0,
b0000101110001101 .
b000010111000111 0
#968250000
1,
b0000101110001110 .
b000010111000111 /
#968500000
0,
b0000101110001111 .
b000010111001000 0
#968750000
1,
b0000101110010000 .
b000010111001000 /
#969000000
0,
b0000101110010001 .
b000010111001001 0
#969250000
1,
b0000101110010010 .
b000010111001001 /
#969500000
0,
b0000101110010011 .
b000010111001010 0
#969750000
1,
b0000101110010100 .
b000010111001010 /
#970000000
0,
b0000101110010101 .
b000010111001011 0
#970250000
1,
b0000101110010110 .
b000010111001011 /
#970500000
0,
b0000101110010111 .
b000010111001100 0
#970750000
1,
b0000101110011000 .
b000010111001100 /
#971000000
0,
b0000101110011001 .
b000010111001101 0
#971250000
1,
b0000101110011010 .
b000010111001101 /
#971500000
0,
b0000101110011011 .
b000010111001110 0
#971750000
1,
b0000101110011100 .
b000010111001110 /
#972000000
0,
b0000101110011101 .
b000010111001111 0
#972250000
1,
b0000101110011110 .
b000010111001111 /
#972500000
0,
b0000101110011111 .
b000010111010000 0
#972750000
1,
b0000101110100000 .
b000010111010000 /
#973000000
0,
b0000101110100001 .
b000010111010001 0
#973250000
1,
b0000101110100010 .
b000010111010001 /
#973500000
0,
b0000101110100011 .
b000010111010010 0
#973750000
1,
b0000101110100100 .
b000010111010010 /
#974000000
0,
b0000101110100101 .
b000010111010011 0
#974250000
1,
b0000101110100110 .
b000010111010011 /
#974500000
0,
b0000101110100111 .
b000010111010100 0
#974750000
1,
b0000101110101000 .
b000010111010100 /
#975000000
0,
b0000101110101001 .
b000010111010101 0
#975250000
1,
b0000101110101010 .
b000010111010101 /
#975500000
0,
b0000101110101011 .
b000010111010110 0
#975750000
1,
b0000101110101100 .
b000010111010110 /
#976000000
0)
0,
b0000101110101101 .
b000010111010111 0
#976250000
1,
b0000101110101110 .
b000010111010111 /
#976500000
0,
b0000101110101111 .
b000010111011000 0
#976750000
1,
b0000101110110000 .
b000010111011000 /
#977000000
0,
b0000101110110001 .
b000010111011001 0
#977250000
1,
b0000101110110010 .
b000010111011001 /
#977500000
0,
b0000101110110011 .
b000010111011010 0
#977750000
1,
b0000101110110100 .
b000010111011010 /
#978000000
0,
b0000101110110101 .
b000010111011011 0
#978250000
1,
b0000101110110110 .
b000010111011011 /
#978500000
0,
b0000101110110111 .
b000010111011100 0
#978750000
1,
b0000101110111000 .
b000010111011100 /
#979000000
0,
b0000101110111001 .
b000010111011101 0
#979250000
1,
b0000101110111010 .
b000010111011101 /
#979500000
0,
b0000101110111011 .
b000010111011110 0
#979750000
1,
b0000101110111100 .
b000010111011110 /
#980000000
0,
b0000101110111101 .
b000010111011111 0
#980250000
1,
b0000101110111110 .
b000010111011111 /
#980500000
0,
b0000101110111111 .
b000010111100000 0
#980750000
1,
b0000101111000000 .
b000010111100000 /
#981000000
0,
b0000101111000001 .
b000010111100001 0
#981250000
1,
b0000101111000010 .
b000010111100001 /
#981500000
0,
b0000101111000011 .
b000010111100010 0
#981750000
1,
b0000101111000100 .
b000010111100010 /
#982000000
0,
b0000101111000101 .
b000010111100011 0
#982250000
1,
b0000101111000110 .
b000010111100011 /
#982500000
0,
b0000101111000111 .
b000010111100100 0
#982750000
1,
b0000101111001000 .
b000010111100100 /
#983000000
0,
b0000101111001001 .
b000010111100101 0
#983250000
1,
b0000101111001010 .
b000010111100101 /
#983500000
0,
b0000101111001011 .
b000010111100110 0
#983750000
1,
b0000101111001100 .
b000010111100110 /
#984000000
0,
b0000101111001101 .
b000010111100111 0
#984250000
1,
b0000101111001110 .
b000010111100111 /
#984500000
0,
b0000101111001111 .
b000010111101000 0
#984750000
1,
b0000101111010000 .
b000010111101000 /
#985000000
0,
b0000101111010001 .
b000010111101001 0
#985250000
1,
b0000101111010010 .
b000010111101001 /
#985500000
0,
b0000101111010011 .
b000010111101010 0
#985750000
1,
b0000101111010100 .
b000010111101010 /
#986000000
0,
b0000101111010101 .
b000010111101011 0
#986250000
1,
b0000101111010110 .
b000010111101011 /
#986500000
0,
b0000101111010111 .
b000010111101100 0
#986750000
1,
b0000101111011000 .
b000010111101100 /
#987000000
0,
b0000101111011001 .
b000010111101101 0
#987250000
1,
b0000101111011010 .
b000010111101101 /
#987500000
0,
b0000101111011011 .
b000010111101110 0
#987750000
1,
b0000101111011100 .
b000010111101110 /
#988000000
0,
b0000101111011101 .
b000010111101111 0
#988250000
1,
b0000101111011110 .
b000010111101111 /
#988500000
0,
b0000101111011111 .
b000010111110000 0
#988750000
1,
b0000101111100000 .
b000010111110000 /
#989000000
0,
b0000101111100001 .
b000010111110001 0
#989250000
1,
b0000101111100010 .
b000010111110001 /
#989500000
0,
b0000101111100011 .
b000010111110010 0
#989750000
1,
b0000101111100100 .
b000010111110010 /
#990000000
0,
b0000101111100101 .
b000010111110011 0
#990250000
1,
b0000101111100110 .
b000010111110011 /
#990500000
0,
b0000101111100111 .
b000010111110100 0
#990750000
1,
b0000101111101000 .
b000010111110100 /
#991000000
0,
b0000101111101001 .
b000010111110101 0
#991250000
b00011001 (
1)
1,
b0000101111101010 .
b000010111110101 /
#991500000
0,
b0000101111101011 .
b000010111110110 0
#991750000
1,
b0000101111101100 .
b000010111110110 /
#992000000
0,
b0000101111101101 .
b000010111110111 0
#992250000
1,
b0000101111101110 .
b000010111110111 /
#992500000
0,
b0000101111101111 .
b000010111111000 0
#992750000
1,
b0000101111110000 .
b000010111111000 /
#993000000
0,
b0000101111110001 .
b000010111111001 0
#993250000
1,
b0000101111110010 .
b000010111111001 /
#993500000
0,
b0000101111110011 .
b000010111111010 0
#993750000
1,
b0000101111110100 .
b000010111111010 /
#994000000
0,
b0000101111110101 .
b000010111111011 0
#994250000
1,
b0000101111110110 .
b000010111111011 /
#994500000
0,
b0000101111110111 .
b000010111111100 0
#994750000
1,
b0000101111111000 .
b000010111111100 /
#995000000
0,
b0000101111111001 .
b000010111111101 0
#995250000
1,
b0000101111111010 .
b000010111111101 /
#995500000
0,
b0000101111111011 .
b000010111111110 0
#995750000
1,
b0000101111111100 .
b000010111111110 /
#996000000
0,
b0000101111111101 .
b000010111111111 0
#996250000
1,
b0000101111111110 .
b000010111111111 /
#996500000
0,
b0000101111111111 .
b000011000000000 0
#996750000
1,
b0000110000000000 .
b000011000000000 /
#997000000
0,
b0000110000000001 .
b000011000000001 0
#997250000
1,
b0000110000000010 .
b000011000000001 /
#997500000
0,
b0000110000000011 .
b000011000000010 0
#997750000
1,
b0000110000000100 .
b000011000000010 /
#998000000
0,
b0000110000000101 .
b000011000000011 0
#998250000
1,
b0000110000000110 .
b000011000000011 /
#998500000
0,
b0000110000000111 .
b000011000000100 0
#998750000
1,
b0000110000001000 .
b000011000000100 /
#999000000
0,
b0000110000001001 .
b000011000000101 0
#999250000
1,
b0000110000001010 .
b000011000000101 /
#999500000
0,
b0000110000001011 .
b000011000000110 0
#999750000
1,
b0000110000001100 .
b000011000000110 /
#1000000000
0,
b0000110000001101 .
b000011000000111 0
#1000250000
1,
b0000110000001110 .
b000011000000111 /
#1000500000
0,
b0000110000001111 .
b000011000001000 0
#1000750000
1,
b0000110000010000 .
b000011000001000 /
#1001000000
0,
b0000110000010001 .
b000011000001001 0
#1001250000
1,
b0000110000010010 .
b000011000001001 /
#1001500000
0,
b0000110000010011 .
b000011000001010 0
#1001750000
1,
b0000110000010100 .
b000011000001010 /
#1002000000
0,
b0000110000010101 .
b000011000001011 0
#1002250000
1,
b0000110000010110 .
b000011000001011 /
#1002500000
0,
b0000110000010111 .
b000011000001100 0
#1002750000
1,
b0000110000011000 .
b000011000001100 /
#1003000000
0,
b0000110000011001 .
b000011000001101 0
#1003250000
1,
b0000110000011010 .
b000011000001101 /
#1003500000
0,
b0000110000011011 .
b000011000001110 0
#1003750000
1,
b0000110000011100 .
b000011000001110 /
#1004000000
0,
b0000110000011101 .
b000011000001111 0
#1004250000
1,
b0000110000011110 .
b000011000001111 /
#1004500000
0,
b0000110000011111 .
b000011000010000 0
#1004750000
1,
b0000110000100000 .
b000011000010000 /
#1005000000
0,
b0000110000100001 .
b000011000010001 0
#1005250000
1,
b0000110000100010 .
b000011000010001 /
#1005500000
0,
b0000110000100011 .
b000011000010010 0
#1005750000
1,
b0000110000100100 .
b000011000010010 /
#1006000000
0,
b0000110000100101 .
b000011000010011 0
#1006250000
1,
b0000110000100110 .
b000011000010011 /
#1006500000
0)
0,
b0000110000100111 .
b000011000010100 0
#1006750000
1,
b0000110000101000 .
b000011000010100 /
#1007000000
0,
b0000110000101001 .
b000011000010101 0
#1007250000
1,
b0000110000101010 .
b000011000010101 /
#1007500000
0,
b0000110000101011 .
b000011000010110 0
#1007750000
1,
b0000110000101100 .
b000011000010110 /
#1008000000
0,
b0000110000101101 .
b000011000010111 0
#1008250000
1,
b0000110000101110 .
b000011000010111 /
#1008500000
0,
b0000110000101111 .
b000011000011000 0
#1008750000
1,
b0000110000110000 .
b000011000011000 /
#1009000000
0,
b0000110000110001 .
b000011000011001 0
#1009250000
1,
b0000110000110010 .
b000011000011001 /
#1009500000
0,
b0000110000110011 .
b000011000011010 0
#1009750000
1,
b0000110000110100 .
b000011000011010 /
#1010000000
0,
b0000110000110101 .
b000011000011011 0
#1010250000
1,
b0000110000110110 .
b000011000011011 /
#1010500000
0,
b0000110000110111 .
b000011000011100 0
#1010750000
1,
b0000110000111000 .
b000011000011100 /
#1011000000
0,
b0000110000111001 .
b000011000011101 0
#1011250000
1,
b0000110000111010 .
b000011000011101 /
#1011500000
0,
b0000110000111011 .
b000011000011110 0
#1011750000
1,
b0000110000111100 .
b000011000011110 /
#1012000000
0,
b0000110000111101 .
b000011000011111 0
#1012250000
1,
b0000110000111110 .
b000011000011111 /
#1012500000
0,
b0000110000111111 .
b000011000100000 0
#1012750000
1,
b0000110001000000 .
b000011000100000 /
#1013000000
0,
b0000110001000001 .
b000011000100001 0
#1013250000
1,
b0000110001000010 .
b000011000100001 /
#1013500000
0,
b0000110001000011 .
b000011000100010 0
#1013750000
1,
b0000110001000100 .
b000011000100010 /
#1014000000
0,
b0000110001000101 .
b000011000100011 0
#1014250000
1,
b0000110001000110 .
b000011000100011 /
#1014500000
0,
b0000110001000111 .
b000011000100100 0
#1014750000
1,
b0000110001001000 .
b000011000100100 /
#1015000000
0,
b0000110001001001 .
b000011000100101 0
#1015250000
1,
b0000110001001010 .
b000011000100101 /
#1015500000
0,
b0000110001001011 .
b000011000100110 0
#1015750000
1,
b0000110001001100 .
b000011000100110 /
#1016000000
0,
b0000110001001101 .
b000011000100111 0
#1016250000
1,
b0000110001001110 .
b000011000100111 /
#1016500000
0,
b0000110001001111 .
b000011000101000 0
#1016750000
1,
b0000110001010000 .
b000011000101000 /
#1017000000
0,
b0000110001010001 .
b000011000101001 0
#1017250000
1,
b0000110001010010 .
b000011000101001 /
#1017500000
0,
b0000110001010011 .
b000011000101010 0
#1017750000
1,
b0000110001010100 .
b000011000101010 /
#1018000000
0,
b0000110001010101 .
b000011000101011 0
#1018250000
1,
b0000110001010110 .
b000011000101011 /
#1018500000
0,
b0000110001010111 .
b000011000101100 0
#1018750000
1,
b0000110001011000 .
b000011000101100 /
#1019000000
0,
b0000110001011001 .
b000011000101101 0
#1019250000
1,
b0000110001011010 .
b000011000101101 /
#1019500000
0,
b0000110001011011 .
b000011000101110 0
#1019750000
1,
b0000110001011100 .
b000011000101110 /
#1020000000
0,
b0000110001011101 .
b000011000101111 0
#1020250000
1,
b0000110001011110 .
b000011000101111 /
#1020500000
0,
b0000110001011111 .
b000011000110000 0
#1020750000
1,
b0000110001100000 .
b000011000110000 /
#1021000000
0,
b0000110001100001 .
b000011000110001 0
#1021250000
1,
b0000110001100010 .
b000011000110001 /
#1021500000
0,
b0000110001100011 .
b000011000110010 0
#1021750000
b00011010 (
1)
1,
b0000110001100100 .
b000011000110010 /
#1022000000
0,
b0000110001100101 .
b000011000110011 0
#1022250000
1,
b0000110001100110 .
b000011000110011 /
#1022500000
0,
b0000110001100111 .
b000011000110100 0
#1022750000
1,
b0000110001101000 .
b000011000110100 /
#1023000000
0,
b0000110001101001 .
b000011000110101 0
#1023250000
1,
b0000110001101010 .
b000011000110101 /
#1023500000
0,
b0000110001101011 .
b000011000110110 0
#1023750000
1,
b0000110001101100 .
b000011000110110 /
#1024000000
0,
b0000110001101101 .
b000011000110111 0
#1024250000
1,
b0000110001101110 .
b000011000110111 /
#1024500000
0,
b0000110001101111 .
b000011000111000 0
#1024750000
1,
b0000110001110000 .
b000011000111000 /
#1025000000
0,
b0000110001110001 .
b000011000111001 0
#1025250000
1,
b0000110001110010 .
b000011000111001 /
#1025500000
0,
b0000110001110011 .
b000011000111010 0
#1025750000
1,
b0000110001110100 .
b000011000111010 /
#1026000000
0,
b0000110001110101 .
b000011000111011 0
#1026250000
1,
b0000110001110110 .
b000011000111011 /
#1026500000
0,
b0000110001110111 .
b000011000111100 0
#1026750000
1,
b0000110001111000 .
b000011000111100 /
#1027000000
0,
b0000110001111001 .
b000011000111101 0
#1027250000
1,
b0000110001111010 .
b000011000111101 /
#1027500000
0,
b0000110001111011 .
b000011000111110 0
#1027750000
1,
b0000110001111100 .
b000011000111110 /
#1028000000
0,
b0000110001111101 .
b000011000111111 0
#1028250000
1,
b0000110001111110 .
b000011000111111 /
#1028500000
0,
b0000110001111111 .
b000011001000000 0
#1028750000
1,
b0000110010000000 .
b000011001000000 /
#1029000000
0,
b0000110010000001 .
b000011001000001 0
#1029250000
1,
b0000110010000010 .
b000011001000001 /
#1029500000
0,
b0000110010000011 .
b000011001000010 0
#1029750000
1,
b0000110010000100 .
b000011001000010 /
#1030000000
0,
b0000110010000101 .
b000011001000011 0
#1030250000
1,
b0000110010000110 .
b000011001000011 /
#1030500000
0,
b0000110010000111 .
b000011001000100 0
#1030750000
1,
b0000110010001000 .
b000011001000100 /
#1031000000
0,
b0000110010001001 .
b000011001000101 0
#1031250000
1,
b0000110010001010 .
b000011001000101 /
#1031500000
0,
b0000110010001011 .
b000011001000110 0
#1031750000
1,
b0000110010001100 .
b000011001000110 /
#1032000000
0,
b0000110010001101 .
b000011001000111 0
#1032250000
1,
b0000110010001110 .
b000011001000111 /
#1032500000
0,
b0000110010001111 .
b000011001001000 0
#1032750000
1,
b0000110010010000 .
b000011001001000 /
#1033000000
0,
b0000110010010001 .
b000011001001001 0
#1033250000
1,
b0000110010010010 .
b000011001001001 /
#1033500000
0,
b0000110010010011 .
b000011001001010 0
#1033750000
1,
b0000110010010100 .
b000011001001010 /
#1034000000
0,
b0000110010010101 .
b000011001001011 0
#1034250000
1,
b0000110010010110 .
b000011001001011 /
#1034500000
0,
b0000110010010111 .
b000011001001100 0
#1034750000
1,
b0000110010011000 .
b000011001001100 /
#1035000000
0,
b0000110010011001 .
b000011001001101 0
#1035250000
1,
b0000110010011010 .
b000011001001101 /
#1035500000
0,
b0000110010011011 .
b000011001001110 0
#1035750000
1,
b0000110010011100 .
b000011001001110 /
#1036000000
0,
b0000110010011101 .
b000011001001111 0
#1036250000
1,
b0000110010011110 .
b000011001001111 /
#1036500000
0,
b0000110010011111 .
b000011001010000 0
#1036750000
1,
b0000110010100000 .
b000011001010000 /
#1037000000
0)
0,
b0000110010100001 .
b000011001010001 0
#1037250000
1,
b0000110010100010 .
b000011001010001 /
#1037500000
0,
b0000110010100011 .
b000011001010010 0
#1037750000
1,
b0000110010100100 .
b000011001010010 /
#1038000000
0,
b0000110010100101 .
b000011001010011 0
#1038250000
1,
b0000110010100110 .
b000011001010011 /
#1038500000
0,
b0000110010100111 .
b000011001010100 0
#1038750000
1,
b0000110010101000 .
b000011001010100 /
#1039000000
0,
b0000110010101001 .
b000011001010101 0
#1039250000
1,
b0000110010101010 .
b000011001010101 /
#1039500000
0,
b0000110010101011 .
b000011001010110 0
#1039750000
1,
b0000110010101100 .
b000011001010110 /
#1040000000
0,
b0000110010101101 .
b000011001010111 0
#1040250000
1,
b0000110010101110 .
b000011001010111 /
#1040500000
0,
b0000110010101111 .
b000011001011000 0
#1040750000
1,
b0000110010110000 .
b000011001011000 /
#1041000000
0,
b0000110010110001 .
b000011001011001 0
#1041250000
1,
b0000110010110010 .
b000011001011001 /
#1041500000
0,
b0000110010110011 .
b000011001011010 0
#1041750000
1,
b0000110010110100 .
b000011001011010 /
#1042000000
0,
b0000110010110101 .
b000011001011011 0
#1042250000
1,
b0000110010110110 .
b000011001011011 /
#1042500000
0,
b0000110010110111 .
b000011001011100 0
#1042750000
1,
b0000110010111000 .
b000011001011100 /
#1043000000
0,
b0000110010111001 .
b000011001011101 0
#1043250000
1,
b0000110010111010 .
b000011001011101 /
#1043500000
0,
b0000110010111011 .
b000011001011110 0
#1043750000
1,
b0000110010111100 .
b000011001011110 /
#1044000000
0,
b0000110010111101 .
b000011001011111 0
#1044250000
1,
b0000110010111110 .
b000011001011111 /
#1044500000
0,
b0000110010111111 .
b000011001100000 0
#1044750000
1,
b0000110011000000 .
b000011001100000 /
#1045000000
0,
b0000110011000001 .
b000011001100001 0
#1045250000
1,
b0000110011000010 .
b000011001100001 /
#1045500000
0,
b0000110011000011 .
b000011001100010 0
#1045750000
1,
b0000110011000100 .
b000011001100010 /
#1046000000
0,
b0000110011000101 .
b000011001100011 0
#1046250000
1,
b0000110011000110 .
b000011001100011 /
#1046500000
0,
b0000110011000111 .
b000011001100100 0
#1046750000
1,
b0000110011001000 .
b000011001100100 /
#1047000000
0,
b0000110011001001 .
b000011001100101 0
#1047250000
1,
b0000110011001010 .
b000011001100101 /
#1047500000
0,
b0000110011001011 .
b000011001100110 0
#1047750000
1,
b0000110011001100 .
b000011001100110 /
#1048000000
0,
b0000110011001101 .
b000011001100111 0
#1048250000
1,
b0000110011001110 .
b000011001100111 /
#1048500000
0,
b0000110011001111 .
b000011001101000 0
#1048750000
1,
b0000110011010000 .
b000011001101000 /
#1049000000
0,
b0000110011010001 .
b000011001101001 0
#1049250000
1,
b0000110011010010 .
b000011001101001 /
#1049500000
0,
b0000110011010011 .
b000011001101010 0
#1049750000
1,
b0000110011010100 .
b000011001101010 /
#1050000000
0,
b0000110011010101 .
b000011001101011 0
#1050250000
1,
b0000110011010110 .
b000011001101011 /
#1050500000
0,
b0000110011010111 .
b000011001101100 0
#1050750000
1,
b0000110011011000 .
b000011001101100 /
#1051000000
0,
b0000110011011001 .
b000011001101101 0
#1051250000
1,
b0000110011011010 .
b000011001101101 /
#1051500000
0,
b0000110011011011 .
b000011001101110 0
#1051750000
1,
b0000110011011100 .
b000011001101110 /
#1052000000
0,
b0000110011011101 .
b000011001101111 0
#1052250000
b00011011 (
1)
1,
b0000110011011110 .
b000011001101111 /
#1052500000
0,
b0000110011011111 .
b000011001110000 0
#1052750000
1,
b0000110011100000 .
b000011001110000 /
#1053000000
0,
b0000110011100001 .
b000011001110001 0
#1053250000
1,
b0000110011100010 .
b000011001110001 /
#1053500000
0,
b0000110011100011 .
b000011001110010 0
#1053750000
1,
b0000110011100100 .
b000011001110010 /
#1054000000
0,
b0000110011100101 .
b000011001110011 0
#1054250000
1,
b0000110011100110 .
b000011001110011 /
#1054500000
0,
b0000110011100111 .
b000011001110100 0
#1054750000
1,
b0000110011101000 .
b000011001110100 /
#1055000000
0,
b0000110011101001 .
b000011001110101 0
#1055250000
1,
b0000110011101010 .
b000011001110101 /
#1055500000
0,
b0000110011101011 .
b000011001110110 0
#1055750000
1,
b0000110011101100 .
b000011001110110 /
#1056000000
0,
b0000110011101101 .
b000011001110111 0
#1056250000
1,
b0000110011101110 .
b000011001110111 /
#1056500000
0,
b0000110011101111 .
b000011001111000 0
#1056750000
1,
b0000110011110000 .
b000011001111000 /
#1057000000
0,
b0000110011110001 .
b000011001111001 0
#1057250000
1,
b0000110011110010 .
b000011001111001 /
#1057500000
0,
b0000110011110011 .
b000011001111010 0
#1057750000
1,
b0000110011110100 .
b000011001111010 /
#1058000000
0,
b0000110011110101 .
b000011001111011 0
#1058250000
1,
b0000110011110110 .
b000011001111011 /
#1058500000
0,
b0000110011110111 .
b000011001111100 0
#1058750000
1,
b0000110011111000 .
b000011001111100 /
#1059000000
0,
b0000110011111001 .
b000011001111101 0
#1059250000
1,
b0000110011111010 .
b000011001111101 /
#1059500000
0,
b0000110011111011 .
b000011001111110 0
#1059750000
1,
b0000110011111100 .
b000011001111110 /
#1060000000
0,
b0000110011111101 .
b000011001111111 0
#1060250000
1,
b0000110011111110 .
b000011001111111 /
#1060500000
0,
b0000110011111111 .
b000011010000000 0
#1060750000
1,
b0000110100000000 .
b000011010000000 /
#1061000000
0,
b0000110100000001 .
b000011010000001 0
#1061250000
1,
b0000110100000010 .
b000011010000001 /
#1061500000
0,
b0000110100000011 .
b000011010000010 0
#1061750000
1,
b0000110100000100 .
b000011010000010 /
#1062000000
0,
b0000110100000101 .
b000011010000011 0
#1062250000
1,
b0000110100000110 .
b000011010000011 /
#1062500000
0,
b0000110100000111 .
b000011010000100 0
#1062750000
1,
b0000110100001000 .
b000011010000100 /
#1063000000
0,
b0000110100001001 .
b000011010000101 0
#1063250000
1,
b0000110100001010 .
b000011010000101 /
#1063500000
0,
b0000110100001011 .
b000011010000110 0
#1063750000
1,
b0000110100001100 .
b000011010000110 /
#1064000000
0,
b0000110100001101 .
b000011010000111 0
#1064250000
1,
b0000110100001110 .
b000011010000111 /
#1064500000
0,
b0000110100001111 .
b000011010001000 0
#1064750000
1,
b0000110100010000 .
b000011010001000 /
#1065000000
0,
b0000110100010001 .
b000011010001001 0
#1065250000
1,
b0000110100010010 .
b000011010001001 /
#1065500000
0,
b0000110100010011 .
b000011010001010 0
#1065750000
1,
b0000110100010100 .
b000011010001010 /
#1066000000
0,
b0000110100010101 .
b000011010001011 0
#1066250000
1,
b0000110100010110 .
b000011010001011 /
#1066500000
0,
b0000110100010111 .
b000011010001100 0
#1066750000
1,
b0000110100011000 .
b000011010001100 /
#1067000000
0,
b0000110100011001 .
b000011010001101 0
#1067250000
1,
b0000110100011010 .
b000011010001101 /
#1067500000
0)
0,
b0000110100011011 .
b000011010001110 0
#1067750000
1,
b0000110100011100 .
b000011010001110 /
#1068000000
0,
b0000110100011101 .
b000011010001111 0
#1068250000
1,
b0000110100011110 .
b000011010001111 /
#1068500000
0,
b0000110100011111 .
b000011010010000 0
#1068750000
1,
b0000110100100000 .
b000011010010000 /
#1069000000
0,
b0000110100100001 .
b000011010010001 0
#1069250000
1,
b0000110100100010 .
b000011010010001 /
#1069500000
0,
b0000110100100011 .
b000011010010010 0
#1069750000
1,
b0000110100100100 .
b000011010010010 /
#1070000000
0,
b0000110100100101 .
b000011010010011 0
#1070250000
1,
b0000110100100110 .
b000011010010011 /
#1070500000
0,
b0000110100100111 .
b000011010010100 0
#1070750000
1,
b0000110100101000 .
b000011010010100 /
#1071000000
0,
b0000110100101001 .
b000011010010101 0
#1071250000
1,
b0000110100101010 .
b000011010010101 /
#1071500000
0,
b0000110100101011 .
b000011010010110 0
#1071750000
1,
b0000110100101100 .
b000011010010110 /
#1072000000
0,
b0000110100101101 .
b000011010010111 0
#1072250000
1,
b0000110100101110 .
b000011010010111 /
#1072500000
0,
b0000110100101111 .
b000011010011000 0
#1072750000
1,
b0000110100110000 .
b000011010011000 /
#1073000000
0,
b0000110100110001 .
b000011010011001 0
#1073250000
1,
b0000110100110010 .
b000011010011001 /
#1073500000
0,
b0000110100110011 .
b000011010011010 0
#1073750000
1,
b0000110100110100 .
b000011010011010 /
#1074000000
0,
b0000110100110101 .
b000011010011011 0
#1074250000
1,
b0000110100110110 .
b000011010011011 /
#1074500000
0,
b0000110100110111 .
b000011010011100 0
#1074750000
1,
b0000110100111000 .
b000011010011100 /
#1075000000
0,
b0000110100111001 .
b000011010011101 0
#1075250000
1,
b0000110100111010 .
b000011010011101 /
#1075500000
0,
b0000110100111011 .
b000011010011110 0
#1075750000
1,
b0000110100111100 .
b000011010011110 /
#1076000000
0,
b0000110100111101 .
b000011010011111 0
#1076250000
1,
b0000110100111110 .
b000011010011111 /
#1076500000
0,
b0000110100111111 .
b000011010100000 0
#1076750000
1,
b0000110101000000 .
b000011010100000 /
#1077000000
0,
b0000110101000001 .
b000011010100001 0
#1077250000
1,
b0000110101000010 .
b000011010100001 /
#1077500000
0,
b0000110101000011 .
b000011010100010 0
#1077750000
1,
b0000110101000100 .
b000011010100010 /
#1078000000
0,
b0000110101000101 .
b000011010100011 0
#1078250000
1,
b0000110101000110 .
b000011010100011 /
#1078500000
0,
b0000110101000111 .
b000011010100100 0
#1078750000
1,
b0000110101001000 .
b000011010100100 /
#1079000000
0,
b0000110101001001 .
b000011010100101 0
#1079250000
1,
b0000110101001010 .
b000011010100101 /
#1079500000
0,
b0000110101001011 .
b000011010100110 0
#1079750000
1,
b0000110101001100 .
b000011010100110 /
#1080000000
0,
b0000110101001101 .
b000011010100111 0
#1080250000
1,
b0000110101001110 .
b000011010100111 /
#1080500000
0,
b0000110101001111 .
b000011010101000 0
#1080750000
1,
b0000110101010000 .
b000011010101000 /
#1081000000
0,
b0000110101010001 .
b000011010101001 0
#1081250000
1,
b0000110101010010 .
b000011010101001 /
#1081500000
0,
b0000110101010011 .
b000011010101010 0
#1081750000
1,
b0000110101010100 .
b000011010101010 /
#1082000000
0,
b0000110101010101 .
b000011010101011 0
#1082250000
1,
b0000110101010110 .
b000011010101011 /
#1082500000
0,
b0000110101010111 .
b000011010101100 0
#1082750000
b00011100 (
1)
1,
b0000110101011000 .
b000011010101100 /
#1083000000
0,
b0000110101011001 .
b000011010101101 0
#1083250000
1,
b0000110101011010 .
b000011010101101 /
#1083500000
0,
b0000110101011011 .
b000011010101110 0
#1083750000
1,
b0000110101011100 .
b000011010101110 /
#1084000000
0,
b0000110101011101 .
b000011010101111 0
#1084250000
1,
b0000110101011110 .
b000011010101111 /
#1084500000
0,
b0000110101011111 .
b000011010110000 0
#1084750000
1,
b0000110101100000 .
b000011010110000 /
#1085000000
0,
b0000110101100001 .
b000011010110001 0
#1085250000
1,
b0000110101100010 .
b000011010110001 /
#1085500000
0,
b0000110101100011 .
b000011010110010 0
#1085750000
1,
b0000110101100100 .
b000011010110010 /
#1086000000
0,
b0000110101100101 .
b000011010110011 0
#1086250000
1,
b0000110101100110 .
b000011010110011 /
#1086500000
0,
b0000110101100111 .
b000011010110100 0
#1086750000
1,
b0000110101101000 .
b000011010110100 /
#1087000000
0,
b0000110101101001 .
b000011010110101 0
#1087250000
1,
b0000110101101010 .
b000011010110101 /
#1087500000
0,
b0000110101101011 .
b000011010110110 0
#1087750000
1,
b0000110101101100 .
b000011010110110 /
#1088000000
0,
b0000110101101101 .
b000011010110111 0
#1088250000
1,
b0000110101101110 .
b000011010110111 /
#1088500000
0,
b0000110101101111 .
b000011010111000 0
#1088750000
1,
b0000110101110000 .
b000011010111000 /
#1089000000
0,
b0000110101110001 .
b000011010111001 0
#1089250000
1,
b0000110101110010 .
b000011010111001 /
#1089500000
0,
b0000110101110011 .
b000011010111010 0
#1089750000
1,
b0000110101110100 .
b000011010111010 /
#1090000000
0,
b0000110101110101 .
b000011010111011 0
#1090250000
1,
b0000110101110110 .
b000011010111011 /
#1090500000
0,
b0000110101110111 .
b000011010111100 0
#1090750000
1,
b0000110101111000 .
b000011010111100 /
#1091000000
0,
b0000110101111001 .
b000011010111101 0
#1091250000
1,
b0000110101111010 .
b000011010111101 /
#1091500000
0,
b0000110101111011 .
b000011010111110 0
#1091750000
1,
b0000110101111100 .
b000011010111110 /
#1092000000
0,
b0000110101111101 .
b000011010111111 0
#1092250000
1,
b0000110101111110 .
b000011010111111 /
#1092500000
0,
b0000110101111111 .
b000011011000000 0
#1092750000
1,
b0000110110000000 .
b000011011000000 /
#1093000000
0,
b0000110110000001 .
b000011011000001 0
#1093250000
1,
b0000110110000010 .
b000011011000001 /
#1093500000
0,
b0000110110000011 .
b000011011000010 0
#1093750000
1,
b0000110110000100 .
b000011011000010 /
#1094000000
0,
b0000110110000101 .
b000011011000011 0
#1094250000
1,
b0000110110000110 .
b000011011000011 /
#1094500000
0,
b0000110110000111 .
b000011011000100 0
#1094750000
1,
b0000110110001000 .
b000011011000100 /
#1095000000
0,
b0000110110001001 .
b000011011000101 0
#1095250000
1,
b0000110110001010 .
b000011011000101 /
#1095500000
0,
b0000110110001011 .
b000011011000110 0
#1095750000
1,
b0000110110001100 .
b000011011000110 /
#1096000000
0,
b0000110110001101 .
b000011011000111 0
#1096250000
1,
b0000110110001110 .
b000011011000111 /
#1096500000
0,
b0000110110001111 .
b000011011001000 0
#1096750000
1,
b0000110110010000 .
b000011011001000 /
#1097000000
0,
b0000110110010001 .
b000011011001001 0
#1097250000
1,
b0000110110010010 .
b000011011001001 /
#1097500000
0,
b0000110110010011 .
b000011011001010 0
#1097750000
1,
b0000110110010100 .
b000011011001010 /
#1098000000
0)
0,
b0000110110010101 .
b000011011001011 0
#1098250000
1,
b0000110110010110 .
b000011011001011 /
#1098500000
0,
b0000110110010111 .
b000011011001100 0
#1098750000
1,
b0000110110011000 .
b000011011001100 /
#1099000000
0,
b0000110110011001 .
b000011011001101 0
#1099250000
1,
b0000110110011010 .
b000011011001101 /
#1099500000
0,
b0000110110011011 .
b000011011001110 0
#1099750000
1,
b0000110110011100 .
b000011011001110 /
#1100000000
0,
b0000110110011101 .
b000011011001111 0
#1100250000
1,
b0000110110011110 .
b000011011001111 /
#1100500000
0,
b0000110110011111 .
b000011011010000 0
#1100750000
1,
b0000110110100000 .
b000011011010000 /
#1101000000
0,
b0000110110100001 .
b000011011010001 0
#1101250000
1,
b0000110110100010 .
b000011011010001 /
#1101500000
0,
b0000110110100011 .
b000011011010010 0
#1101750000
1,
b0000110110100100 .
b000011011010010 /
#1102000000
0,
b0000110110100101 .
b000011011010011 0
#1102250000
1,
b0000110110100110 .
b000011011010011 /
#1102500000
0,
b0000110110100111 .
b000011011010100 0
#1102750000
1,
b0000110110101000 .
b000011011010100 /
#1103000000
0,
b0000110110101001 .
b000011011010101 0
#1103250000
1,
b0000110110101010 .
b000011011010101 /
#1103500000
0,
b0000110110101011 .
b000011011010110 0
#1103750000
1,
b0000110110101100 .
b000011011010110 /
#1104000000
0,
b0000110110101101 .
b000011011010111 0
#1104250000
1,
b0000110110101110 .
b000011011010111 /
#1104500000
0,
b0000110110101111 .
b000011011011000 0
#1104750000
1,
b0000110110110000 .
b000011011011000 /
#1105000000
0,
b0000110110110001 .
b000011011011001 0
#1105250000
1,
b0000110110110010 .
b000011011011001 /
#1105500000
0,
b0000110110110011 .
b000011011011010 0
#1105750000
1,
b0000110110110100 .
b000011011011010 /
#1106000000
0,
b0000110110110101 .
b000011011011011 0
#1106250000
1,
b0000110110110110 .
b000011011011011 /
#1106500000
0,
b0000110110110111 .
b000011011011100 0
#1106750000
1,
b0000110110111000 .
b000011011011100 /
#1107000000
0,
b0000110110111001 .
b000011011011101 0
#1107250000
1,
b0000110110111010 .
b000011011011101 /
#1107500000
0,
b0000110110111011 .
b000011011011110 0
#1107750000
1,
b0000110110111100 .
b000011011011110 /
#1108000000
0,
b0000110110111101 .
b000011011011111 0
#1108250000
1,
b0000110110111110 .
b000011011011111 /
#1108500000
0,
b0000110110111111 .
b000011011100000 0
#1108750000
1,
b0000110111000000 .
b000011011100000 /
#1109000000
0,
b0000110111000001 .
b000011011100001 0
#1109250000
1,
b0000110111000010 .
b000011011100001 /
#1109500000
0,
b0000110111000011 .
b000011011100010 0
#1109750000
1,
b0000110111000100 .
b000011011100010 /
#1110000000
0,
b0000110111000101 .
b000011011100011 0
#1110250000
1,
b0000110111000110 .
b000011011100011 /
#1110500000
0,
b0000110111000111 .
b000011011100100 0
#1110750000
1,
b0000110111001000 .
b000011011100100 /
#1111000000
0,
b0000110111001001 .
b000011011100101 0
#1111250000
1,
b0000110111001010 .
b000011011100101 /
#1111500000
0,
b0000110111001011 .
b000011011100110 0
#1111750000
1,
b0000110111001100 .
b000011011100110 /
#1112000000
0,
b0000110111001101 .
b000011011100111 0
#1112250000
1,
b0000110111001110 .
b000011011100111 /
#1112500000
0,
b0000110111001111 .
b000011011101000 0
#1112750000
1,
b0000110111010000 .
b000011011101000 /
#1113000000
0,
b0000110111010001 .
b000011011101001 0
#1113250000
b00011101 (
1)
1,
b0000110111010010 .
b000011011101001 /
#1113500000
0,
b0000110111010011 .
b000011011101010 0
#1113750000
1,
b0000110111010100 .
b000011011101010 /
#1114000000
0,
b0000110111010101 .
b000011011101011 0
#1114250000
1,
b0000110111010110 .
b000011011101011 /
#1114500000
0,
b0000110111010111 .
b000011011101100 0
#1114750000
1,
b0000110111011000 .
b000011011101100 /
#1115000000
0,
b0000110111011001 .
b000011011101101 0
#1115250000
1,
b0000110111011010 .
b000011011101101 /
#1115500000
0,
b0000110111011011 .
b000011011101110 0
#1115750000
1,
b0000110111011100 .
b000011011101110 /
#1116000000
0,
b0000110111011101 .
b000011011101111 0
#1116250000
1,
b0000110111011110 .
b000011011101111 /
#1116500000
0,
b0000110111011111 .
b000011011110000 0
#1116750000
1,
b0000110111100000 .
b000011011110000 /
#1117000000
0,
b0000110111100001 .
b000011011110001 0
#1117250000
1,
b0000110111100010 .
b000011011110001 /
#1117500000
0,
b0000110111100011 .
b000011011110010 0
#1117750000
1,
b0000110111100100 .
b000011011110010 /
#1118000000
0,
b0000110111100101 .
b000011011110011 0
#1118250000
1,
b0000110111100110 .
b000011011110011 /
#1118500000
0,
b0000110111100111 .
b000011011110100 0
#1118750000
1,
b0000110111101000 .
b000011011110100 /
#1119000000
0,
b0000110111101001 .
b000011011110101 0
#1119250000
1,
b0000110111101010 .
b000011011110101 /
#1119500000
0,
b0000110111101011 .
b000011011110110 0
#1119750000
1,
b0000110111101100 .
b000011011110110 /
#1120000000
0,
b0000110111101101 .
b000011011110111 0
#1120250000
1,
b0000110111101110 .
b000011011110111 /
#1120500000
0,
b0000110111101111 .
b000011011111000 0
#1120750000
1,
b0000110111110000 .
b000011011111000 /
#1121000000
0,
b0000110111110001 .
b000011011111001 0
#1121250000
1,
b0000110111110010 .
b000011011111001 /
#1121500000
0,
b0000110111110011 .
b000011011111010 0
#1121750000
1,
b0000110111110100 .
b000011011111010 /
#1122000000
0,
b0000110111110101 .
b000011011111011 0
#1122250000
1,
b0000110111110110 .
b000011011111011 /
#1122500000
0,
b0000110111110111 .
b000011011111100 0
#1122750000
1,
b0000110111111000 .
b000011011111100 /
#1123000000
0,
b0000110111111001 .
b000011011111101 0
#1123250000
1,
b0000110111111010 .
b000011011111101 /
#1123500000
0,
b0000110111111011 .
b000011011111110 0
#1123750000
1,
b0000110111111100 .
b000011011111110 /
#1124000000
0,
b0000110111111101 .
b000011011111111 0
#1124250000
1,
b0000110111111110 .
b000011011111111 /
#1124500000
0,
b0000110111111111 .
b000011100000000 0
#1124750000
1,
b0000111000000000 .
b000011100000000 /
#1125000000
0,
b0000111000000001 .
b000011100000001 0
#1125250000
1,
b0000111000000010 .
b000011100000001 /
#1125500000
0,
b0000111000000011 .
b000011100000010 0
#1125750000
1,
b0000111000000100 .
b000011100000010 /
#1126000000
0,
b0000111000000101 .
b000011100000011 0
#1126250000
1,
b0000111000000110 .
b000011100000011 /
#1126500000
0,
b0000111000000111 .
b000011100000100 0
#1126750000
1,
b0000111000001000 .
b000011100000100 /
#1127000000
0,
b0000111000001001 .
b000011100000101 0
#1127250000
1,
b0000111000001010 .
b000011100000101 /
#1127500000
0,
b0000111000001011 .
b000011100000110 0
#1127750000
1,
b0000111000001100 .
b000011100000110 /
#1128000000
0,
b0000111000001101 .
b000011100000111 0
#1128250000
1,
b0000111000001110 .
b000011100000111 /
#1128500000
0)
0,
b0000111000001111 .
b000011100001000 0
#1128750000
1,
b0000111000010000 .
b000011100001000 /
#1129000000
0,
b0000111000010001 .
b000011100001001 0
#1129250000
1,
b0000111000010010 .
b000011100001001 /
#1129500000
0,
b0000111000010011 .
b000011100001010 0
#1129750000
1,
b0000111000010100 .
b000011100001010 /
#1130000000
0,
b0000111000010101 .
b000011100001011 0
#1130250000
1,
b0000111000010110 .
b000011100001011 /
#1130500000
0,
b0000111000010111 .
b000011100001100 0
#1130750000
1,
b0000111000011000 .
b000011100001100 /
#1131000000
0,
b0000111000011001 .
b000011100001101 0
#1131250000
1,
b0000111000011010 .
b000011100001101 /
#1131500000
0,
b0000111000011011 .
b000011100001110 0
#1131750000
1,
b0000111000011100 .
b000011100001110 /
#1132000000
0,
b0000111000011101 .
b000011100001111 0
#1132250000
1,
b0000111000011110 .
b000011100001111 /
#1132500000
0,
b0000111000011111 .
b000011100010000 0
#1132750000
1,
b0000111000100000 .
b000011100010000 /
#1133000000
0,
b0000111000100001 .
b000011100010001 0
#1133250000
1,
b0000111000100010 .
b000011100010001 /
#1133500000
0,
b0000111000100011 .
b000011100010010 0
#1133750000
1,
b0000111000100100 .
b000011100010010 /
#1134000000
0,
b0000111000100101 .
b000011100010011 0
#1134250000
1,
b0000111000100110 .
b000011100010011 /
#1134500000
0,
b0000111000100111 .
b000011100010100 0
#1134750000
1,
b0000111000101000 .
b000011100010100 /
#1135000000
0,
b0000111000101001 .
b000011100010101 0
#1135250000
1,
b0000111000101010 .
b000011100010101 /
#1135500000
0,
b0000111000101011 .
b000011100010110 0
#1135750000
1,
b0000111000101100 .
b000011100010110 /
#1136000000
0,
b0000111000101101 .
b000011100010111 0
#1136250000
1,
b0000111000101110 .
b000011100010111 /
#1136500000
0,
b0000111000101111 .
b000011100011000 0
#1136750000
1,
b0000111000110000 .
b000011100011000 /
#1137000000
0,
b0000111000110001 .
b000011100011001 0
#1137250000
1,
b0000111000110010 .
b000011100011001 /
#1137500000
0,
b0000111000110011 .
b000011100011010 0
#1137750000
1,
b0000111000110100 .
b000011100011010 /
#1138000000
0,
b0000111000110101 .
b000011100011011 0
#1138250000
1,
b0000111000110110 .
b000011100011011 /
#1138500000
0,
b0000111000110111 .
b000011100011100 0
#1138750000
1,
b0000111000111000 .
b000011100011100 /
#1139000000
0,
b0000111000111001 .
b000011100011101 0
#1139250000
1,
b0000111000111010 .
b000011100011101 /
#1139500000
0,
b0000111000111011 .
b000011100011110 0
#1139750000
1,
b0000111000111100 .
b000011100011110 /
#1140000000
0,
b0000111000111101 .
b000011100011111 0
#1140250000
1,
b0000111000111110 .
b000011100011111 /
#1140500000
0,
b0000111000111111 .
b000011100100000 0
#1140750000
1,
b0000111001000000 .
b000011100100000 /
#1141000000
0,
b0000111001000001 .
b000011100100001 0
#1141250000
1,
b0000111001000010 .
b000011100100001 /
#1141500000
0,
b0000111001000011 .
b000011100100010 0
#1141750000
1,
b0000111001000100 .
b000011100100010 /
#1142000000
0,
b0000111001000101 .
b000011100100011 0
#1142250000
1,
b0000111001000110 .
b000011100100011 /
#1142500000
0,
b0000111001000111 .
b000011100100100 0
#1142750000
1,
b0000111001001000 .
b000011100100100 /
#1143000000
0,
b0000111001001001 .
b000011100100101 0
#1143250000
1,
b0000111001001010 .
b000011100100101 /
#1143500000
0,
b0000111001001011 .
b000011100100110 0
#1143750000
b00011110 (
1)
1,
b0000111001001100 .
b000011100100110 /
#1144000000
0,
b0000111001001101 .
b000011100100111 0
#1144250000
1,
b0000111001001110 .
b000011100100111 /
#1144500000
0,
b0000111001001111 .
b000011100101000 0
#1144750000
1,
b0000111001010000 .
b000011100101000 /
#1145000000
0,
b0000111001010001 .
b000011100101001 0
#1145250000
1,
b0000111001010010 .
b000011100101001 /
#1145500000
0,
b0000111001010011 .
b000011100101010 0
#1145750000
1,
b0000111001010100 .
b000011100101010 /
#1146000000
0,
b0000111001010101 .
b000011100101011 0
#1146250000
1,
b0000111001010110 .
b000011100101011 /
#1146500000
0,
b0000111001010111 .
b000011100101100 0
#1146750000
1,
b0000111001011000 .
b000011100101100 /
#1147000000
0,
b0000111001011001 .
b000011100101101 0
#1147250000
1,
b0000111001011010 .
b000011100101101 /
#1147500000
0,
b0000111001011011 .
b000011100101110 0
#1147750000
1,
b0000111001011100 .
b000011100101110 /
#1148000000
0,
b0000111001011101 .
b000011100101111 0
#1148250000
1,
b0000111001011110 .
b000011100101111 /
#1148500000
0,
b0000111001011111 .
b000011100110000 0
#1148750000
1,
b0000111001100000 .
b000011100110000 /
#1149000000
0,
b0000111001100001 .
b000011100110001 0
#1149250000
1,
b0000111001100010 .
b000011100110001 /
#1149500000
0,
b0000111001100011 .
b000011100110010 0
#1149750000
1,
b0000111001100100 .
b000011100110010 /
#1150000000
0,
b0000111001100101 .
b000011100110011 0
#1150250000
1,
b0000111001100110 .
b000011100110011 /
#1150500000
0,
b0000111001100111 .
b000011100110100 0
#1150750000
1,
b0000111001101000 .
b000011100110100 /
#1151000000
0,
b0000111001101001 .
b000011100110101 0
#1151250000
1,
b0000111001101010 .
b000011100110101 /
#1151500000
0,
b0000111001101011 .
b000011100110110 0
#1151750000
1,
b0000111001101100 .
b000011100110110 /
#1152000000
0,
b0000111001101101 .
b000011100110111 0
#1152250000
1,
b0000111001101110 .
b000011100110111 /
#1152500000
0,
b0000111001101111 .
b000011100111000 0
#1152750000
1,
b0000111001110000 .
b000011100111000 /
#1153000000
0,
b0000111001110001 .
b000011100111001 0
#1153250000
1,
b0000111001110010 .
b000011100111001 /
#1153500000
0,
b0000111001110011 .
b000011100111010 0
#1153750000
1,
b0000111001110100 .
b000011100111010 /
#1154000000
0,
b0000111001110101 .
b000011100111011 0
#1154250000
1,
b0000111001110110 .
b000011100111011 /
#1154500000
0,
b0000111001110111 .
b000011100111100 0
#1154750000
1,
b0000111001111000 .
b000011100111100 /
#1155000000
0,
b0000111001111001 .
b000011100111101 0
#1155250000
1,
b0000111001111010 .
b000011100111101 /
#1155500000
0,
b0000111001111011 .
b000011100111110 0
#1155750000
1,
b0000111001111100 .
b000011100111110 /
#1156000000
0,
b0000111001111101 .
b000011100111111 0
#1156250000
1,
b0000111001111110 .
b000011100111111 /
#1156500000
0,
b0000111001111111 .
b000011101000000 0
#1156750000
1,
b0000111010000000 .
b000011101000000 /
#1157000000
0,
b0000111010000001 .
b000011101000001 0
#1157250000
1,
b0000111010000010 .
b000011101000001 /
#1157500000
0,
b0000111010000011 .
b000011101000010 0
#1157750000
1,
b0000111010000100 .
b000011101000010 /
#1158000000
0,
b0000111010000101 .
b000011101000011 0
#1158250000
1,
b0000111010000110 .
b000011101000011 /
#1158500000
0,
b0000111010000111 .
b000011101000100 0
#1158750000
1,
b0000111010001000 .
b000011101000100 /
#1159000000
0)
0,
b0000111010001001 .
b000011101000101 0
#1159250000
1,
b0000111010001010 .
b000011101000101 /
#1159500000
0,
b0000111010001011 .
b000011101000110 0
#1159750000
1,
b0000111010001100 .
b000011101000110 /
#1160000000
0,
b0000111010001101 .
b000011101000111 0
#1160250000
1,
b0000111010001110 .
b000011101000111 /
#1160500000
0,
b0000111010001111 .
b000011101001000 0
#1160750000
1,
b0000111010010000 .
b000011101001000 /
#1161000000
0,
b0000111010010001 .
b000011101001001 0
#1161250000
1,
b0000111010010010 .
b000011101001001 /
#1161500000
0,
b0000111010010011 .
b000011101001010 0
#1161750000
1,
b0000111010010100 .
b000011101001010 /
#1162000000
0,
b0000111010010101 .
b000011101001011 0
#1162250000
1,
b0000111010010110 .
b000011101001011 /
#1162500000
0,
b0000111010010111 .
b000011101001100 0
#1162750000
1,
b0000111010011000 .
b000011101001100 /
#1163000000
0,
b0000111010011001 .
b000011101001101 0
#1163250000
1,
b0000111010011010 .
b000011101001101 /
#1163500000
0,
b0000111010011011 .
b000011101001110 0
#1163750000
1,
b0000111010011100 .
b000011101001110 /
#1164000000
0,
b0000111010011101 .
b000011101001111 0
#1164250000
1,
b0000111010011110 .
b000011101001111 /
#1164500000
0,
b0000111010011111 .
b000011101010000 0
#1164750000
1,
b0000111010100000 .
b000011101010000 /
#1165000000
0,
b0000111010100001 .
b000011101010001 0
#1165250000
1,
b0000111010100010 .
b000011101010001 /
#1165500000
0,
b0000111010100011 .
b000011101010010 0
#1165750000
1,
b0000111010100100 .
b000011101010010 /
#1166000000
0,
b0000111010100101 .
b000011101010011 0
#1166250000
1,
b0000111010100110 .
b000011101010011 /
#1166500000
0,
b0000111010100111 .
b000011101010100 0
#1166750000
1,
b0000111010101000 .
b000011101010100 /
#1167000000
0,
b0000111010101001 .
b000011101010101 0
#1167250000
1,
b0000111010101010 .
b000011101010101 /
#1167500000
0,
b0000111010101011 .
b000011101010110 0
#1167750000
1,
b0000111010101100 .
b000011101010110 /
#1168000000
0,
b0000111010101101 .
b000011101010111 0
#1168250000
1,
b0000111010101110 .
b000011101010111 /
#1168500000
0,
b0000111010101111 .
b000011101011000 0
#1168750000
1,
b0000111010110000 .
b000011101011000 /
#1169000000
0,
b0000111010110001 .
b000011101011001 0
#1169250000
1,
b0000111010110010 .
b000011101011001 /
#1169500000
0,
b0000111010110011 .
b000011101011010 0
#1169750000
1,
b0000111010110100 .
b000011101011010 /
#1170000000
0,
b0000111010110101 .
b000011101011011 0
#1170250000
1,
b0000111010110110 .
b000011101011011 /
#1170500000
0,
b0000111010110111 .
b000011101011100 0
#1170750000
1,
b0000111010111000 .
b000011101011100 /
#1171000000
0,
b0000111010111001 .
b000011101011101 0
#1171250000
1,
b0000111010111010 .
b000011101011101 /
#1171500000
0,
b0000111010111011 .
b000011101011110 0
#1171750000
1,
b0000111010111100 .
b000011101011110 /
#1172000000
0,
b0000111010111101 .
b000011101011111 0
#1172250000
1,
b0000111010111110 .
b000011101011111 /
#1172500000
0,
b0000111010111111 .
b000011101100000 0
#1172750000
1,
b0000111011000000 .
b000011101100000 /
#1173000000
0,
b0000111011000001 .
b000011101100001 0
#1173250000
1,
b0000111011000010 .
b000011101100001 /
#1173500000
0,
b0000111011000011 .
b000011101100010 0
#1173750000
1,
b0000111011000100 .
b000011101100010 /
#1174000000
0,
b0000111011000101 .
b000011101100011 0
#1174250000
b00011111 (
1)
1,
b0000111011000110 .
b000011101100011 /
#1174500000
0,
b0000111011000111 .
b000011101100100 0
#1174750000
1,
b0000111011001000 .
b000011101100100 /
#1175000000
0,
b0000111011001001 .
b000011101100101 0
#1175250000
1,
b0000111011001010 .
b000011101100101 /
#1175500000
0,
b0000111011001011 .
b000011101100110 0
#1175750000
1,
b0000111011001100 .
b000011101100110 /
#1176000000
0,
b0000111011001101 .
b000011101100111 0
#1176250000
1,
b0000111011001110 .
b000011101100111 /
#1176500000
0,
b0000111011001111 .
b000011101101000 0
#1176750000
1,
b0000111011010000 .
b000011101101000 /
#1177000000
0,
b0000111011010001 .
b000011101101001 0
#1177250000
1,
b0000111011010010 .
b000011101101001 /
#1177500000
0,
b0000111011010011 .
b000011101101010 0
#1177750000
1,
b0000111011010100 .
b000011101101010 /
#1178000000
0,
b0000111011010101 .
b000011101101011 0
#1178250000
1,
b0000111011010110 .
b000011101101011 /
#1178500000
0,
b0000111011010111 .
b000011101101100 0
#1178750000
1,
b0000111011011000 .
b000011101101100 /
#1179000000
0,
b0000111011011001 .
b000011101101101 0
#1179250000
1,
b0000111011011010 .
b000011101101101 /
#1179500000
0,
b0000111011011011 .
b000011101101110 0
#1179750000
1,
b0000111011011100 .
b000011101101110 /
#1180000000
0,
b0000111011011101 .
b000011101101111 0
#1180250000
1,
b0000111011011110 .
b000011101101111 /
#1180500000
0,
b0000111011011111 .
b000011101110000 0
#1180750000
1,
b0000111011100000 .
b000011101110000 /
#1181000000
0,
b0000111011100001 .
b000011101110001 0
#1181250000
1,
b0000111011100010 .
b000011101110001 /
#1181500000
0,
b0000111011100011 .
b000011101110010 0
#1181750000
1,
b0000111011100100 .
b000011101110010 /
#1182000000
0,
b0000111011100101 .
b000011101110011 0
#1182250000
1,
b0000111011100110 .
b000011101110011 /
#1182500000
0,
b0000111011100111 .
b000011101110100 0
#1182750000
1,
b0000111011101000 .
b000011101110100 /
#1183000000
0,
b0000111011101001 .
b000011101110101 0
#1183250000
1,
b0000111011101010 .
b000011101110101 /
#1183500000
0,
b0000111011101011 .
b000011101110110 0
#1183750000
1,
b0000111011101100 .
b000011101110110 /
#1184000000
0,
b0000111011101101 .
b000011101110111 0
#1184250000
1,
b0000111011101110 .
b000011101110111 /
#1184500000
0,
b0000111011101111 .
b000011101111000 0
#1184750000
1,
b0000111011110000 .
b000011101111000 /
#1185000000
0,
b0000111011110001 .
b000011101111001 0
#1185250000
1,
b0000111011110010 .
b000011101111001 /
#1185500000
0,
b0000111011110011 .
b000011101111010 0
#1185750000
1,
b0000111011110100 .
b000011101111010 /
#1186000000
0,
b0000111011110101 .
b000011101111011 0
#1186250000
1,
b0000111011110110 .
b000011101111011 /
#1186500000
0,
b0000111011110111 .
b000011101111100 0
#1186750000
1,
b0000111011111000 .
b000011101111100 /
#1187000000
0,
b0000111011111001 .
b000011101111101 0
#1187250000
1,
b0000111011111010 .
b000011101111101 /
#1187500000
0,
b0000111011111011 .
b000011101111110 0
#1187750000
1,
b0000111011111100 .
b000011101111110 /
#1188000000
0,
b0000111011111101 .
b000011101111111 0
#1188250000
1,
b0000111011111110 .
b000011101111111 /
#1188500000
0,
b0000111011111111 .
b000011110000000 0
#1188750000
1,
b0000111100000000 .
b000011110000000 /
#1189000000
0,
b0000111100000001 .
b000011110000001 0
#1189250000
1,
b0000111100000010 .
b000011110000001 /
#1189500000
0)
0,
b0000111100000011 .
b000011110000010 0
#1189750000
1,
b0000111100000100 .
b000011110000010 /
#1190000000
0,
b0000111100000101 .
b000011110000011 0
#1190250000
1,
b0000111100000110 .
b000011110000011 /
#1190500000
0,
b0000111100000111 .
b000011110000100 0
#1190750000
1,
b0000111100001000 .
b000011110000100 /
#1191000000
0,
b0000111100001001 .
b000011110000101 0
#1191250000
1,
b0000111100001010 .
b000011110000101 /
#1191500000
0,
b0000111100001011 .
b000011110000110 0
#1191750000
1,
b0000111100001100 .
b000011110000110 /
#1192000000
0,
b0000111100001101 .
b000011110000111 0
#1192250000
1,
b0000111100001110 .
b000011110000111 /
#1192500000
0,
b0000111100001111 .
b000011110001000 0
#1192750000
1,
b0000111100010000 .
b000011110001000 /
#1193000000
0,
b0000111100010001 .
b000011110001001 0
#1193250000
1,
b0000111100010010 .
b000011110001001 /
#1193500000
0,
b0000111100010011 .
b000011110001010 0
#1193750000
1,
b0000111100010100 .
b000011110001010 /
#1194000000
0,
b0000111100010101 .
b000011110001011 0
#1194250000
1,
b0000111100010110 .
b000011110001011 /
#1194500000
0,
b0000111100010111 .
b000011110001100 0
#1194750000
1,
b0000111100011000 .
b000011110001100 /
#1195000000
0,
b0000111100011001 .
b000011110001101 0
#1195250000
1,
b0000111100011010 .
b000011110001101 /
#1195500000
0,
b0000111100011011 .
b000011110001110 0
#1195750000
1,
b0000111100011100 .
b000011110001110 /
#1196000000
0,
b0000111100011101 .
b000011110001111 0
#1196250000
1,
b0000111100011110 .
b000011110001111 /
#1196500000
0,
b0000111100011111 .
b000011110010000 0
#1196750000
1,
b0000111100100000 .
b000011110010000 /
#1197000000
0,
b0000111100100001 .
b000011110010001 0
#1197250000
1,
b0000111100100010 .
b000011110010001 /
#1197500000
0,
b0000111100100011 .
b000011110010010 0
#1197750000
1,
b0000111100100100 .
b000011110010010 /
#1198000000
0,
b0000111100100101 .
b000011110010011 0
#1198250000
1,
b0000111100100110 .
b000011110010011 /
#1198500000
0,
b0000111100100111 .
b000011110010100 0
#1198750000
1,
b0000111100101000 .
b000011110010100 /
#1199000000
0,
b0000111100101001 .
b000011110010101 0
#1199250000
1,
b0000111100101010 .
b000011110010101 /
#1199500000
0,
b0000111100101011 .
b000011110010110 0
#1199750000
1,
b0000111100101100 .
b000011110010110 /
#1200000000
0,
b0000111100101101 .
b000011110010111 0
#1200250000
1,
b0000111100101110 .
b000011110010111 /
#1200500000
0,
b0000111100101111 .
b000011110011000 0
#1200750000
1,
b0000111100110000 .
b000011110011000 /
#1201000000
0,
b0000111100110001 .
b000011110011001 0
#1201250000
1,
b0000111100110010 .
b000011110011001 /
#1201500000
0,
b0000111100110011 .
b000011110011010 0
#1201750000
1,
b0000111100110100 .
b000011110011010 /
#1202000000
0,
b0000111100110101 .
b000011110011011 0
#1202250000
1,
b0000111100110110 .
b000011110011011 /
#1202500000
0,
b0000111100110111 .
b000011110011100 0
#1202750000
1,
b0000111100111000 .
b000011110011100 /
#1203000000
0,
b0000111100111001 .
b000011110011101 0
#1203250000
1,
b0000111100111010 .
b000011110011101 /
#1203500000
0,
b0000111100111011 .
b000011110011110 0
#1203750000
1,
b0000111100111100 .
b000011110011110 /
#1204000000
0,
b0000111100111101 .
b000011110011111 0
#1204250000
1,
b0000111100111110 .
b000011110011111 /
#1204500000
0,
b0000111100111111 .
b000011110100000 0
#1204750000
b00100000 (
1)
1,
b0000111101000000 .
b000011110100000 /
#1205000000
0,
b0000111101000001 .
b000011110100001 0
#1205250000
1,
b0000111101000010 .
b000011110100001 /
#1205500000
0,
b0000111101000011 .
b000011110100010 0
#1205750000
1,
b0000111101000100 .
b000011110100010 /
#1206000000
0,
b0000111101000101 .
b000011110100011 0
#1206250000
1,
b0000111101000110 .
b000011110100011 /
#1206500000
0,
b0000111101000111 .
b000011110100100 0
#1206750000
1,
b0000111101001000 .
b000011110100100 /
#1207000000
0,
b0000111101001001 .
b000011110100101 0
#1207250000
1,
b0000111101001010 .
b000011110100101 /
#1207500000
0,
b0000111101001011 .
b000011110100110 0
#1207750000
1,
b0000111101001100 .
b000011110100110 /
#1208000000
0,
b0000111101001101 .
b000011110100111 0
#1208250000
1,
b0000111101001110 .
b000011110100111 /
#1208500000
0,
b0000111101001111 .
b000011110101000 0
#1208750000
1,
b0000111101010000 .
b000011110101000 /
#1209000000
0,
b0000111101010001 .
b000011110101001 0
#1209250000
1,
b0000111101010010 .
b000011110101001 /
#1209500000
0,
b0000111101010011 .
b000011110101010 0
#1209750000
1,
b0000111101010100 .
b000011110101010 /
#1210000000
0,
b0000111101010101 .
b000011110101011 0
#1210250000
1,
b0000111101010110 .
b000011110101011 /
#1210500000
0,
b0000111101010111 .
b000011110101100 0
#1210750000
1,
b0000111101011000 .
b000011110101100 /
#1211000000
0,
b0000111101011001 .
b000011110101101 0
#1211250000
1,
b0000111101011010 .
b000011110101101 /
#1211500000
0,
b0000111101011011 .
b000011110101110 0
#1211750000
1,
b0000111101011100 .
b000011110101110 /
#1212000000
0,
b0000111101011101 .
b000011110101111 0
#1212250000
1,
b0000111101011110 .
b000011110101111 /
#1212500000
0,
b0000111101011111 .
b000011110110000 0
#1212750000
1,
b0000111101100000 .
b000011110110000 /
#1213000000
0,
b0000111101100001 .
b000011110110001 0
#1213250000
1,
b0000111101100010 .
b000011110110001 /
#1213500000
0,
b0000111101100011 .
b000011110110010 0
#1213750000
1,
b0000111101100100 .
b000011110110010 /
#1214000000
0,
b0000111101100101 .
b000011110110011 0
#1214250000
1,
b0000111101100110 .
b000011110110011 /
#1214500000
0,
b0000111101100111 .
b000011110110100 0
#1214750000
1,
b0000111101101000 .
b000011110110100 /
#1215000000
0,
b0000111101101001 .
b000011110110101 0
#1215250000
1,
b0000111101101010 .
b000011110110101 /
#1215500000
0,
b0000111101101011 .
b000011110110110 0
#1215750000
1,
b0000111101101100 .
b000011110110110 /
#1216000000
0,
b0000111101101101 .
b000011110110111 0
#1216250000
1,
b0000111101101110 .
b000011110110111 /
#1216500000
0,
b0000111101101111 .
b000011110111000 0
#1216750000
1,
b0000111101110000 .
b000011110111000 /
#1217000000
0,
b0000111101110001 .
b000011110111001 0
#1217250000
1,
b0000111101110010 .
b000011110111001 /
#1217500000
0,
b0000111101110011 .
b000011110111010 0
#1217750000
1,
b0000111101110100 .
b000011110111010 /
#1218000000
0,
b0000111101110101 .
b000011110111011 0
#1218250000
1,
b0000111101110110 .
b000011110111011 /
#1218500000
0,
b0000111101110111 .
b000011110111100 0
#1218750000
1,
b0000111101111000 .
b000011110111100 /
#1219000000
0,
b0000111101111001 .
b000011110111101 0
#1219250000
1,
b0000111101111010 .
b000011110111101 /
#1219500000
0,
b0000111101111011 .
b000011110111110 0
#1219750000
1,
b0000111101111100 .
b000011110111110 /
#1220000000
0)
0,
b0000111101111101 .
b000011110111111 0
#1220250000
1,
b0000111101111110 .
b000011110111111 /
#1220500000
0,
b0000111101111111 .
b000011111000000 0
#1220750000
1,
b0000111110000000 .
b000011111000000 /
#1221000000
0,
b0000111110000001 .
b000011111000001 0
#1221250000
1,
b0000111110000010 .
b000011111000001 /
#1221500000
0,
b0000111110000011 .
b000011111000010 0
#1221750000
1,
b0000111110000100 .
b000011111000010 /
#1222000000
0,
b0000111110000101 .
b000011111000011 0
#1222250000
1,
b0000111110000110 .
b000011111000011 /
#1222500000
0,
b0000111110000111 .
b000011111000100 0
#1222750000
1,
b0000111110001000 .
b000011111000100 /
#1223000000
0,
b0000111110001001 .
b000011111000101 0
#1223250000
1,
b0000111110001010 .
b000011111000101 /
#1223500000
0,
b0000111110001011 .
b000011111000110 0
#1223750000
1,
b0000111110001100 .
b000011111000110 /
#1224000000
0,
b0000111110001101 .
b000011111000111 0
#1224250000
1,
b0000111110001110 .
b000011111000111 /
#1224500000
0,
b0000111110001111 .
b000011111001000 0
#1224750000
1,
b0000111110010000 .
b000011111001000 /
#1225000000
0,
b0000111110010001 .
b000011111001001 0
#1225250000
1,
b0000111110010010 .
b000011111001001 /
#1225500000
0,
b0000111110010011 .
b000011111001010 0
#1225750000
1,
b0000111110010100 .
b000011111001010 /
#1226000000
0,
b0000111110010101 .
b000011111001011 0
#1226250000
1,
b0000111110010110 .
b000011111001011 /
#1226500000
0,
b0000111110010111 .
b000011111001100 0
#1226750000
1,
b0000111110011000 .
b000011111001100 /
#1227000000
0,
b0000111110011001 .
b000011111001101 0
#1227250000
1,
b0000111110011010 .
b000011111001101 /
#1227500000
0,
b0000111110011011 .
b000011111001110 0
#1227750000
1,
b0000111110011100 .
b000011111001110 /
#1228000000
0,
b0000111110011101 .
b000011111001111 0
#1228250000
1,
b0000111110011110 .
b000011111001111 /
#1228500000
0,
b0000111110011111 .
b000011111010000 0
#1228750000
1,
b0000111110100000 .
b000011111010000 /
#1229000000
0,
b0000111110100001 .
b000011111010001 0
#1229250000
1,
b0000111110100010 .
b000011111010001 /
#1229500000
0,
b0000111110100011 .
b000011111010010 0
#1229750000
1,
b0000111110100100 .
b000011111010010 /
#1230000000
0,
b0000111110100101 .
b000011111010011 0
#1230250000
1,
b0000111110100110 .
b000011111010011 /
#1230500000
0,
b0000111110100111 .
b000011111010100 0
#1230750000
1,
b0000111110101000 .
b000011111010100 /
#1231000000
0,
b0000111110101001 .
b000011111010101 0
#1231250000
1,
b0000111110101010 .
b000011111010101 /
#1231500000
0,
b0000111110101011 .
b000011111010110 0
#1231750000
1,
b0000111110101100 .
b000011111010110 /
#1232000000
0,
b0000111110101101 .
b000011111010111 0
#1232250000
1,
b0000111110101110 .
b000011111010111 /
#1232500000
0,
b0000111110101111 .
b000011111011000 0
#1232750000
1,
b0000111110110000 .
b000011111011000 /
#1233000000
0,
b0000111110110001 .
b000011111011001 0
#1233250000
1,
b0000111110110010 .
b000011111011001 /
#1233500000
0,
b0000111110110011 .
b000011111011010 0
#1233750000
1,
b0000111110110100 .
b000011111011010 /
#1234000000
0,
b0000111110110101 .
b000011111011011 0
#1234250000
1,
b0000111110110110 .
b000011111011011 /
#1234500000
0,
b0000111110110111 .
b000011111011100 0
#1234750000
1,
b0000111110111000 .
b000011111011100 /
#1235000000
0,
b0000111110111001 .
b000011111011101 0
#1235250000
b00100001 (
1)
1,
b0000111110111010 .
b000011111011101 /
#1235500000
0,
b0000111110111011 .
b000011111011110 0
#1235750000
1,
b0000111110111100 .
b000011111011110 /
#1236000000
0,
b0000111110111101 .
b000011111011111 0
#1236250000
1,
b0000111110111110 .
b000011111011111 /
#1236500000
0,
b0000111110111111 .
b000011111100000 0
#1236750000
1,
b0000111111000000 .
b000011111100000 /
#1237000000
0,
b0000111111000001 .
b000011111100001 0
#1237250000
1,
b0000111111000010 .
b000011111100001 /
#1237500000
0,
b0000111111000011 .
b000011111100010 0
#1237750000
1,
b0000111111000100 .
b000011111100010 /
#1238000000
0,
b0000111111000101 .
b000011111100011 0
#1238250000
1,
b0000111111000110 .
b000011111100011 /
#1238500000
0,
b0000111111000111 .
b000011111100100 0
#1238750000
1,
b0000111111001000 .
b000011111100100 /
#1239000000
0,
b0000111111001001 .
b000011111100101 0
#1239250000
1,
b0000111111001010 .
b000011111100101 /
#1239500000
0,
b0000111111001011 .
b000011111100110 0
#1239750000
1,
b0000111111001100 .
b000011111100110 /
#1240000000
0,
b0000111111001101 .
b000011111100111 0
#1240250000
1,
b0000111111001110 .
b000011111100111 /
#1240500000
0,
b0000111111001111 .
b000011111101000 0
#1240750000
1,
b0000111111010000 .
b000011111101000 /
#1241000000
0,
b0000111111010001 .
b000011111101001 0
#1241250000
1,
b0000111111010010 .
b000011111101001 /
#1241500000
0,
b0000111111010011 .
b000011111101010 0
#1241750000
1,
b0000111111010100 .
b000011111101010 /
#1242000000
0,
b0000111111010101 .
b000011111101011 0
#1242250000
1,
b0000111111010110 .
b000011111101011 /
#1242500000
0,
b0000111111010111 .
b000011111101100 0
#1242750000
1,
b0000111111011000 .
b000011111101100 /
#1243000000
0,
b0000111111011001 .
b000011111101101 0
#1243250000
1,
b0000111111011010 .
b000011111101101 /
#1243500000
0,
b0000111111011011 .
b000011111101110 0
#1243750000
1,
b0000111111011100 .
b000011111101110 /
#1244000000
0,
b0000111111011101 .
b000011111101111 0
#1244250000
1,
b0000111111011110 .
b000011111101111 /
#1244500000
0,
b0000111111011111 .
b000011111110000 0
#1244750000
1,
b0000111111100000 .
b000011111110000 /
#1245000000
0,
b0000111111100001 .
b000011111110001 0
#1245250000
1,
b0000111111100010 .
b000011111110001 /
#1245500000
0,
b0000111111100011 .
b000011111110010 0
#1245750000
1,
b0000111111100100 .
b000011111110010 /
#1246000000
0,
b0000111111100101 .
b000011111110011 0
#1246250000
1,
b0000111111100110 .
b000011111110011 /
#1246500000
0,
b0000111111100111 .
b000011111110100 0
#1246750000
1,
b0000111111101000 .
b000011111110100 /
#1247000000
0,
b0000111111101001 .
b000011111110101 0
#1247250000
1,
b0000111111101010 .
b000011111110101 /
#1247500000
0,
b0000111111101011 .
b000011111110110 0
#1247750000
1,
b0000111111101100 .
b000011111110110 /
#1248000000
0,
b0000111111101101 .
b000011111110111 0
#1248250000
1,
b0000111111101110 .
b000011111110111 /
#1248500000
0,
b0000111111101111 .
b000011111111000 0
#1248750000
1,
b0000111111110000 .
b000011111111000 /
#1249000000
0,
b0000111111110001 .
b000011111111001 0
#1249250000
1,
b0000111111110010 .
b000011111111001 /
#1249500000
0,
b0000111111110011 .
b000011111111010 0
#1249750000
1,
b0000111111110100 .
b000011111111010 /
#1250000000
0,
b0000111111110101 .
b000011111111011 0
#1250250000
1,
b0000111111110110 .
b000011111111011 /
#1250500000
0)
0,
b0000111111110111 .
b000011111111100 0
#1250750000
1,
b0000111111111000 .
b000011111111100 /
#1251000000
0,
b0000111111111001 .
b000011111111101 0
#1251250000
1,
b0000111111111010 .
b000011111111101 /
#1251500000
0,
b0000111111111011 .
b000011111111110 0
#1251750000
1,
b0000111111111100 .
b000011111111110 /
#1252000000
0,
b0000111111111101 .
b000011111111111 0
#1252250000
1,
b0000111111111110 .
b000011111111111 /
#1252500000
0,
b0000111111111111 .
b000100000000000 0
#1252750000
1,
b0001000000000000 .
b000100000000000 /
#1253000000
0,
b0001000000000001 .
b000100000000001 0
#1253250000
1,
b0001000000000010 .
b000100000000001 /
#1253500000
0,
b0001000000000011 .
b000100000000010 0
#1253750000
1,
b0001000000000100 .
b000100000000010 /
#1254000000
0,
b0001000000000101 .
b000100000000011 0
#1254250000
1,
b0001000000000110 .
b000100000000011 /
#1254500000
0,
b0001000000000111 .
b000100000000100 0
#1254750000
1,
b0001000000001000 .
b000100000000100 /
#1255000000
0,
b0001000000001001 .
b000100000000101 0
#1255250000
1,
b0001000000001010 .
b000100000000101 /
#1255500000
0,
b0001000000001011 .
b000100000000110 0
#1255750000
1,
b0001000000001100 .
b000100000000110 /
#1256000000
0,
b0001000000001101 .
b000100000000111 0
#1256250000
1,
b0001000000001110 .
b000100000000111 /
#1256500000
0,
b0001000000001111 .
b000100000001000 0
#1256750000
1,
b0001000000010000 .
b000100000001000 /
#1257000000
0,
b0001000000010001 .
b000100000001001 0
#1257250000
1,
b0001000000010010 .
b000100000001001 /
#1257500000
0,
b0001000000010011 .
b000100000001010 0
#1257750000
1,
b0001000000010100 .
b000100000001010 /
#1258000000
0,
b0001000000010101 .
b000100000001011 0
#1258250000
1,
b0001000000010110 .
b000100000001011 /
#1258500000
0,
b0001000000010111 .
b000100000001100 0
#1258750000
1,
b0001000000011000 .
b000100000001100 /
#1259000000
0,
b0001000000011001 .
b000100000001101 0
#1259250000
1,
b0001000000011010 .
b000100000001101 /
#1259500000
0,
b0001000000011011 .
b000100000001110 0
#1259750000
1,
b0001000000011100 .
b000100000001110 /
#1260000000
0,
b0001000000011101 .
b000100000001111 0
#1260250000
1,
b0001000000011110 .
b000100000001111 /
#1260500000
0,
b0001000000011111 .
b000100000010000 0
#1260750000
1,
b0001000000100000 .
b000100000010000 /
#1261000000
0,
b0001000000100001 .
b000100000010001 0
#1261250000
1,
b0001000000100010 .
b000100000010001 /
#1261500000
0,
b0001000000100011 .
b000100000010010 0
#1261750000
1,
b0001000000100100 .
b000100000010010 /
#1262000000
0,
b0001000000100101 .
b000100000010011 0
#1262250000
1,
b0001000000100110 .
b000100000010011 /
#1262500000
0,
b0001000000100111 .
b000100000010100 0
#1262750000
1,
b0001000000101000 .
b000100000010100 /
#1263000000
0,
b0001000000101001 .
b000100000010101 0
#1263250000
1,
b0001000000101010 .
b000100000010101 /
#1263500000
0,
b0001000000101011 .
b000100000010110 0
#1263750000
1,
b0001000000101100 .
b000100000010110 /
#1264000000
0,
b0001000000101101 .
b000100000010111 0
#1264250000
1,
b0001000000101110 .
b000100000010111 /
#1264500000
0,
b0001000000101111 .
b000100000011000 0
#1264750000
1,
b0001000000110000 .
b000100000011000 /
#1265000000
0,
b0001000000110001 .
b000100000011001 0
#1265250000
1,
b0001000000110010 .
b000100000011001 /
#1265500000
0,
b0001000000110011 .
b000100000011010 0
#1265750000
b00100010 (
1)
1,
b0001000000110100 .
b000100000011010 /
#1266000000
0,
b0001000000110101 .
b000100000011011 0
#1266250000
1,
b0001000000110110 .
b000100000011011 /
#1266500000
0,
b0001000000110111 .
b000100000011100 0
#1266750000
1,
b0001000000111000 .
b000100000011100 /
#1267000000
0,
b0001000000111001 .
b000100000011101 0
#1267250000
1,
b0001000000111010 .
b000100000011101 /
#1267500000
0,
b0001000000111011 .
b000100000011110 0
#1267750000
1,
b0001000000111100 .
b000100000011110 /
#1268000000
0,
b0001000000111101 .
b000100000011111 0
#1268250000
1,
b0001000000111110 .
b000100000011111 /
#1268500000
0,
b0001000000111111 .
b000100000100000 0
#1268750000
1,
b0001000001000000 .
b000100000100000 /
#1269000000
0,
b0001000001000001 .
b000100000100001 0
#1269250000
1,
b0001000001000010 .
b000100000100001 /
#1269500000
0,
b0001000001000011 .
b000100000100010 0
#1269750000
1,
b0001000001000100 .
b000100000100010 /
#1270000000
0,
b0001000001000101 .
b000100000100011 0
#1270250000
1,
b0001000001000110 .
b000100000100011 /
#1270500000
0,
b0001000001000111 .
b000100000100100 0
#1270750000
1,
b0001000001001000 .
b000100000100100 /
#1271000000
0,
b0001000001001001 .
b000100000100101 0
#1271250000
1,
b0001000001001010 .
b000100000100101 /
#1271500000
0,
b0001000001001011 .
b000100000100110 0
#1271750000
1,
b0001000001001100 .
b000100000100110 /
#1272000000
0,
b0001000001001101 .
b000100000100111 0
#1272250000
1,
b0001000001001110 .
b000100000100111 /
#1272500000
0,
b0001000001001111 .
b000100000101000 0
#1272750000
1,
b0001000001010000 .
b000100000101000 /
#1273000000
0,
b0001000001010001 .
b000100000101001 0
#1273250000
1,
b0001000001010010 .
b000100000101001 /
#1273500000
0,
b0001000001010011 .
b000100000101010 0
#1273750000
1,
b0001000001010100 .
b000100000101010 /
#1274000000
0,
b0001000001010101 .
b000100000101011 0
#1274250000
1,
b0001000001010110 .
b000100000101011 /
#1274500000
0,
b0001000001010111 .
b000100000101100 0
#1274750000
1,
b0001000001011000 .
b000100000101100 /
#1275000000
0,
b0001000001011001 .
b000100000101101 0
#1275250000
1,
b0001000001011010 .
b000100000101101 /
#1275500000
0,
b0001000001011011 .
b000100000101110 0
#1275750000
1,
b0001000001011100 .
b000100000101110 /
#1276000000
0,
b0001000001011101 .
b000100000101111 0
#1276250000
1,
b0001000001011110 .
b000100000101111 /
#1276500000
0,
b0001000001011111 .
b000100000110000 0
#1276750000
1,
b0001000001100000 .
b000100000110000 /
#1277000000
0,
b0001000001100001 .
b000100000110001 0
#1277250000
1,
b0001000001100010 .
b000100000110001 /
#1277500000
0,
b0001000001100011 .
b000100000110010 0
#1277750000
1,
b0001000001100100 .
b000100000110010 /
#1278000000
0,
b0001000001100101 .
b000100000110011 0
#1278250000
1,
b0001000001100110 .
b000100000110011 /
#1278500000
0,
b0001000001100111 .
b000100000110100 0
#1278750000
1,
b0001000001101000 .
b000100000110100 /
#1279000000
0,
b0001000001101001 .
b000100000110101 0
#1279250000
1,
b0001000001101010 .
b000100000110101 /
#1279500000
0,
b0001000001101011 .
b000100000110110 0
#1279750000
1,
b0001000001101100 .
b000100000110110 /
#1280000000
0,
b0001000001101101 .
b000100000110111 0
#1280250000
1,
b0001000001101110 .
b000100000110111 /
#1280500000
0,
b0001000001101111 .
b000100000111000 0
#1280750000
1,
b0001000001110000 .
b000100000111000 /
#1281000000
0)
0,
b0001000001110001 .
b000100000111001 0
#1281250000
1,
b0001000001110010 .
b000100000111001 /
#1281500000
0,
b0001000001110011 .
b000100000111010 0
#1281750000
1,
b0001000001110100 .
b000100000111010 /
#1282000000
0,
b0001000001110101 .
b000100000111011 0
#1282250000
1,
b0001000001110110 .
b000100000111011 /
#1282500000
0,
b0001000001110111 .
b000100000111100 0
#1282750000
1,
b0001000001111000 .
b000100000111100 /
#1283000000
0,
b0001000001111001 .
b000100000111101 0
#1283250000
1,
b0001000001111010 .
b000100000111101 /
#1283500000
0,
b0001000001111011 .
b000100000111110 0
#1283750000
1,
b0001000001111100 .
b000100000111110 /
#1284000000
0,
b0001000001111101 .
b000100000111111 0
#1284250000
1,
b0001000001111110 .
b000100000111111 /
#1284500000
0,
b0001000001111111 .
b000100001000000 0
#1284750000
1,
b0001000010000000 .
b000100001000000 /
#1285000000
0,
b0001000010000001 .
b000100001000001 0
#1285250000
1,
b0001000010000010 .
b000100001000001 /
#1285500000
0,
b0001000010000011 .
b000100001000010 0
#1285750000
1,
b0001000010000100 .
b000100001000010 /
#1286000000
0,
b0001000010000101 .
b000100001000011 0
#1286250000
1,
b0001000010000110 .
b000100001000011 /
#1286500000
0,
b0001000010000111 .
b000100001000100 0
#1286750000
1,
b0001000010001000 .
b000100001000100 /
#1287000000
0,
b0001000010001001 .
b000100001000101 0
#1287250000
1,
b0001000010001010 .
b000100001000101 /
#1287500000
0,
b0001000010001011 .
b000100001000110 0
#1287750000
1,
b0001000010001100 .
b000100001000110 /
#1288000000
0,
b0001000010001101 .
b000100001000111 0
#1288250000
1,
b0001000010001110 .
b000100001000111 /
#1288500000
0,
b0001000010001111 .
b000100001001000 0
#1288750000
1,
b0001000010010000 .
b000100001001000 /
#1289000000
0,
b0001000010010001 .
b000100001001001 0
#1289250000
1,
b0001000010010010 .
b000100001001001 /
#1289500000
0,
b0001000010010011 .
b000100001001010 0
#1289750000
1,
b0001000010010100 .
b000100001001010 /
#1290000000
0,
b0001000010010101 .
b000100001001011 0
#1290250000
1,
b0001000010010110 .
b000100001001011 /
#1290500000
0,
b0001000010010111 .
b000100001001100 0
#1290750000
1,
b0001000010011000 .
b000100001001100 /
#1291000000
0,
b0001000010011001 .
b000100001001101 0
#1291250000
1,
b0001000010011010 .
b000100001001101 /
#1291500000
0,
b0001000010011011 .
b000100001001110 0
#1291750000
1,
b0001000010011100 .
b000100001001110 /
#1292000000
0,
b0001000010011101 .
b000100001001111 0
#1292250000
1,
b0001000010011110 .
b000100001001111 /
#1292500000
0,
b0001000010011111 .
b000100001010000 0
#1292750000
1,
b0001000010100000 .
b000100001010000 /
#1293000000
0,
b0001000010100001 .
b000100001010001 0
#1293250000
1,
b0001000010100010 .
b000100001010001 /
#1293500000
0,
b0001000010100011 .
b000100001010010 0
#1293750000
1,
b0001000010100100 .
b000100001010010 /
#1294000000
0,
b0001000010100101 .
b000100001010011 0
#1294250000
1,
b0001000010100110 .
b000100001010011 /
#1294500000
0,
b0001000010100111 .
b000100001010100 0
#1294750000
1,
b0001000010101000 .
b000100001010100 /
#1295000000
0,
b0001000010101001 .
b000100001010101 0
#1295250000
1,
b0001000010101010 .
b000100001010101 /
#1295500000
0,
b0001000010101011 .
b000100001010110 0
#1295750000
1,
b0001000010101100 .
b000100001010110 /
#1296000000
0,
b0001000010101101 .
b000100001010111 0
#1296250000
b00100011 (
1)
1,
b0001000010101110 .
b000100001010111 /
#1296500000
0,
b0001000010101111 .
b000100001011000 0
#1296750000
1,
b0001000010110000 .
b000100001011000 /
#1297000000
0,
b0001000010110001 .
b000100001011001 0
#1297250000
1,
b0001000010110010 .
b000100001011001 /
#1297500000
0,
b0001000010110011 .
b000100001011010 0
#1297750000
1,
b0001000010110100 .
b000100001011010 /
#1298000000
0,
b0001000010110101 .
b000100001011011 0
#1298250000
1,
b0001000010110110 .
b000100001011011 /
#1298500000
0,
b0001000010110111 .
b000100001011100 0
#1298750000
1,
b0001000010111000 .
b000100001011100 /
#1299000000
0,
b0001000010111001 .
b000100001011101 0
#1299250000
1,
b0001000010111010 .
b000100001011101 /
#1299500000
0,
b0001000010111011 .
b000100001011110 0
#1299750000
1,
b0001000010111100 .
b000100001011110 /
#1300000000
0,
b0001000010111101 .
b000100001011111 0
#1300250000
1,
b0001000010111110 .
b000100001011111 /
#1300500000
0,
b0001000010111111 .
b000100001100000 0
#1300750000
1,
b0001000011000000 .
b000100001100000 /
#1301000000
0,
b0001000011000001 .
b000100001100001 0
#1301250000
1,
b0001000011000010 .
b000100001100001 /
#1301500000
0,
b0001000011000011 .
b000100001100010 0
#1301750000
1,
b0001000011000100 .
b000100001100010 /
#1302000000
0,
b0001000011000101 .
b000100001100011 0
#1302250000
1,
b0001000011000110 .
b000100001100011 /
#1302500000
0,
b0001000011000111 .
b000100001100100 0
#1302750000
1,
b0001000011001000 .
b000100001100100 /
#1303000000
0,
b0001000011001001 .
b000100001100101 0
#1303250000
1,
b0001000011001010 .
b000100001100101 /
#1303500000
0,
b0001000011001011 .
b000100001100110 0
#1303750000
1,
b0001000011001100 .
b000100001100110 /
#1304000000
0,
b0001000011001101 .
b000100001100111 0
#1304250000
1,
b0001000011001110 .
b000100001100111 /
#1304500000
0,
b0001000011001111 .
b000100001101000 0
#1304750000
1,
b0001000011010000 .
b000100001101000 /
#1305000000
0,
b0001000011010001 .
b000100001101001 0
#1305250000
1,
b0001000011010010 .
b000100001101001 /
#1305500000
0,
b0001000011010011 .
b000100001101010 0
#1305750000
1,
b0001000011010100 .
b000100001101010 /
#1306000000
0,
b0001000011010101 .
b000100001101011 0
#1306250000
1,
b0001000011010110 .
b000100001101011 /
#1306500000
0,
b0001000011010111 .
b000100001101100 0
#1306750000
1,
b0001000011011000 .
b000100001101100 /
#1307000000
0,
b0001000011011001 .
b000100001101101 0
#1307250000
1,
b0001000011011010 .
b000100001101101 /
#1307500000
0,
b0001000011011011 .
b000100001101110 0
#1307750000
1,
b0001000011011100 .
b000100001101110 /
#1308000000
0,
b0001000011011101 .
b000100001101111 0
#1308250000
1,
b0001000011011110 .
b000100001101111 /
#1308500000
0,
b0001000011011111 .
b000100001110000 0
#1308750000
1,
b0001000011100000 .
b000100001110000 /
#1309000000
0,
b0001000011100001 .
b000100001110001 0
#1309250000
1,
b0001000011100010 .
b000100001110001 /
#1309500000
0,
b0001000011100011 .
b000100001110010 0
#1309750000
1,
b0001000011100100 .
b000100001110010 /
#1310000000
0,
b0001000011100101 .
b000100001110011 0
#1310250000
1,
b0001000011100110 .
b000100001110011 /
#1310500000
0,
b0001000011100111 .
b000100001110100 0
#1310750000
1,
b0001000011101000 .
b000100001110100 /
#1311000000
0,
b0001000011101001 .
b000100001110101 0
#1311250000
1,
b0001000011101010 .
b000100001110101 /
#1311500000
0)
0,
b0001000011101011 .
b000100001110110 0
#1311750000
1,
b0001000011101100 .
b000100001110110 /
#1312000000
0,
b0001000011101101 .
b000100001110111 0
#1312250000
1,
b0001000011101110 .
b000100001110111 /
#1312500000
0,
b0001000011101111 .
b000100001111000 0
#1312750000
1,
b0001000011110000 .
b000100001111000 /
#1313000000
0,
b0001000011110001 .
b000100001111001 0
#1313250000
1,
b0001000011110010 .
b000100001111001 /
#1313500000
0,
b0001000011110011 .
b000100001111010 0
#1313750000
1,
b0001000011110100 .
b000100001111010 /
#1314000000
0,
b0001000011110101 .
b000100001111011 0
#1314250000
1,
b0001000011110110 .
b000100001111011 /
#1314500000
0,
b0001000011110111 .
b000100001111100 0
#1314750000
1,
b0001000011111000 .
b000100001111100 /
#1315000000
0,
b0001000011111001 .
b000100001111101 0
#1315250000
1,
b0001000011111010 .
b000100001111101 /
#1315500000
0,
b0001000011111011 .
b000100001111110 0
#1315750000
1,
b0001000011111100 .
b000100001111110 /
#1316000000
0,
b0001000011111101 .
b000100001111111 0
#1316250000
1,
b0001000011111110 .
b000100001111111 /
#1316500000
0,
b0001000011111111 .
b000100010000000 0
#1316750000
1,
b0001000100000000 .
b000100010000000 /
#1317000000
0,
b0001000100000001 .
b000100010000001 0
#1317250000
1,
b0001000100000010 .
b000100010000001 /
#1317500000
0,
b0001000100000011 .
b000100010000010 0
#1317750000
1,
b0001000100000100 .
b000100010000010 /
#1318000000
0,
b0001000100000101 .
b000100010000011 0
#1318250000
1,
b0001000100000110 .
b000100010000011 /
#1318500000
0,
b0001000100000111 .
b000100010000100 0
#1318750000
1,
b0001000100001000 .
b000100010000100 /
#1319000000
0,
b0001000100001001 .
b000100010000101 0
#1319250000
1,
b0001000100001010 .
b000100010000101 /
#1319500000
0,
b0001000100001011 .
b000100010000110 0
#1319750000
1,
b0001000100001100 .
b000100010000110 /
#1320000000
0,
b0001000100001101 .
b000100010000111 0
#1320250000
1,
b0001000100001110 .
b000100010000111 /
#1320500000
0,
b0001000100001111 .
b000100010001000 0
#1320750000
1,
b0001000100010000 .
b000100010001000 /
#1321000000
0,
b0001000100010001 .
b000100010001001 0
#1321250000
1,
b0001000100010010 .
b000100010001001 /
#1321500000
0,
b0001000100010011 .
b000100010001010 0
#1321750000
1,
b0001000100010100 .
b000100010001010 /
#1322000000
0,
b0001000100010101 .
b000100010001011 0
#1322250000
1,
b0001000100010110 .
b000100010001011 /
#1322500000
0,
b0001000100010111 .
b000100010001100 0
#1322750000
1,
b0001000100011000 .
b000100010001100 /
#1323000000
0,
b0001000100011001 .
b000100010001101 0
#1323250000
1,
b0001000100011010 .
b000100010001101 /
#1323500000
0,
b0001000100011011 .
b000100010001110 0
#1323750000
1,
b0001000100011100 .
b000100010001110 /
#1324000000
0,
b0001000100011101 .
b000100010001111 0
#1324250000
1,
b0001000100011110 .
b000100010001111 /
#1324500000
0,
b0001000100011111 .
b000100010010000 0
#1324750000
1,
b0001000100100000 .
b000100010010000 /
#1325000000
0,
b0001000100100001 .
b000100010010001 0
#1325250000
1,
b0001000100100010 .
b000100010010001 /
#1325500000
0,
b0001000100100011 .
b000100010010010 0
#1325750000
1,
b0001000100100100 .
b000100010010010 /
#1326000000
0,
b0001000100100101 .
b000100010010011 0
#1326250000
1,
b0001000100100110 .
b000100010010011 /
#1326500000
0,
b0001000100100111 .
b000100010010100 0
#1326750000
b00100100 (
1)
1,
b0001000100101000 .
b000100010010100 /
#1327000000
0,
b0001000100101001 .
b000100010010101 0
#1327250000
1,
b0001000100101010 .
b000100010010101 /
#1327500000
0,
b0001000100101011 .
b000100010010110 0
#1327750000
1,
b0001000100101100 .
b000100010010110 /
#1328000000
0,
b0001000100101101 .
b000100010010111 0
#1328250000
1,
b0001000100101110 .
b000100010010111 /
#1328500000
0,
b0001000100101111 .
b000100010011000 0
#1328750000
1,
b0001000100110000 .
b000100010011000 /
#1329000000
0,
b0001000100110001 .
b000100010011001 0
#1329250000
1,
b0001000100110010 .
b000100010011001 /
#1329500000
0,
b0001000100110011 .
b000100010011010 0
#1329750000
1,
b0001000100110100 .
b000100010011010 /
#1330000000
0,
b0001000100110101 .
b000100010011011 0
#1330250000
1,
b0001000100110110 .
b000100010011011 /
#1330500000
0,
b0001000100110111 .
b000100010011100 0
#1330750000
1,
b0001000100111000 .
b000100010011100 /
#1331000000
0,
b0001000100111001 .
b000100010011101 0
#1331250000
1,
b0001000100111010 .
b000100010011101 /
#1331500000
0,
b0001000100111011 .
b000100010011110 0
#1331750000
1,
b0001000100111100 .
b000100010011110 /
#1332000000
0,
b0001000100111101 .
b000100010011111 0
#1332250000
1,
b0001000100111110 .
b000100010011111 /
#1332500000
0,
b0001000100111111 .
b000100010100000 0
#1332750000
1,
b0001000101000000 .
b000100010100000 /
#1333000000
0,
b0001000101000001 .
b000100010100001 0
#1333250000
1,
b0001000101000010 .
b000100010100001 /
#1333500000
0,
b0001000101000011 .
b000100010100010 0
#1333750000
1,
b0001000101000100 .
b000100010100010 /
#1334000000
0,
b0001000101000101 .
b000100010100011 0
#1334250000
1,
b0001000101000110 .
b000100010100011 /
#1334500000
0,
b0001000101000111 .
b000100010100100 0
#1334750000
1,
b0001000101001000 .
b000100010100100 /
#1335000000
0,
b0001000101001001 .
b000100010100101 0
#1335250000
1,
b0001000101001010 .
b000100010100101 /
#1335500000
0,
b0001000101001011 .
b000100010100110 0
#1335750000
1,
b0001000101001100 .
b000100010100110 /
#1336000000
0,
b0001000101001101 .
b000100010100111 0
#1336250000
1,
b0001000101001110 .
b000100010100111 /
#1336500000
0,
b0001000101001111 .
b000100010101000 0
#1336750000
1,
b0001000101010000 .
b000100010101000 /
#1337000000
0,
b0001000101010001 .
b000100010101001 0
#1337250000
1,
b0001000101010010 .
b000100010101001 /
#1337500000
0,
b0001000101010011 .
b000100010101010 0
#1337750000
1,
b0001000101010100 .
b000100010101010 /
#1338000000
0,
b0001000101010101 .
b000100010101011 0
#1338250000
1,
b0001000101010110 .
b000100010101011 /
#1338500000
0,
b0001000101010111 .
b000100010101100 0
#1338750000
1,
b0001000101011000 .
b000100010101100 /
#1339000000
0,
b0001000101011001 .
b000100010101101 0
#1339250000
1,
b0001000101011010 .
b000100010101101 /
#1339500000
0,
b0001000101011011 .
b000100010101110 0
#1339750000
1,
b0001000101011100 .
b000100010101110 /
#1340000000
0,
b0001000101011101 .
b000100010101111 0
#1340250000
1,
b0001000101011110 .
b000100010101111 /
#1340500000
0,
b0001000101011111 .
b000100010110000 0
#1340750000
1,
b0001000101100000 .
b000100010110000 /
#1341000000
0,
b0001000101100001 .
b000100010110001 0
#1341250000
1,
b0001000101100010 .
b000100010110001 /
#1341500000
0,
b0001000101100011 .
b000100010110010 0
#1341750000
1,
b0001000101100100 .
b000100010110010 /
#1342000000
0)
0,
b0001000101100101 .
b000100010110011 0
#1342250000
1,
b0001000101100110 .
b000100010110011 /
#1342500000
0,
b0001000101100111 .
b000100010110100 0
#1342750000
1,
b0001000101101000 .
b000100010110100 /
#1343000000
0,
b0001000101101001 .
b000100010110101 0
#1343250000
1,
b0001000101101010 .
b000100010110101 /
#1343500000
0,
b0001000101101011 .
b000100010110110 0
#1343750000
1,
b0001000101101100 .
b000100010110110 /
#1344000000
0,
b0001000101101101 .
b000100010110111 0
#1344250000
1,
b0001000101101110 .
b000100010110111 /
#1344500000
0,
b0001000101101111 .
b000100010111000 0
#1344750000
1,
b0001000101110000 .
b000100010111000 /
#1345000000
0,
b0001000101110001 .
b000100010111001 0
#1345250000
1,
b0001000101110010 .
b000100010111001 /
#1345500000
0,
b0001000101110011 .
b000100010111010 0
#1345750000
1,
b0001000101110100 .
b000100010111010 /
#1346000000
0,
b0001000101110101 .
b000100010111011 0
#1346250000
1,
b0001000101110110 .
b000100010111011 /
#1346500000
0,
b0001000101110111 .
b000100010111100 0
#1346750000
1,
b0001000101111000 .
b000100010111100 /
#1347000000
0,
b0001000101111001 .
b000100010111101 0
#1347250000
1,
b0001000101111010 .
b000100010111101 /
#1347500000
0,
b0001000101111011 .
b000100010111110 0
#1347750000
1,
b0001000101111100 .
b000100010111110 /
#1348000000
0,
b0001000101111101 .
b000100010111111 0
#1348250000
1,
b0001000101111110 .
b000100010111111 /
#1348500000
0,
b0001000101111111 .
b000100011000000 0
#1348750000
1,
b0001000110000000 .
b000100011000000 /
#1349000000
0,
b0001000110000001 .
b000100011000001 0
#1349250000
1,
b0001000110000010 .
b000100011000001 /
#1349500000
0,
b0001000110000011 .
b000100011000010 0
#1349750000
1,
b0001000110000100 .
b000100011000010 /
#1350000000
0,
b0001000110000101 .
b000100011000011 0
#1350250000
1,
b0001000110000110 .
b000100011000011 /
#1350500000
0,
b0001000110000111 .
b000100011000100 0
#1350750000
1,
b0001000110001000 .
b000100011000100 /
#1351000000
0,
b0001000110001001 .
b000100011000101 0
#1351250000
1,
b0001000110001010 .
b000100011000101 /
#1351500000
0,
b0001000110001011 .
b000100011000110 0
#1351750000
1,
b0001000110001100 .
b000100011000110 /
#1352000000
0,
b0001000110001101 .
b000100011000111 0
#1352250000
1,
b0001000110001110 .
b000100011000111 /
#1352500000
0,
b0001000110001111 .
b000100011001000 0
#1352750000
1,
b0001000110010000 .
b000100011001000 /
#1353000000
0,
b0001000110010001 .
b000100011001001 0
#1353250000
1,
b0001000110010010 .
b000100011001001 /
#1353500000
0,
b0001000110010011 .
b000100011001010 0
#1353750000
1,
b0001000110010100 .
b000100011001010 /
#1354000000
0,
b0001000110010101 .
b000100011001011 0
#1354250000
1,
b0001000110010110 .
b000100011001011 /
#1354500000
0,
b0001000110010111 .
b000100011001100 0
#1354750000
1,
b0001000110011000 .
b000100011001100 /
#1355000000
0,
b0001000110011001 .
b000100011001101 0
#1355250000
1,
b0001000110011010 .
b000100011001101 /
#1355500000
0,
b0001000110011011 .
b000100011001110 0
#1355750000
1,
b0001000110011100 .
b000100011001110 /
#1356000000
0,
b0001000110011101 .
b000100011001111 0
#1356250000
1,
b0001000110011110 .
b000100011001111 /
#1356500000
0,
b0001000110011111 .
b000100011010000 0
#1356750000
1,
b0001000110100000 .
b000100011010000 /
#1357000000
0,
b0001000110100001 .
b000100011010001 0
#1357250000
b00100101 (
1)
1,
b0001000110100010 .
b000100011010001 /
#1357500000
0,
b0001000110100011 .
b000100011010010 0
#1357750000
1,
b0001000110100100 .
b000100011010010 /
#1358000000
0,
b0001000110100101 .
b000100011010011 0
#1358250000
1,
b0001000110100110 .
b000100011010011 /
#1358500000
0,
b0001000110100111 .
b000100011010100 0
#1358750000
1,
b0001000110101000 .
b000100011010100 /
#1359000000
0,
b0001000110101001 .
b000100011010101 0
#1359250000
1,
b0001000110101010 .
b000100011010101 /
#1359500000
0,
b0001000110101011 .
b000100011010110 0
#1359750000
1,
b0001000110101100 .
b000100011010110 /
#1360000000
0,
b0001000110101101 .
b000100011010111 0
#1360250000
1,
b0001000110101110 .
b000100011010111 /
#1360500000
0,
b0001000110101111 .
b000100011011000 0
#1360750000
1,
b0001000110110000 .
b000100011011000 /
#1361000000
0,
b0001000110110001 .
b000100011011001 0
#1361250000
1,
b0001000110110010 .
b000100011011001 /
#1361500000
0,
b0001000110110011 .
b000100011011010 0
#1361750000
1,
b0001000110110100 .
b000100011011010 /
#1362000000
0,
b0001000110110101 .
b000100011011011 0
#1362250000
1,
b0001000110110110 .
b000100011011011 /
#1362500000
0,
b0001000110110111 .
b000100011011100 0
#1362750000
1,
b0001000110111000 .
b000100011011100 /
#1363000000
0,
b0001000110111001 .
b000100011011101 0
#1363250000
1,
b0001000110111010 .
b000100011011101 /
#1363500000
0,
b0001000110111011 .
b000100011011110 0
#1363750000
1,
b0001000110111100 .
b000100011011110 /
#1364000000
0,
b0001000110111101 .
b000100011011111 0
#1364250000
1,
b0001000110111110 .
b000100011011111 /
#1364500000
0,
b0001000110111111 .
b000100011100000 0
#1364750000
1,
b0001000111000000 .
b000100011100000 /
#1365000000
0,
b0001000111000001 .
b000100011100001 0
#1365250000
1,
b0001000111000010 .
b000100011100001 /
#1365500000
0,
b0001000111000011 .
b000100011100010 0
#1365750000
1,
b0001000111000100 .
b000100011100010 /
#1366000000
0,
b0001000111000101 .
b000100011100011 0
#1366250000
1,
b0001000111000110 .
b000100011100011 /
#1366500000
0,
b0001000111000111 .
b000100011100100 0
#1366750000
1,
b0001000111001000 .
b000100011100100 /
#1367000000
0,
b0001000111001001 .
b000100011100101 0
#1367250000
1,
b0001000111001010 .
b000100011100101 /
#1367500000
0,
b0001000111001011 .
b000100011100110 0
#1367750000
1,
b0001000111001100 .
b000100011100110 /
#1368000000
0,
b0001000111001101 .
b000100011100111 0
#1368250000
1,
b0001000111001110 .
b000100011100111 /
#1368500000
0,
b0001000111001111 .
b000100011101000 0
#1368750000
1,
b0001000111010000 .
b000100011101000 /
#1369000000
0,
b0001000111010001 .
b000100011101001 0
#1369250000
1,
b0001000111010010 .
b000100011101001 /
#1369500000
0,
b0001000111010011 .
b000100011101010 0
#1369750000
1,
b0001000111010100 .
b000100011101010 /
#1370000000
0,
b0001000111010101 .
b000100011101011 0
#1370250000
1,
b0001000111010110 .
b000100011101011 /
#1370500000
0,
b0001000111010111 .
b000100011101100 0
#1370750000
1,
b0001000111011000 .
b000100011101100 /
#1371000000
0,
b0001000111011001 .
b000100011101101 0
#1371250000
1,
b0001000111011010 .
b000100011101101 /
#1371500000
0,
b0001000111011011 .
b000100011101110 0
#1371750000
1,
b0001000111011100 .
b000100011101110 /
#1372000000
0,
b0001000111011101 .
b000100011101111 0
#1372250000
1,
b0001000111011110 .
b000100011101111 /
#1372500000
0)
0,
b0001000111011111 .
b000100011110000 0
#1372750000
1,
b0001000111100000 .
b000100011110000 /
#1373000000
0,
b0001000111100001 .
b000100011110001 0
#1373250000
1,
b0001000111100010 .
b000100011110001 /
#1373500000
0,
b0001000111100011 .
b000100011110010 0
#1373750000
1,
b0001000111100100 .
b000100011110010 /
#1374000000
0,
b0001000111100101 .
b000100011110011 0
#1374250000
1,
b0001000111100110 .
b000100011110011 /
#1374500000
0,
b0001000111100111 .
b000100011110100 0
#1374750000
1,
b0001000111101000 .
b000100011110100 /
#1375000000
0,
b0001000111101001 .
b000100011110101 0
#1375250000
1,
b0001000111101010 .
b000100011110101 /
#1375500000
0,
b0001000111101011 .
b000100011110110 0
#1375750000
1,
b0001000111101100 .
b000100011110110 /
#1376000000
0,
b0001000111101101 .
b000100011110111 0
#1376250000
1,
b0001000111101110 .
b000100011110111 /
#1376500000
0,
b0001000111101111 .
b000100011111000 0
#1376750000
1,
b0001000111110000 .
b000100011111000 /
#1377000000
0,
b0001000111110001 .
b000100011111001 0
#1377250000
1,
b0001000111110010 .
b000100011111001 /
#1377500000
0,
b0001000111110011 .
b000100011111010 0
#1377750000
1,
b0001000111110100 .
b000100011111010 /
#1378000000
0,
b0001000111110101 .
b000100011111011 0
#1378250000
1,
b0001000111110110 .
b000100011111011 /
#1378500000
0,
b0001000111110111 .
b000100011111100 0
#1378750000
1,
b0001000111111000 .
b000100011111100 /
#1379000000
0,
b0001000111111001 .
b000100011111101 0
#1379250000
1,
b0001000111111010 .
b000100011111101 /
#1379500000
0,
b0001000111111011 .
b000100011111110 0
#1379750000
1,
b0001000111111100 .
b000100011111110 /
#1380000000
0,
b0001000111111101 .
b000100011111111 0
#1380250000
1,
b0001000111111110 .
b000100011111111 /
#1380500000
0,
b0001000111111111 .
b000100100000000 0
#1380750000
1,
b0001001000000000 .
b000100100000000 /
#1381000000
0,
b0001001000000001 .
b000100100000001 0
#1381250000
1,
b0001001000000010 .
b000100100000001 /
#1381500000
0,
b0001001000000011 .
b000100100000010 0
#1381750000
1,
b0001001000000100 .
b000100100000010 /
#1382000000
0,
b0001001000000101 .
b000100100000011 0
#1382250000
1,
b0001001000000110 .
b000100100000011 /
#1382500000
0,
b0001001000000111 .
b000100100000100 0
#1382750000
1,
b0001001000001000 .
b000100100000100 /
#1383000000
0,
b0001001000001001 .
b000100100000101 0
#1383250000
1,
b0001001000001010 .
b000100100000101 /
#1383500000
0,
b0001001000001011 .
b000100100000110 0
#1383750000
1,
b0001001000001100 .
b000100100000110 /
#1384000000
0,
b0001001000001101 .
b000100100000111 0
#1384250000
1,
b0001001000001110 .
b000100100000111 /
#1384500000
0,
b0001001000001111 .
b000100100001000 0
#1384750000
1,
b0001001000010000 .
b000100100001000 /
#1385000000
0,
b0001001000010001 .
b000100100001001 0
#1385250000
1,
b0001001000010010 .
b000100100001001 /
#1385500000
0,
b0001001000010011 .
b000100100001010 0
#1385750000
1,
b0001001000010100 .
b000100100001010 /
#1386000000
0,
b0001001000010101 .
b000100100001011 0
#1386250000
1,
b0001001000010110 .
b000100100001011 /
#1386500000
0,
b0001001000010111 .
b000100100001100 0
#1386750000
1,
b0001001000011000 .
b000100100001100 /
#1387000000
0,
b0001001000011001 .
b000100100001101 0
#1387250000
1,
b0001001000011010 .
b000100100001101 /
#1387500000
0,
b0001001000011011 .
b000100100001110 0
#1387750000
b00100110 (
1)
1,
b0001001000011100 .
b000100100001110 /
#1388000000
0,
b0001001000011101 .
b000100100001111 0
#1388250000
1,
b0001001000011110 .
b000100100001111 /
#1388500000
0,
b0001001000011111 .
b000100100010000 0
#1388750000
1,
b0001001000100000 .
b000100100010000 /
#1389000000
0,
b0001001000100001 .
b000100100010001 0
#1389250000
1,
b0001001000100010 .
b000100100010001 /
#1389500000
0,
b0001001000100011 .
b000100100010010 0
#1389750000
1,
b0001001000100100 .
b000100100010010 /
#1390000000
0,
b0001001000100101 .
b000100100010011 0
#1390250000
1,
b0001001000100110 .
b000100100010011 /
#1390500000
0,
b0001001000100111 .
b000100100010100 0
#1390750000
1,
b0001001000101000 .
b000100100010100 /
#1391000000
0,
b0001001000101001 .
b000100100010101 0
#1391250000
1,
b0001001000101010 .
b000100100010101 /
#1391500000
0,
b0001001000101011 .
b000100100010110 0
#1391750000
1,
b0001001000101100 .
b000100100010110 /
#1392000000
0,
b0001001000101101 .
b000100100010111 0
#1392250000
1,
b0001001000101110 .
b000100100010111 /
#1392500000
0,
b0001001000101111 .
b000100100011000 0
#1392750000
1,
b0001001000110000 .
b000100100011000 /
#1393000000
0,
b0001001000110001 .
b000100100011001 0
#1393250000
1,
b0001001000110010 .
b000100100011001 /
#1393500000
0,
b0001001000110011 .
b000100100011010 0
#1393750000
1,
b0001001000110100 .
b000100100011010 /
#1394000000
0,
b0001001000110101 .
b000100100011011 0
#1394250000
1,
b0001001000110110 .
b000100100011011 /
#1394500000
0,
b0001001000110111 .
b000100100011100 0
#1394750000
1,
b0001001000111000 .
b000100100011100 /
#1395000000
0,
b0001001000111001 .
b000100100011101 0
#1395250000
1,
b0001001000111010 .
b000100100011101 /
#1395500000
0,
b0001001000111011 .
b000100100011110 0
#1395750000
1,
b0001001000111100 .
b000100100011110 /
#1396000000
0,
b0001001000111101 .
b000100100011111 0
#1396250000
1,
b0001001000111110 .
b000100100011111 /
#1396500000
0,
b0001001000111111 .
b000100100100000 0
#1396750000
1,
b0001001001000000 .
b000100100100000 /
#1397000000
0,
b0001001001000001 .
b000100100100001 0
#1397250000
1,
b0001001001000010 .
b000100100100001 /
#1397500000
0,
b0001001001000011 .
b000100100100010 0
#1397750000
1,
b0001001001000100 .
b000100100100010 /
#1398000000
0,
b0001001001000101 .
b000100100100011 0
#1398250000
1,
b0001001001000110 .
b000100100100011 /
#1398500000
0,
b0001001001000111 .
b000100100100100 0
#1398750000
1,
b0001001001001000 .
b000100100100100 /
#1399000000
0,
b0001001001001001 .
b000100100100101 0
#1399250000
1,
b0001001001001010 .
b000100100100101 /
#1399500000
0,
b0001001001001011 .
b000100100100110 0
#1399750000
1,
b0001001001001100 .
b000100100100110 /
#1400000000
0,
b0001001001001101 .
b000100100100111 0
#1400250000
1,
b0001001001001110 .
b000100100100111 /
#1400500000
0,
b0001001001001111 .
b000100100101000 0
#1400750000
1,
b0001001001010000 .
b000100100101000 /
#1401000000
0,
b0001001001010001 .
b000100100101001 0
#1401250000
1,
b0001001001010010 .
b000100100101001 /
#1401500000
0,
b0001001001010011 .
b000100100101010 0
#1401750000
1,
b0001001001010100 .
b000100100101010 /
#1402000000
0,
b0001001001010101 .
b000100100101011 0
#1402250000
1,
b0001001001010110 .
b000100100101011 /
#1402500000
0,
b0001001001010111 .
b000100100101100 0
#1402750000
1,
b0001001001011000 .
b000100100101100 /
#1403000000
0)
0,
b0001001001011001 .
b000100100101101 0
#1403250000
1,
b0001001001011010 .
b000100100101101 /
#1403500000
0,
b0001001001011011 .
b000100100101110 0
#1403750000
1,
b0001001001011100 .
b000100100101110 /
#1404000000
0,
b0001001001011101 .
b000100100101111 0
#1404250000
1,
b0001001001011110 .
b000100100101111 /
#1404500000
0,
b0001001001011111 .
b000100100110000 0
#1404750000
1,
b0001001001100000 .
b000100100110000 /
#1405000000
0,
b0001001001100001 .
b000100100110001 0
#1405250000
1,
b0001001001100010 .
b000100100110001 /
#1405500000
0,
b0001001001100011 .
b000100100110010 0
#1405750000
1,
b0001001001100100 .
b000100100110010 /
#1406000000
0,
b0001001001100101 .
b000100100110011 0
#1406250000
1,
b0001001001100110 .
b000100100110011 /
#1406500000
0,
b0001001001100111 .
b000100100110100 0
#1406750000
1,
b0001001001101000 .
b000100100110100 /
#1407000000
0,
b0001001001101001 .
b000100100110101 0
#1407250000
1,
b0001001001101010 .
b000100100110101 /
#1407500000
0,
b0001001001101011 .
b000100100110110 0
#1407750000
1,
b0001001001101100 .
b000100100110110 /
#1408000000
0,
b0001001001101101 .
b000100100110111 0
#1408250000
1,
b0001001001101110 .
b000100100110111 /
#1408500000
0,
b0001001001101111 .
b000100100111000 0
#1408750000
1,
b0001001001110000 .
b000100100111000 /
#1409000000
0,
b0001001001110001 .
b000100100111001 0
#1409250000
1,
b0001001001110010 .
b000100100111001 /
#1409500000
0,
b0001001001110011 .
b000100100111010 0
#1409750000
1,
b0001001001110100 .
b000100100111010 /
#1410000000
0,
b0001001001110101 .
b000100100111011 0
#1410250000
1,
b0001001001110110 .
b000100100111011 /
#1410500000
0,
b0001001001110111 .
b000100100111100 0
#1410750000
1,
b0001001001111000 .
b000100100111100 /
#1411000000
0,
b0001001001111001 .
b000100100111101 0
#1411250000
1,
b0001001001111010 .
b000100100111101 /
#1411500000
0,
b0001001001111011 .
b000100100111110 0
#1411750000
1,
b0001001001111100 .
b000100100111110 /
#1412000000
0,
b0001001001111101 .
b000100100111111 0
#1412250000
1,
b0001001001111110 .
b000100100111111 /
#1412500000
0,
b0001001001111111 .
b000100101000000 0
#1412750000
1,
b0001001010000000 .
b000100101000000 /
#1413000000
0,
b0001001010000001 .
b000100101000001 0
#1413250000
1,
b0001001010000010 .
b000100101000001 /
#1413500000
0,
b0001001010000011 .
b000100101000010 0
#1413750000
1,
b0001001010000100 .
b000100101000010 /
#1414000000
0,
b0001001010000101 .
b000100101000011 0
#1414250000
1,
b0001001010000110 .
b000100101000011 /
#1414500000
0,
b0001001010000111 .
b000100101000100 0
#1414750000
1,
b0001001010001000 .
b000100101000100 /
#1415000000
0,
b0001001010001001 .
b000100101000101 0
#1415250000
1,
b0001001010001010 .
b000100101000101 /
#1415500000
0,
b0001001010001011 .
b000100101000110 0
#1415750000
1,
b0001001010001100 .
b000100101000110 /
#1416000000
0,
b0001001010001101 .
b000100101000111 0
#1416250000
1,
b0001001010001110 .
b000100101000111 /
#1416500000
0,
b0001001010001111 .
b000100101001000 0
#1416750000
1,
b0001001010010000 .
b000100101001000 /
#1417000000
0,
b0001001010010001 .
b000100101001001 0
#1417250000
1,
b0001001010010010 .
b000100101001001 /
#1417500000
0,
b0001001010010011 .
b000100101001010 0
#1417750000
1,
b0001001010010100 .
b000100101001010 /
#1418000000
0,
b0001001010010101 .
b000100101001011 0
#1418250000
b00100111 (
1)
1,
b0001001010010110 .
b000100101001011 /
#1418500000
0,
b0001001010010111 .
b000100101001100 0
#1418750000
1,
b0001001010011000 .
b000100101001100 /
#1419000000
0,
b0001001010011001 .
b000100101001101 0
#1419250000
1,
b0001001010011010 .
b000100101001101 /
#1419500000
0,
b0001001010011011 .
b000100101001110 0
#1419750000
1,
b0001001010011100 .
b000100101001110 /
#1420000000
0,
b0001001010011101 .
b000100101001111 0
#1420250000
1,
b0001001010011110 .
b000100101001111 /
#1420500000
0,
b0001001010011111 .
b000100101010000 0
#1420750000
1,
b0001001010100000 .
b000100101010000 /
#1421000000
0,
b0001001010100001 .
b000100101010001 0
#1421250000
1,
b0001001010100010 .
b000100101010001 /
#1421500000
0,
b0001001010100011 .
b000100101010010 0
#1421750000
1,
b0001001010100100 .
b000100101010010 /
#1422000000
0,
b0001001010100101 .
b000100101010011 0
#1422250000
1,
b0001001010100110 .
b000100101010011 /
#1422500000
0,
b0001001010100111 .
b000100101010100 0
#1422750000
1,
b0001001010101000 .
b000100101010100 /
#1423000000
0,
b0001001010101001 .
b000100101010101 0
#1423250000
1,
b0001001010101010 .
b000100101010101 /
#1423500000
0,
b0001001010101011 .
b000100101010110 0
#1423750000
1,
b0001001010101100 .
b000100101010110 /
#1424000000
0,
b0001001010101101 .
b000100101010111 0
#1424250000
1,
b0001001010101110 .
b000100101010111 /
#1424500000
0,
b0001001010101111 .
b000100101011000 0
#1424750000
1,
b0001001010110000 .
b000100101011000 /
#1425000000
0,
b0001001010110001 .
b000100101011001 0
#1425250000
1,
b0001001010110010 .
b000100101011001 /
#1425500000
0,
b0001001010110011 .
b000100101011010 0
#1425750000
1,
b0001001010110100 .
b000100101011010 /
#1426000000
0,
b0001001010110101 .
b000100101011011 0
#1426250000
1,
b0001001010110110 .
b000100101011011 /
#1426500000
0,
b0001001010110111 .
b000100101011100 0
#1426750000
1,
b0001001010111000 .
b000100101011100 /
#1427000000
0,
b0001001010111001 .
b000100101011101 0
#1427250000
1,
b0001001010111010 .
b000100101011101 /
#1427500000
0,
b0001001010111011 .
b000100101011110 0
#1427750000
1,
b0001001010111100 .
b000100101011110 /
#1428000000
0,
b0001001010111101 .
b000100101011111 0
#1428250000
1,
b0001001010111110 .
b000100101011111 /
#1428500000
0,
b0001001010111111 .
b000100101100000 0
#1428750000
1,
b0001001011000000 .
b000100101100000 /
#1429000000
0,
b0001001011000001 .
b000100101100001 0
#1429250000
1,
b0001001011000010 .
b000100101100001 /
#1429500000
0,
b0001001011000011 .
b000100101100010 0
#1429750000
1,
b0001001011000100 .
b000100101100010 /
#1430000000
0,
b0001001011000101 .
b000100101100011 0
#1430250000
1,
b0001001011000110 .
b000100101100011 /
#1430500000
0,
b0001001011000111 .
b000100101100100 0
#1430750000
1,
b0001001011001000 .
b000100101100100 /
#1431000000
0,
b0001001011001001 .
b000100101100101 0
#1431250000
1,
b0001001011001010 .
b000100101100101 /
#1431500000
0,
b0001001011001011 .
b000100101100110 0
#1431750000
1,
b0001001011001100 .
b000100101100110 /
#1432000000
0,
b0001001011001101 .
b000100101100111 0
#1432250000
1,
b0001001011001110 .
b000100101100111 /
#1432500000
0,
b0001001011001111 .
b000100101101000 0
#1432750000
1,
b0001001011010000 .
b000100101101000 /
#1433000000
0,
b0001001011010001 .
b000100101101001 0
#1433250000
1,
b0001001011010010 .
b000100101101001 /
#1433500000
0)
0,
b0001001011010011 .
b000100101101010 0
#1433750000
1,
b0001001011010100 .
b000100101101010 /
#1434000000
0,
b0001001011010101 .
b000100101101011 0
#1434250000
1,
b0001001011010110 .
b000100101101011 /
#1434500000
0,
b0001001011010111 .
b000100101101100 0
#1434750000
1,
b0001001011011000 .
b000100101101100 /
#1435000000
0,
b0001001011011001 .
b000100101101101 0
#1435250000
1,
b0001001011011010 .
b000100101101101 /
#1435500000
0,
b0001001011011011 .
b000100101101110 0
#1435750000
1,
b0001001011011100 .
b000100101101110 /
#1436000000
0,
b0001001011011101 .
b000100101101111 0
#1436250000
1,
b0001001011011110 .
b000100101101111 /
#1436500000
0,
b0001001011011111 .
b000100101110000 0
#1436750000
1,
b0001001011100000 .
b000100101110000 /
#1437000000
0,
b0001001011100001 .
b000100101110001 0
#1437250000
1,
b0001001011100010 .
b000100101110001 /
#1437500000
0,
b0001001011100011 .
b000100101110010 0
#1437750000
1,
b0001001011100100 .
b000100101110010 /
#1438000000
0,
b0001001011100101 .
b000100101110011 0
#1438250000
1,
b0001001011100110 .
b000100101110011 /
#1438500000
0,
b0001001011100111 .
b000100101110100 0
#1438750000
1,
b0001001011101000 .
b000100101110100 /
#1439000000
0,
b0001001011101001 .
b000100101110101 0
#1439250000
1,
b0001001011101010 .
b000100101110101 /
#1439500000
0,
b0001001011101011 .
b000100101110110 0
#1439750000
1,
b0001001011101100 .
b000100101110110 /
#1440000000
0,
b0001001011101101 .
b000100101110111 0
#1440250000
1,
b0001001011101110 .
b000100101110111 /
#1440500000
0,
b0001001011101111 .
b000100101111000 0
#1440750000
1,
b0001001011110000 .
b000100101111000 /
#1441000000
0,
b0001001011110001 .
b000100101111001 0
#1441250000
1,
b0001001011110010 .
b000100101111001 /
#1441500000
0,
b0001001011110011 .
b000100101111010 0
#1441750000
1,
b0001001011110100 .
b000100101111010 /
#1442000000
0,
b0001001011110101 .
b000100101111011 0
#1442250000
1,
b0001001011110110 .
b000100101111011 /
#1442500000
0,
b0001001011110111 .
b000100101111100 0
#1442750000
1,
b0001001011111000 .
b000100101111100 /
#1443000000
0,
b0001001011111001 .
b000100101111101 0
#1443250000
1,
b0001001011111010 .
b000100101111101 /
#1443500000
0,
b0001001011111011 .
b000100101111110 0
#1443750000
1,
b0001001011111100 .
b000100101111110 /
#1444000000
0,
b0001001011111101 .
b000100101111111 0
#1444250000
1,
b0001001011111110 .
b000100101111111 /
#1444500000
0,
b0001001011111111 .
b000100110000000 0
#1444750000
1,
b0001001100000000 .
b000100110000000 /
#1445000000
0,
b0001001100000001 .
b000100110000001 0
#1445250000
1,
b0001001100000010 .
b000100110000001 /
#1445500000
0,
b0001001100000011 .
b000100110000010 0
#1445750000
1,
b0001001100000100 .
b000100110000010 /
#1446000000
0,
b0001001100000101 .
b000100110000011 0
#1446250000
1,
b0001001100000110 .
b000100110000011 /
#1446500000
0,
b0001001100000111 .
b000100110000100 0
#1446750000
1,
b0001001100001000 .
b000100110000100 /
#1447000000
0,
b0001001100001001 .
b000100110000101 0
#1447250000
1,
b0001001100001010 .
b000100110000101 /
#1447500000
0,
b0001001100001011 .
b000100110000110 0
#1447750000
1,
b0001001100001100 .
b000100110000110 /
#1448000000
0,
b0001001100001101 .
b000100110000111 0
#1448250000
1,
b0001001100001110 .
b000100110000111 /
#1448500000
0,
b0001001100001111 .
b000100110001000 0
#1448750000
b00101000 (
1)
1,
b0001001100010000 .
b000100110001000 /
#1449000000
0,
b0001001100010001 .
b000100110001001 0
#1449250000
1,
b0001001100010010 .
b000100110001001 /
#1449500000
0,
b0001001100010011 .
b000100110001010 0
#1449750000
1,
b0001001100010100 .
b000100110001010 /
#1450000000
0,
b0001001100010101 .
b000100110001011 0
#1450250000
1,
b0001001100010110 .
b000100110001011 /
#1450500000
0,
b0001001100010111 .
b000100110001100 0
#1450750000
1,
b0001001100011000 .
b000100110001100 /
#1451000000
0,
b0001001100011001 .
b000100110001101 0
#1451250000
1,
b0001001100011010 .
b000100110001101 /
#1451500000
0,
b0001001100011011 .
b000100110001110 0
#1451750000
1,
b0001001100011100 .
b000100110001110 /
#1452000000
0,
b0001001100011101 .
b000100110001111 0
#1452250000
1,
b0001001100011110 .
b000100110001111 /
#1452500000
0,
b0001001100011111 .
b000100110010000 0
#1452750000
1,
b0001001100100000 .
b000100110010000 /
#1453000000
0,
b0001001100100001 .
b000100110010001 0
#1453250000
1,
b0001001100100010 .
b000100110010001 /
#1453500000
0,
b0001001100100011 .
b000100110010010 0
#1453750000
1,
b0001001100100100 .
b000100110010010 /
#1454000000
0,
b0001001100100101 .
b000100110010011 0
#1454250000
1,
b0001001100100110 .
b000100110010011 /
#1454500000
0,
b0001001100100111 .
b000100110010100 0
#1454750000
1,
b0001001100101000 .
b000100110010100 /
#1455000000
0,
b0001001100101001 .
b000100110010101 0
#1455250000
1,
b0001001100101010 .
b000100110010101 /
#1455500000
0,
b0001001100101011 .
b000100110010110 0
#1455750000
1,
b0001001100101100 .
b000100110010110 /
#1456000000
0,
b0001001100101101 .
b000100110010111 0
#1456250000
1,
b0001001100101110 .
b000100110010111 /
#1456500000
0,
b0001001100101111 .
b000100110011000 0
#1456750000
1,
b0001001100110000 .
b000100110011000 /
#1457000000
0,
b0001001100110001 .
b000100110011001 0
#1457250000
1,
b0001001100110010 .
b000100110011001 /
#1457500000
0,
b0001001100110011 .
b000100110011010 0
#1457750000
1,
b0001001100110100 .
b000100110011010 /
#1458000000
0,
b0001001100110101 .
b000100110011011 0
#1458250000
1,
b0001001100110110 .
b000100110011011 /
#1458500000
0,
b0001001100110111 .
b000100110011100 0
#1458750000
1,
b0001001100111000 .
b000100110011100 /
#1459000000
0,
b0001001100111001 .
b000100110011101 0
#1459250000
1,
b0001001100111010 .
b000100110011101 /
#1459500000
0,
b0001001100111011 .
b000100110011110 0
#1459750000
1,
b0001001100111100 .
b000100110011110 /
#1460000000
0,
b0001001100111101 .
b000100110011111 0
#1460250000
1,
b0001001100111110 .
b000100110011111 /
#1460500000
0,
b0001001100111111 .
b000100110100000 0
#1460750000
1,
b0001001101000000 .
b000100110100000 /
#1461000000
0,
b0001001101000001 .
b000100110100001 0
#1461250000
1,
b0001001101000010 .
b000100110100001 /
#1461500000
0,
b0001001101000011 .
b000100110100010 0
#1461750000
1,
b0001001101000100 .
b000100110100010 /
#1462000000
0,
b0001001101000101 .
b000100110100011 0
#1462250000
1,
b0001001101000110 .
b000100110100011 /
#1462500000
0,
b0001001101000111 .
b000100110100100 0
#1462750000
1,
b0001001101001000 .
b000100110100100 /
#1463000000
0,
b0001001101001001 .
b000100110100101 0
#1463250000
1,
b0001001101001010 .
b000100110100101 /
#1463500000
0,
b0001001101001011 .
b000100110100110 0
#1463750000
1,
b0001001101001100 .
b000100110100110 /
#1464000000
0)
0,
b0001001101001101 .
b000100110100111 0
#1464250000
1,
b0001001101001110 .
b000100110100111 /
#1464500000
0,
b0001001101001111 .
b000100110101000 0
#1464750000
1,
b0001001101010000 .
b000100110101000 /
#1465000000
0,
b0001001101010001 .
b000100110101001 0
#1465250000
1,
b0001001101010010 .
b000100110101001 /
#1465500000
0,
b0001001101010011 .
b000100110101010 0
#1465750000
1,
b0001001101010100 .
b000100110101010 /
#1466000000
0,
b0001001101010101 .
b000100110101011 0
#1466250000
1,
b0001001101010110 .
b000100110101011 /
#1466500000
0,
b0001001101010111 .
b000100110101100 0
#1466750000
1,
b0001001101011000 .
b000100110101100 /
#1467000000
0,
b0001001101011001 .
b000100110101101 0
#1467250000
1,
b0001001101011010 .
b000100110101101 /
#1467500000
0,
b0001001101011011 .
b000100110101110 0
#1467750000
1,
b0001001101011100 .
b000100110101110 /
#1468000000
0,
b0001001101011101 .
b000100110101111 0
#1468250000
1,
b0001001101011110 .
b000100110101111 /
#1468500000
0,
b0001001101011111 .
b000100110110000 0
#1468750000
1,
b0001001101100000 .
b000100110110000 /
#1469000000
0,
b0001001101100001 .
b000100110110001 0
#1469250000
1,
b0001001101100010 .
b000100110110001 /
#1469500000
0,
b0001001101100011 .
b000100110110010 0
#1469750000
1,
b0001001101100100 .
b000100110110010 /
#1470000000
0,
b0001001101100101 .
b000100110110011 0
#1470250000
1,
b0001001101100110 .
b000100110110011 /
#1470500000
0,
b0001001101100111 .
b000100110110100 0
#1470750000
1,
b0001001101101000 .
b000100110110100 /
#1471000000
0,
b0001001101101001 .
b000100110110101 0
#1471250000
1,
b0001001101101010 .
b000100110110101 /
#1471500000
0,
b0001001101101011 .
b000100110110110 0
#1471750000
1,
b0001001101101100 .
b000100110110110 /
#1472000000
0,
b0001001101101101 .
b000100110110111 0
#1472250000
1,
b0001001101101110 .
b000100110110111 /
#1472500000
0,
b0001001101101111 .
b000100110111000 0
#1472750000
1,
b0001001101110000 .
b000100110111000 /
#1473000000
0,
b0001001101110001 .
b000100110111001 0
#1473250000
1,
b0001001101110010 .
b000100110111001 /
#1473500000
0,
b0001001101110011 .
b000100110111010 0
#1473750000
1,
b0001001101110100 .
b000100110111010 /
#1474000000
0,
b0001001101110101 .
b000100110111011 0
#1474250000
1,
b0001001101110110 .
b000100110111011 /
#1474500000
0,
b0001001101110111 .
b000100110111100 0
#1474750000
1,
b0001001101111000 .
b000100110111100 /
#1475000000
0,
b0001001101111001 .
b000100110111101 0
#1475250000
1,
b0001001101111010 .
b000100110111101 /
#1475500000
0,
b0001001101111011 .
b000100110111110 0
#1475750000
1,
b0001001101111100 .
b000100110111110 /
#1476000000
0,
b0001001101111101 .
b000100110111111 0
#1476250000
1,
b0001001101111110 .
b000100110111111 /
#1476500000
0,
b0001001101111111 .
b000100111000000 0
#1476750000
1,
b0001001110000000 .
b000100111000000 /
#1477000000
0,
b0001001110000001 .
b000100111000001 0
#1477250000
1,
b0001001110000010 .
b000100111000001 /
#1477500000
0,
b0001001110000011 .
b000100111000010 0
#1477750000
1,
b0001001110000100 .
b000100111000010 /
#1478000000
0,
b0001001110000101 .
b000100111000011 0
#1478250000
1,
b0001001110000110 .
b000100111000011 /
#1478500000
0,
b0001001110000111 .
b000100111000100 0
#1478750000
1,
b0001001110001000 .
b000100111000100 /
#1479000000
0,
b0001001110001001 .
b000100111000101 0
#1479250000
b00101001 (
1)
1,
b0001001110001010 .
b000100111000101 /
#1479500000
0,
b0001001110001011 .
b000100111000110 0
#1479750000
1,
b0001001110001100 .
b000100111000110 /
#1480000000
0,
b0001001110001101 .
b000100111000111 0
#1480250000
1,
b0001001110001110 .
b000100111000111 /
#1480500000
0,
b0001001110001111 .
b000100111001000 0
#1480750000
1,
b0001001110010000 .
b000100111001000 /
#1481000000
0,
b0001001110010001 .
b000100111001001 0
#1481250000
1,
b0001001110010010 .
b000100111001001 /
#1481500000
0,
b0001001110010011 .
b000100111001010 0
#1481750000
1,
b0001001110010100 .
b000100111001010 /
#1482000000
0,
b0001001110010101 .
b000100111001011 0
#1482250000
1,
b0001001110010110 .
b000100111001011 /
#1482500000
0,
b0001001110010111 .
b000100111001100 0
#1482750000
1,
b0001001110011000 .
b000100111001100 /
#1483000000
0,
b0001001110011001 .
b000100111001101 0
#1483250000
1,
b0001001110011010 .
b000100111001101 /
#1483500000
0,
b0001001110011011 .
b000100111001110 0
#1483750000
1,
b0001001110011100 .
b000100111001110 /
#1484000000
0,
b0001001110011101 .
b000100111001111 0
#1484250000
1,
b0001001110011110 .
b000100111001111 /
#1484500000
0,
b0001001110011111 .
b000100111010000 0
#1484750000
1,
b0001001110100000 .
b000100111010000 /
#1485000000
0,
b0001001110100001 .
b000100111010001 0
#1485250000
1,
b0001001110100010 .
b000100111010001 /
#1485500000
0,
b0001001110100011 .
b000100111010010 0
#1485750000
1,
b0001001110100100 .
b000100111010010 /
#1486000000
0,
b0001001110100101 .
b000100111010011 0
#1486250000
1,
b0001001110100110 .
b000100111010011 /
#1486500000
0,
b0001001110100111 .
b000100111010100 0
#1486750000
1,
b0001001110101000 .
b000100111010100 /
#1487000000
0,
b0001001110101001 .
b000100111010101 0
#1487250000
1,
b0001001110101010 .
b000100111010101 /
#1487500000
0,
b0001001110101011 .
b000100111010110 0
#1487750000
1,
b0001001110101100 .
b000100111010110 /
#1488000000
0,
b0001001110101101 .
b000100111010111 0
#1488250000
1,
b0001001110101110 .
b000100111010111 /
#1488500000
0,
b0001001110101111 .
b000100111011000 0
#1488750000
1,
b0001001110110000 .
b000100111011000 /
#1489000000
0,
b0001001110110001 .
b000100111011001 0
#1489250000
1,
b0001001110110010 .
b000100111011001 /
#1489500000
0,
b0001001110110011 .
b000100111011010 0
#1489750000
1,
b0001001110110100 .
b000100111011010 /
#1490000000
0,
b0001001110110101 .
b000100111011011 0
#1490250000
1,
b0001001110110110 .
b000100111011011 /
#1490500000
0,
b0001001110110111 .
b000100111011100 0
#1490750000
1,
b0001001110111000 .
b000100111011100 /
#1491000000
0,
b0001001110111001 .
b000100111011101 0
#1491250000
1,
b0001001110111010 .
b000100111011101 /
#1491500000
0,
b0001001110111011 .
b000100111011110 0
#1491750000
1,
b0001001110111100 .
b000100111011110 /
#1492000000
0,
b0001001110111101 .
b000100111011111 0
#1492250000
1,
b0001001110111110 .
b000100111011111 /
#1492500000
0,
b0001001110111111 .
b000100111100000 0
#1492750000
1,
b0001001111000000 .
b000100111100000 /
#1493000000
0,
b0001001111000001 .
b000100111100001 0
#1493250000
1,
b0001001111000010 .
b000100111100001 /
#1493500000
0,
b0001001111000011 .
b000100111100010 0
#1493750000
1,
b0001001111000100 .
b000100111100010 /
#1494000000
0,
b0001001111000101 .
b000100111100011 0
#1494250000
1,
b0001001111000110 .
b000100111100011 /
#1494500000
0)
0,
b0001001111000111 .
b000100111100100 0
#1494750000
1,
b0001001111001000 .
b000100111100100 /
#1495000000
0,
b0001001111001001 .
b000100111100101 0
#1495250000
1,
b0001001111001010 .
b000100111100101 /
#1495500000
0,
b0001001111001011 .
b000100111100110 0
#1495750000
1,
b0001001111001100 .
b000100111100110 /
#1496000000
0,
b0001001111001101 .
b000100111100111 0
#1496250000
1,
b0001001111001110 .
b000100111100111 /
#1496500000
0,
b0001001111001111 .
b000100111101000 0
#1496750000
1,
b0001001111010000 .
b000100111101000 /
#1497000000
0,
b0001001111010001 .
b000100111101001 0
#1497250000
1,
b0001001111010010 .
b000100111101001 /
#1497500000
0,
b0001001111010011 .
b000100111101010 0
#1497750000
1,
b0001001111010100 .
b000100111101010 /
#1498000000
0,
b0001001111010101 .
b000100111101011 0
#1498250000
1,
b0001001111010110 .
b000100111101011 /
#1498500000
0,
b0001001111010111 .
b000100111101100 0
#1498750000
1,
b0001001111011000 .
b000100111101100 /
#1499000000
0,
b0001001111011001 .
b000100111101101 0
#1499250000
1,
b0001001111011010 .
b000100111101101 /
#1499500000
0,
b0001001111011011 .
b000100111101110 0
#1499750000
1,
b0001001111011100 .
b000100111101110 /
#1500000000
0,
b0001001111011101 .
b000100111101111 0
#1500250000
1,
b0001001111011110 .
b000100111101111 /
#1500500000
0,
b0001001111011111 .
b000100111110000 0
#1500750000
1,
b0001001111100000 .
b000100111110000 /
#1501000000
0,
b0001001111100001 .
b000100111110001 0
#1501250000
1,
b0001001111100010 .
b000100111110001 /
#1501500000
0,
b0001001111100011 .
b000100111110010 0
#1501750000
1,
b0001001111100100 .
b000100111110010 /
#1502000000
0,
b0001001111100101 .
b000100111110011 0
#1502250000
1,
b0001001111100110 .
b000100111110011 /
#1502500000
0,
b0001001111100111 .
b000100111110100 0
#1502750000
1,
b0001001111101000 .
b000100111110100 /
#1503000000
0,
b0001001111101001 .
b000100111110101 0
#1503250000
1,
b0001001111101010 .
b000100111110101 /
#1503500000
0,
b0001001111101011 .
b000100111110110 0
#1503750000
1,
b0001001111101100 .
b000100111110110 /
#1504000000
0,
b0001001111101101 .
b000100111110111 0
#1504250000
1,
b0001001111101110 .
b000100111110111 /
#1504500000
0,
b0001001111101111 .
b000100111111000 0
#1504750000
1,
b0001001111110000 .
b000100111111000 /
#1505000000
0,
b0001001111110001 .
b000100111111001 0
#1505250000
1,
b0001001111110010 .
b000100111111001 /
#1505500000
0,
b0001001111110011 .
b000100111111010 0
#1505750000
1,
b0001001111110100 .
b000100111111010 /
#1506000000
0,
b0001001111110101 .
b000100111111011 0
#1506250000
1,
b0001001111110110 .
b000100111111011 /
#1506500000
0,
b0001001111110111 .
b000100111111100 0
#1506750000
1,
b0001001111111000 .
b000100111111100 /
#1507000000
0,
b0001001111111001 .
b000100111111101 0
#1507250000
1,
b0001001111111010 .
b000100111111101 /
#1507500000
0,
b0001001111111011 .
b000100111111110 0
#1507750000
1,
b0001001111111100 .
b000100111111110 /
#1508000000
0,
b0001001111111101 .
b000100111111111 0
#1508250000
1,
b0001001111111110 .
b000100111111111 /
#1508500000
0,
b0001001111111111 .
b000101000000000 0
#1508750000
1,
b0001010000000000 .
b000101000000000 /
#1509000000
0,
b0001010000000001 .
b000101000000001 0
#1509250000
1,
b0001010000000010 .
b000101000000001 /
#1509500000
0,
b0001010000000011 .
b000101000000010 0
#1509750000
b00101010 (
1)
1,
b0001010000000100 .
b000101000000010 /
#1510000000
0,
b0001010000000101 .
b000101000000011 0
#1510250000
1,
b0001010000000110 .
b000101000000011 /
#1510500000
0,
b0001010000000111 .
b000101000000100 0
#1510750000
1,
b0001010000001000 .
b000101000000100 /
#1511000000
0,
b0001010000001001 .
b000101000000101 0
#1511250000
1,
b0001010000001010 .
b000101000000101 /
#1511500000
0,
b0001010000001011 .
b000101000000110 0
#1511750000
1,
b0001010000001100 .
b000101000000110 /
#1512000000
0,
b0001010000001101 .
b000101000000111 0
#1512250000
1,
b0001010000001110 .
b000101000000111 /
#1512500000
0,
b0001010000001111 .
b000101000001000 0
#1512750000
1,
b0001010000010000 .
b000101000001000 /
#1513000000
0,
b0001010000010001 .
b000101000001001 0
#1513250000
1,
b0001010000010010 .
b000101000001001 /
#1513500000
0,
b0001010000010011 .
b000101000001010 0
#1513750000
1,
b0001010000010100 .
b000101000001010 /
#1514000000
0,
b0001010000010101 .
b000101000001011 0
#1514250000
1,
b0001010000010110 .
b000101000001011 /
#1514500000
0,
b0001010000010111 .
b000101000001100 0
#1514750000
1,
b0001010000011000 .
b000101000001100 /
#1515000000
0,
b0001010000011001 .
b000101000001101 0
#1515250000
1,
b0001010000011010 .
b000101000001101 /
#1515500000
0,
b0001010000011011 .
b000101000001110 0
#1515750000
1,
b0001010000011100 .
b000101000001110 /
#1516000000
0,
b0001010000011101 .
b000101000001111 0
#1516250000
1,
b0001010000011110 .
b000101000001111 /
#1516500000
0,
b0001010000011111 .
b000101000010000 0
#1516750000
1,
b0001010000100000 .
b000101000010000 /
#1517000000
0,
b0001010000100001 .
b000101000010001 0
#1517250000
1,
b0001010000100010 .
b000101000010001 /
#1517500000
0,
b0001010000100011 .
b000101000010010 0
#1517750000
1,
b0001010000100100 .
b000101000010010 /
#1518000000
0,
b0001010000100101 .
b000101000010011 0
#1518250000
1,
b0001010000100110 .
b000101000010011 /
#1518500000
0,
b0001010000100111 .
b000101000010100 0
#1518750000
1,
b0001010000101000 .
b000101000010100 /
#1519000000
0,
b0001010000101001 .
b000101000010101 0
#1519250000
1,
b0001010000101010 .
b000101000010101 /
#1519500000
0,
b0001010000101011 .
b000101000010110 0
#1519750000
1,
b0001010000101100 .
b000101000010110 /
#1520000000
0,
b0001010000101101 .
b000101000010111 0
#1520250000
1,
b0001010000101110 .
b000101000010111 /
#1520500000
0,
b0001010000101111 .
b000101000011000 0
#1520750000
1,
b0001010000110000 .
b000101000011000 /
#1521000000
0,
b0001010000110001 .
b000101000011001 0
#1521250000
1,
b0001010000110010 .
b000101000011001 /
#1521500000
0,
b0001010000110011 .
b000101000011010 0
#1521750000
1,
b0001010000110100 .
b000101000011010 /
#1522000000
0,
b0001010000110101 .
b000101000011011 0
#1522250000
1,
b0001010000110110 .
b000101000011011 /
#1522500000
0,
b0001010000110111 .
b000101000011100 0
#1522750000
1,
b0001010000111000 .
b000101000011100 /
#1523000000
0,
b0001010000111001 .
b000101000011101 0
#1523250000
1,
b0001010000111010 .
b000101000011101 /
#1523500000
0,
b0001010000111011 .
b000101000011110 0
#1523750000
1,
b0001010000111100 .
b000101000011110 /
#1524000000
0,
b0001010000111101 .
b000101000011111 0
#1524250000
1,
b0001010000111110 .
b000101000011111 /
#1524500000
0,
b0001010000111111 .
b000101000100000 0
#1524750000
1,
b0001010001000000 .
b000101000100000 /
#1525000000
0)
0,
b0001010001000001 .
b000101000100001 0
#1525250000
1,
b0001010001000010 .
b000101000100001 /
#1525500000
0,
b0001010001000011 .
b000101000100010 0
#1525750000
1,
b0001010001000100 .
b000101000100010 /
#1526000000
0,
b0001010001000101 .
b000101000100011 0
#1526250000
1,
b0001010001000110 .
b000101000100011 /
#1526500000
0,
b0001010001000111 .
b000101000100100 0
#1526750000
1,
b0001010001001000 .
b000101000100100 /
#1527000000
0,
b0001010001001001 .
b000101000100101 0
#1527250000
1,
b0001010001001010 .
b000101000100101 /
#1527500000
0,
b0001010001001011 .
b000101000100110 0
#1527750000
1,
b0001010001001100 .
b000101000100110 /
#1528000000
0,
b0001010001001101 .
b000101000100111 0
#1528250000
1,
b0001010001001110 .
b000101000100111 /
#1528500000
0,
b0001010001001111 .
b000101000101000 0
#1528750000
1,
b0001010001010000 .
b000101000101000 /
#1529000000
0,
b0001010001010001 .
b000101000101001 0
#1529250000
1,
b0001010001010010 .
b000101000101001 /
#1529500000
0,
b0001010001010011 .
b000101000101010 0
#1529750000
1,
b0001010001010100 .
b000101000101010 /
#1530000000
0,
b0001010001010101 .
b000101000101011 0
#1530250000
1,
b0001010001010110 .
b000101000101011 /
#1530500000
0,
b0001010001010111 .
b000101000101100 0
#1530750000
1,
b0001010001011000 .
b000101000101100 /
#1531000000
0,
b0001010001011001 .
b000101000101101 0
#1531250000
1,
b0001010001011010 .
b000101000101101 /
#1531500000
0,
b0001010001011011 .
b000101000101110 0
#1531750000
1,
b0001010001011100 .
b000101000101110 /
#1532000000
0,
b0001010001011101 .
b000101000101111 0
#1532250000
1,
b0001010001011110 .
b000101000101111 /
#1532500000
0,
b0001010001011111 .
b000101000110000 0
#1532750000
1,
b0001010001100000 .
b000101000110000 /
#1533000000
0,
b0001010001100001 .
b000101000110001 0
#1533250000
1,
b0001010001100010 .
b000101000110001 /
#1533500000
0,
b0001010001100011 .
b000101000110010 0
#1533750000
1,
b0001010001100100 .
b000101000110010 /
#1534000000
0,
b0001010001100101 .
b000101000110011 0
#1534250000
1,
b0001010001100110 .
b000101000110011 /
#1534500000
0,
b0001010001100111 .
b000101000110100 0
#1534750000
1,
b0001010001101000 .
b000101000110100 /
#1535000000
0,
b0001010001101001 .
b000101000110101 0
#1535250000
1,
b0001010001101010 .
b000101000110101 /
#1535500000
0,
b0001010001101011 .
b000101000110110 0
#1535750000
1,
b0001010001101100 .
b000101000110110 /
#1536000000
0,
b0001010001101101 .
b000101000110111 0
#1536250000
1,
b0001010001101110 .
b000101000110111 /
#1536500000
0,
b0001010001101111 .
b000101000111000 0
#1536750000
1,
b0001010001110000 .
b000101000111000 /
#1537000000
0,
b0001010001110001 .
b000101000111001 0
#1537250000
1,
b0001010001110010 .
b000101000111001 /
#1537500000
0,
b0001010001110011 .
b000101000111010 0
#1537750000
1,
b0001010001110100 .
b000101000111010 /
#1538000000
0,
b0001010001110101 .
b000101000111011 0
#1538250000
1,
b0001010001110110 .
b000101000111011 /
#1538500000
0,
b0001010001110111 .
b000101000111100 0
#1538750000
1,
b0001010001111000 .
b000101000111100 /
#1539000000
0,
b0001010001111001 .
b000101000111101 0
#1539250000
1,
b0001010001111010 .
b000101000111101 /
#1539500000
0,
b0001010001111011 .
b000101000111110 0
#1539750000
1,
b0001010001111100 .
b000101000111110 /
#1540000000
0,
b0001010001111101 .
b000101000111111 0
#1540250000
b00101011 (
1)
1,
b0001010001111110 .
b000101000111111 /
#1540500000
0,
b0001010001111111 .
b000101001000000 0
#1540750000
1,
b0001010010000000 .
b000101001000000 /
#1541000000
0,
b0001010010000001 .
b000101001000001 0
#1541250000
1,
b0001010010000010 .
b000101001000001 /
#1541500000
0,
b0001010010000011 .
b000101001000010 0
#1541750000
1,
b0001010010000100 .
b000101001000010 /
#1542000000
0,
b0001010010000101 .
b000101001000011 0
#1542250000
1,
b0001010010000110 .
b000101001000011 /
#1542500000
0,
b0001010010000111 .
b000101001000100 0
#1542750000
1,
b0001010010001000 .
b000101001000100 /
#1543000000
0,
b0001010010001001 .
b000101001000101 0
#1543250000
1,
b0001010010001010 .
b000101001000101 /
#1543500000
0,
b0001010010001011 .
b000101001000110 0
#1543750000
1,
b0001010010001100 .
b000101001000110 /
#1544000000
0,
b0001010010001101 .
b000101001000111 0
#1544250000
1,
b0001010010001110 .
b000101001000111 /
#1544500000
0,
b0001010010001111 .
b000101001001000 0
#1544750000
1,
b0001010010010000 .
b000101001001000 /
#1545000000
0,
b0001010010010001 .
b000101001001001 0
#1545250000
1,
b0001010010010010 .
b000101001001001 /
#1545500000
0,
b0001010010010011 .
b000101001001010 0
#1545750000
1,
b0001010010010100 .
b000101001001010 /
#1546000000
0,
b0001010010010101 .
b000101001001011 0
#1546250000
1,
b0001010010010110 .
b000101001001011 /
#1546500000
0,
b0001010010010111 .
b000101001001100 0
#1546750000
1,
b0001010010011000 .
b000101001001100 /
#1547000000
0,
b0001010010011001 .
b000101001001101 0
#1547250000
1,
b0001010010011010 .
b000101001001101 /
#1547500000
0,
b0001010010011011 .
b000101001001110 0
#1547750000
1,
b0001010010011100 .
b000101001001110 /
#1548000000
0,
b0001010010011101 .
b000101001001111 0
#1548250000
1,
b0001010010011110 .
b000101001001111 /
#1548500000
0,
b0001010010011111 .
b000101001010000 0
#1548750000
1,
b0001010010100000 .
b000101001010000 /
#1549000000
0,
b0001010010100001 .
b000101001010001 0
#1549250000
1,
b0001010010100010 .
b000101001010001 /
#1549500000
0,
b0001010010100011 .
b000101001010010 0
#1549750000
1,
b0001010010100100 .
b000101001010010 /
#1550000000
0,
b0001010010100101 .
b000101001010011 0
#1550250000
1,
b0001010010100110 .
b000101001010011 /
#1550500000
0,
b0001010010100111 .
b000101001010100 0
#1550750000
1,
b0001010010101000 .
b000101001010100 /
#1551000000
0,
b0001010010101001 .
b000101001010101 0
#1551250000
1,
b0001010010101010 .
b000101001010101 /
#1551500000
0,
b0001010010101011 .
b000101001010110 0
#1551750000
1,
b0001010010101100 .
b000101001010110 /
#1552000000
0,
b0001010010101101 .
b000101001010111 0
#1552250000
1,
b0001010010101110 .
b000101001010111 /
#1552500000
0,
b0001010010101111 .
b000101001011000 0
#1552750000
1,
b0001010010110000 .
b000101001011000 /
#1553000000
0,
b0001010010110001 .
b000101001011001 0
#1553250000
1,
b0001010010110010 .
b000101001011001 /
#1553500000
0,
b0001010010110011 .
b000101001011010 0
#1553750000
1,
b0001010010110100 .
b000101001011010 /
#1554000000
0,
b0001010010110101 .
b000101001011011 0
#1554250000
1,
b0001010010110110 .
b000101001011011 /
#1554500000
0,
b0001010010110111 .
b000101001011100 0
#1554750000
1,
b0001010010111000 .
b000101001011100 /
#1555000000
0,
b0001010010111001 .
b000101001011101 0
#1555250000
1,
b0001010010111010 .
b000101001011101 /
#1555500000
0)
0,
b0001010010111011 .
b000101001011110 0
#1555750000
1,
b0001010010111100 .
b000101001011110 /
#1556000000
0,
b0001010010111101 .
b000101001011111 0
#1556250000
1,
b0001010010111110 .
b000101001011111 /
#1556500000
0,
b0001010010111111 .
b000101001100000 0
#1556750000
1,
b0001010011000000 .
b000101001100000 /
#1557000000
0,
b0001010011000001 .
b000101001100001 0
#1557250000
1,
b0001010011000010 .
b000101001100001 /
#1557500000
0,
b0001010011000011 .
b000101001100010 0
#1557750000
1,
b0001010011000100 .
b000101001100010 /
#1558000000
0,
b0001010011000101 .
b000101001100011 0
#1558250000
1,
b0001010011000110 .
b000101001100011 /
#1558500000
0,
b0001010011000111 .
b000101001100100 0
#1558750000
1,
b0001010011001000 .
b000101001100100 /
#1559000000
0,
b0001010011001001 .
b000101001100101 0
#1559250000
1,
b0001010011001010 .
b000101001100101 /
#1559500000
0,
b0001010011001011 .
b000101001100110 0
#1559750000
1,
b0001010011001100 .
b000101001100110 /
#1560000000
0,
b0001010011001101 .
b000101001100111 0
#1560250000
1,
b0001010011001110 .
b000101001100111 /
#1560500000
0,
b0001010011001111 .
b000101001101000 0
#1560750000
1,
b0001010011010000 .
b000101001101000 /
#1561000000
0,
b0001010011010001 .
b000101001101001 0
#1561250000
1,
b0001010011010010 .
b000101001101001 /
#1561500000
0,
b0001010011010011 .
b000101001101010 0
#1561750000
1,
b0001010011010100 .
b000101001101010 /
#1562000000
0,
b0001010011010101 .
b000101001101011 0
#1562250000
1,
b0001010011010110 .
b000101001101011 /
#1562500000
0,
b0001010011010111 .
b000101001101100 0
#1562750000
1,
b0001010011011000 .
b000101001101100 /
#1563000000
0,
b0001010011011001 .
b000101001101101 0
#1563250000
1,
b0001010011011010 .
b000101001101101 /
#1563500000
0,
b0001010011011011 .
b000101001101110 0
#1563750000
1,
b0001010011011100 .
b000101001101110 /
#1564000000
0,
b0001010011011101 .
b000101001101111 0
#1564250000
1,
b0001010011011110 .
b000101001101111 /
#1564500000
0,
b0001010011011111 .
b000101001110000 0
#1564750000
1,
b0001010011100000 .
b000101001110000 /
#1565000000
0,
b0001010011100001 .
b000101001110001 0
#1565250000
1,
b0001010011100010 .
b000101001110001 /
#1565500000
0,
b0001010011100011 .
b000101001110010 0
#1565750000
1,
b0001010011100100 .
b000101001110010 /
#1566000000
0,
b0001010011100101 .
b000101001110011 0
#1566250000
1,
b0001010011100110 .
b000101001110011 /
#1566500000
0,
b0001010011100111 .
b000101001110100 0
#1566750000
1,
b0001010011101000 .
b000101001110100 /
#1567000000
0,
b0001010011101001 .
b000101001110101 0
#1567250000
1,
b0001010011101010 .
b000101001110101 /
#1567500000
0,
b0001010011101011 .
b000101001110110 0
#1567750000
1,
b0001010011101100 .
b000101001110110 /
#1568000000
0,
b0001010011101101 .
b000101001110111 0
#1568250000
1,
b0001010011101110 .
b000101001110111 /
#1568500000
0,
b0001010011101111 .
b000101001111000 0
#1568750000
1,
b0001010011110000 .
b000101001111000 /
#1569000000
0,
b0001010011110001 .
b000101001111001 0
#1569250000
1,
b0001010011110010 .
b000101001111001 /
#1569500000
0,
b0001010011110011 .
b000101001111010 0
#1569750000
1,
b0001010011110100 .
b000101001111010 /
#1570000000
0,
b0001010011110101 .
b000101001111011 0
#1570250000
1,
b0001010011110110 .
b000101001111011 /
#1570500000
0,
b0001010011110111 .
b000101001111100 0
#1570750000
b00101100 (
1)
1,
b0001010011111000 .
b000101001111100 /
#1571000000
0,
b0001010011111001 .
b000101001111101 0
#1571250000
1,
b0001010011111010 .
b000101001111101 /
#1571500000
0,
b0001010011111011 .
b000101001111110 0
#1571750000
1,
b0001010011111100 .
b000101001111110 /
#1572000000
0,
b0001010011111101 .
b000101001111111 0
#1572250000
1,
b0001010011111110 .
b000101001111111 /
#1572500000
0,
b0001010011111111 .
b000101010000000 0
#1572750000
1,
b0001010100000000 .
b000101010000000 /
#1573000000
0,
b0001010100000001 .
b000101010000001 0
#1573250000
1,
b0001010100000010 .
b000101010000001 /
#1573500000
0,
b0001010100000011 .
b000101010000010 0
#1573750000
1,
b0001010100000100 .
b000101010000010 /
#1574000000
0,
b0001010100000101 .
b000101010000011 0
#1574250000
1,
b0001010100000110 .
b000101010000011 /
#1574500000
0,
b0001010100000111 .
b000101010000100 0
#1574750000
1,
b0001010100001000 .
b000101010000100 /
#1575000000
0,
b0001010100001001 .
b000101010000101 0
#1575250000
1,
b0001010100001010 .
b000101010000101 /
#1575500000
0,
b0001010100001011 .
b000101010000110 0
#1575750000
1,
b0001010100001100 .
b000101010000110 /
#1576000000
0,
b0001010100001101 .
b000101010000111 0
#1576250000
1,
b0001010100001110 .
b000101010000111 /
#1576500000
0,
b0001010100001111 .
b000101010001000 0
#1576750000
1,
b0001010100010000 .
b000101010001000 /
#1577000000
0,
b0001010100010001 .
b000101010001001 0
#1577250000
1,
b0001010100010010 .
b000101010001001 /
#1577500000
0,
b0001010100010011 .
b000101010001010 0
#1577750000
1,
b0001010100010100 .
b000101010001010 /
#1578000000
0,
b0001010100010101 .
b000101010001011 0
#1578250000
1,
b0001010100010110 .
b000101010001011 /
#1578500000
0,
b0001010100010111 .
b000101010001100 0
#1578750000
1,
b0001010100011000 .
b000101010001100 /
#1579000000
0,
b0001010100011001 .
b000101010001101 0
#1579250000
1,
b0001010100011010 .
b000101010001101 /
#1579500000
0,
b0001010100011011 .
b000101010001110 0
#1579750000
1,
b0001010100011100 .
b000101010001110 /
#1580000000
0,
b0001010100011101 .
b000101010001111 0
#1580250000
1,
b0001010100011110 .
b000101010001111 /
#1580500000
0,
b0001010100011111 .
b000101010010000 0
#1580750000
1,
b0001010100100000 .
b000101010010000 /
#1581000000
0,
b0001010100100001 .
b000101010010001 0
#1581250000
1,
b0001010100100010 .
b000101010010001 /
#1581500000
0,
b0001010100100011 .
b000101010010010 0
#1581750000
1,
b0001010100100100 .
b000101010010010 /
#1582000000
0,
b0001010100100101 .
b000101010010011 0
#1582250000
1,
b0001010100100110 .
b000101010010011 /
#1582500000
0,
b0001010100100111 .
b000101010010100 0
#1582750000
1,
b0001010100101000 .
b000101010010100 /
#1583000000
0,
b0001010100101001 .
b000101010010101 0
#1583250000
1,
b0001010100101010 .
b000101010010101 /
#1583500000
0,
b0001010100101011 .
b000101010010110 0
#1583750000
1,
b0001010100101100 .
b000101010010110 /
#1584000000
0,
b0001010100101101 .
b000101010010111 0
#1584250000
1,
b0001010100101110 .
b000101010010111 /
#1584500000
0,
b0001010100101111 .
b000101010011000 0
#1584750000
1,
b0001010100110000 .
b000101010011000 /
#1585000000
0,
b0001010100110001 .
b000101010011001 0
#1585250000
1,
b0001010100110010 .
b000101010011001 /
#1585500000
0,
b0001010100110011 .
b000101010011010 0
#1585750000
1,
b0001010100110100 .
b000101010011010 /
#1586000000
0)
0,
b0001010100110101 .
b000101010011011 0
#1586250000
1,
b0001010100110110 .
b000101010011011 /
#1586500000
0,
b0001010100110111 .
b000101010011100 0
#1586750000
1,
b0001010100111000 .
b000101010011100 /
#1587000000
0,
b0001010100111001 .
b000101010011101 0
#1587250000
1,
b0001010100111010 .
b000101010011101 /
#1587500000
0,
b0001010100111011 .
b000101010011110 0
#1587750000
1,
b0001010100111100 .
b000101010011110 /
#1588000000
0,
b0001010100111101 .
b000101010011111 0
#1588250000
1,
b0001010100111110 .
b000101010011111 /
#1588500000
0,
b0001010100111111 .
b000101010100000 0
#1588750000
1,
b0001010101000000 .
b000101010100000 /
#1589000000
0,
b0001010101000001 .
b000101010100001 0
#1589250000
1,
b0001010101000010 .
b000101010100001 /
#1589500000
0,
b0001010101000011 .
b000101010100010 0
#1589750000
1,
b0001010101000100 .
b000101010100010 /
#1590000000
0,
b0001010101000101 .
b000101010100011 0
#1590250000
1,
b0001010101000110 .
b000101010100011 /
#1590500000
0,
b0001010101000111 .
b000101010100100 0
#1590750000
1,
b0001010101001000 .
b000101010100100 /
#1591000000
0,
b0001010101001001 .
b000101010100101 0
#1591250000
1,
b0001010101001010 .
b000101010100101 /
#1591500000
0,
b0001010101001011 .
b000101010100110 0
#1591750000
1,
b0001010101001100 .
b000101010100110 /
#1592000000
0,
b0001010101001101 .
b000101010100111 0
#1592250000
1,
b0001010101001110 .
b000101010100111 /
#1592500000
0,
b0001010101001111 .
b000101010101000 0
#1592750000
1,
b0001010101010000 .
b000101010101000 /
#1593000000
0,
b0001010101010001 .
b000101010101001 0
#1593250000
1,
b0001010101010010 .
b000101010101001 /
#1593500000
0,
b0001010101010011 .
b000101010101010 0
#1593750000
1,
b0001010101010100 .
b000101010101010 /
#1594000000
0,
b0001010101010101 .
b000101010101011 0
#1594250000
1,
b0001010101010110 .
b000101010101011 /
#1594500000
0,
b0001010101010111 .
b000101010101100 0
#1594750000
1,
b0001010101011000 .
b000101010101100 /
#1595000000
0,
b0001010101011001 .
b000101010101101 0
#1595250000
1,
b0001010101011010 .
b000101010101101 /
#1595500000
0,
b0001010101011011 .
b000101010101110 0
#1595750000
1,
b0001010101011100 .
b000101010101110 /
#1596000000
0,
b0001010101011101 .
b000101010101111 0
#1596250000
1,
b0001010101011110 .
b000101010101111 /
#1596500000
0,
b0001010101011111 .
b000101010110000 0
#1596750000
1,
b0001010101100000 .
b000101010110000 /
#1597000000
0,
b0001010101100001 .
b000101010110001 0
#1597250000
1,
b0001010101100010 .
b000101010110001 /
#1597500000
0,
b0001010101100011 .
b000101010110010 0
#1597750000
1,
b0001010101100100 .
b000101010110010 /
#1598000000
0,
b0001010101100101 .
b000101010110011 0
#1598250000
1,
b0001010101100110 .
b000101010110011 /
#1598500000
0,
b0001010101100111 .
b000101010110100 0
#1598750000
1,
b0001010101101000 .
b000101010110100 /
#1599000000
0,
b0001010101101001 .
b000101010110101 0
#1599250000
1,
b0001010101101010 .
b000101010110101 /
#1599500000
0,
b0001010101101011 .
b000101010110110 0
#1599750000
1,
b0001010101101100 .
b000101010110110 /
#1600000000
0,
b0001010101101101 .
b000101010110111 0
#1600250000
1,
b0001010101101110 .
b000101010110111 /
#1600500000
0,
b0001010101101111 .
b000101010111000 0
#1600750000
1,
b0001010101110000 .
b000101010111000 /
#1601000000
0,
b0001010101110001 .
b000101010111001 0
#1601250000
b00101101 (
1)
1,
b0001010101110010 .
b000101010111001 /
#1601500000
0,
b0001010101110011 .
b000101010111010 0
#1601750000
1,
b0001010101110100 .
b000101010111010 /
#1602000000
0,
b0001010101110101 .
b000101010111011 0
#1602250000
1,
b0001010101110110 .
b000101010111011 /
#1602500000
0,
b0001010101110111 .
b000101010111100 0
#1602750000
1,
b0001010101111000 .
b000101010111100 /
#1603000000
0,
b0001010101111001 .
b000101010111101 0
#1603250000
1,
b0001010101111010 .
b000101010111101 /
#1603500000
0,
b0001010101111011 .
b000101010111110 0
#1603750000
1,
b0001010101111100 .
b000101010111110 /
#1604000000
0,
b0001010101111101 .
b000101010111111 0
#1604250000
1,
b0001010101111110 .
b000101010111111 /
#1604500000
0,
b0001010101111111 .
b000101011000000 0
#1604750000
1,
b0001010110000000 .
b000101011000000 /
#1605000000
0,
b0001010110000001 .
b000101011000001 0
#1605250000
1,
b0001010110000010 .
b000101011000001 /
#1605500000
0,
b0001010110000011 .
b000101011000010 0
#1605750000
1,
b0001010110000100 .
b000101011000010 /
#1606000000
0,
b0001010110000101 .
b000101011000011 0
#1606250000
1,
b0001010110000110 .
b000101011000011 /
#1606500000
0,
b0001010110000111 .
b000101011000100 0
#1606750000
1,
b0001010110001000 .
b000101011000100 /
#1607000000
0,
b0001010110001001 .
b000101011000101 0
#1607250000
1,
b0001010110001010 .
b000101011000101 /
#1607500000
0,
b0001010110001011 .
b000101011000110 0
#1607750000
1,
b0001010110001100 .
b000101011000110 /
#1608000000
0,
b0001010110001101 .
b000101011000111 0
#1608250000
1,
b0001010110001110 .
b000101011000111 /
#1608500000
0,
b0001010110001111 .
b000101011001000 0
#1608750000
1,
b0001010110010000 .
b000101011001000 /
#1609000000
0,
b0001010110010001 .
b000101011001001 0
#1609250000
1,
b0001010110010010 .
b000101011001001 /
#1609500000
0,
b0001010110010011 .
b000101011001010 0
#1609750000
1,
b0001010110010100 .
b000101011001010 /
#1610000000
0,
b0001010110010101 .
b000101011001011 0
#1610250000
1,
b0001010110010110 .
b000101011001011 /
#1610500000
0,
b0001010110010111 .
b000101011001100 0
#1610750000
1,
b0001010110011000 .
b000101011001100 /
#1611000000
0,
b0001010110011001 .
b000101011001101 0
#1611250000
1,
b0001010110011010 .
b000101011001101 /
#1611500000
0,
b0001010110011011 .
b000101011001110 0
#1611750000
1,
b0001010110011100 .
b000101011001110 /
#1612000000
0,
b0001010110011101 .
b000101011001111 0
#1612250000
1,
b0001010110011110 .
b000101011001111 /
#1612500000
0,
b0001010110011111 .
b000101011010000 0
#1612750000
1,
b0001010110100000 .
b000101011010000 /
#1613000000
0,
b0001010110100001 .
b000101011010001 0
#1613250000
1,
b0001010110100010 .
b000101011010001 /
#1613500000
0,
b0001010110100011 .
b000101011010010 0
#1613750000
1,
b0001010110100100 .
b000101011010010 /
#1614000000
0,
b0001010110100101 .
b000101011010011 0
#1614250000
1,
b0001010110100110 .
b000101011010011 /
#1614500000
0,
b0001010110100111 .
b000101011010100 0
#1614750000
1,
b0001010110101000 .
b000101011010100 /
#1615000000
0,
b0001010110101001 .
b000101011010101 0
#1615250000
1,
b0001010110101010 .
b000101011010101 /
#1615500000
0,
b0001010110101011 .
b000101011010110 0
#1615750000
1,
b0001010110101100 .
b000101011010110 /
#1616000000
0,
b0001010110101101 .
b000101011010111 0
#1616250000
1,
b0001010110101110 .
b000101011010111 /
#1616500000
0)
0,
b0001010110101111 .
b000101011011000 0
#1616750000
1,
b0001010110110000 .
b000101011011000 /
#1617000000
0,
b0001010110110001 .
b000101011011001 0
#1617250000
1,
b0001010110110010 .
b000101011011001 /
#1617500000
0,
b0001010110110011 .
b000101011011010 0
#1617750000
1,
b0001010110110100 .
b000101011011010 /
#1618000000
0,
b0001010110110101 .
b000101011011011 0
#1618250000
1,
b0001010110110110 .
b000101011011011 /
#1618500000
0,
b0001010110110111 .
b000101011011100 0
#1618750000
1,
b0001010110111000 .
b000101011011100 /
#1619000000
0,
b0001010110111001 .
b000101011011101 0
#1619250000
1,
b0001010110111010 .
b000101011011101 /
#1619500000
0,
b0001010110111011 .
b000101011011110 0
#1619750000
1,
b0001010110111100 .
b000101011011110 /
#1620000000
0,
b0001010110111101 .
b000101011011111 0
#1620250000
1,
b0001010110111110 .
b000101011011111 /
#1620500000
0,
b0001010110111111 .
b000101011100000 0
#1620750000
1,
b0001010111000000 .
b000101011100000 /
#1621000000
0,
b0001010111000001 .
b000101011100001 0
#1621250000
1,
b0001010111000010 .
b000101011100001 /
#1621500000
0,
b0001010111000011 .
b000101011100010 0
#1621750000
1,
b0001010111000100 .
b000101011100010 /
#1622000000
0,
b0001010111000101 .
b000101011100011 0
#1622250000
1,
b0001010111000110 .
b000101011100011 /
#1622500000
0,
b0001010111000111 .
b000101011100100 0
#1622750000
1,
b0001010111001000 .
b000101011100100 /
#1623000000
0,
b0001010111001001 .
b000101011100101 0
#1623250000
1,
b0001010111001010 .
b000101011100101 /
#1623500000
0,
b0001010111001011 .
b000101011100110 0
#1623750000
1,
b0001010111001100 .
b000101011100110 /
#1624000000
0,
b0001010111001101 .
b000101011100111 0
#1624250000
1,
b0001010111001110 .
b000101011100111 /
#1624500000
0,
b0001010111001111 .
b000101011101000 0
#1624750000
1,
b0001010111010000 .
b000101011101000 /
#1625000000
0,
b0001010111010001 .
b000101011101001 0
#1625250000
1,
b0001010111010010 .
b000101011101001 /
#1625500000
0,
b0001010111010011 .
b000101011101010 0
#1625750000
1,
b0001010111010100 .
b000101011101010 /
#1626000000
0,
b0001010111010101 .
b000101011101011 0
#1626250000
1,
b0001010111010110 .
b000101011101011 /
#1626500000
0,
b0001010111010111 .
b000101011101100 0
#1626750000
1,
b0001010111011000 .
b000101011101100 /
#1627000000
0,
b0001010111011001 .
b000101011101101 0
#1627250000
1,
b0001010111011010 .
b000101011101101 /
#1627500000
0,
b0001010111011011 .
b000101011101110 0
#1627750000
1,
b0001010111011100 .
b000101011101110 /
#1628000000
0,
b0001010111011101 .
b000101011101111 0
#1628250000
1,
b0001010111011110 .
b000101011101111 /
#1628500000
0,
b0001010111011111 .
b000101011110000 0
#1628750000
1,
b0001010111100000 .
b000101011110000 /
#1629000000
0,
b0001010111100001 .
b000101011110001 0
#1629250000
1,
b0001010111100010 .
b000101011110001 /
#1629500000
0,
b0001010111100011 .
b000101011110010 0
#1629750000
1,
b0001010111100100 .
b000101011110010 /
#1630000000
0,
b0001010111100101 .
b000101011110011 0
#1630250000
1,
b0001010111100110 .
b000101011110011 /
#1630500000
0,
b0001010111100111 .
b000101011110100 0
#1630750000
1,
b0001010111101000 .
b000101011110100 /
#1631000000
0,
b0001010111101001 .
b000101011110101 0
#1631250000
1,
b0001010111101010 .
b000101011110101 /
#1631500000
0,
b0001010111101011 .
b000101011110110 0
#1631750000
b00101110 (
1)
1,
b0001010111101100 .
b000101011110110 /
#1632000000
0,
b0001010111101101 .
b000101011110111 0
#1632250000
1,
b0001010111101110 .
b000101011110111 /
#1632500000
0,
b0001010111101111 .
b000101011111000 0
#1632750000
1,
b0001010111110000 .
b000101011111000 /
#1633000000
0,
b0001010111110001 .
b000101011111001 0
#1633250000
1,
b0001010111110010 .
b000101011111001 /
#1633500000
0,
b0001010111110011 .
b000101011111010 0
#1633750000
1,
b0001010111110100 .
b000101011111010 /
#1634000000
0,
b0001010111110101 .
b000101011111011 0
#1634250000
1,
b0001010111110110 .
b000101011111011 /
#1634500000
0,
b0001010111110111 .
b000101011111100 0
#1634750000
1,
b0001010111111000 .
b000101011111100 /
#1635000000
0,
b0001010111111001 .
b000101011111101 0
#1635250000
1,
b0001010111111010 .
b000101011111101 /
#1635500000
0,
b0001010111111011 .
b000101011111110 0
#1635750000
1,
b0001010111111100 .
b000101011111110 /
#1636000000
0,
b0001010111111101 .
b000101011111111 0
#1636250000
1,
b0001010111111110 .
b000101011111111 /
#1636500000
0,
b0001010111111111 .
b000101100000000 0
#1636750000
1,
b0001011000000000 .
b000101100000000 /
#1637000000
0,
b0001011000000001 .
b000101100000001 0
#1637250000
1,
b0001011000000010 .
b000101100000001 /
#1637500000
0,
b0001011000000011 .
b000101100000010 0
#1637750000
1,
b0001011000000100 .
b000101100000010 /
#1638000000
0,
b0001011000000101 .
b000101100000011 0
#1638250000
1,
b0001011000000110 .
b000101100000011 /
#1638500000
0,
b0001011000000111 .
b000101100000100 0
#1638750000
1,
b0001011000001000 .
b000101100000100 /
#1639000000
0,
b0001011000001001 .
b000101100000101 0
#1639250000
1,
b0001011000001010 .
b000101100000101 /
#1639500000
0,
b0001011000001011 .
b000101100000110 0
#1639750000
1,
b0001011000001100 .
b000101100000110 /
#1640000000
0,
b0001011000001101 .
b000101100000111 0
#1640250000
1,
b0001011000001110 .
b000101100000111 /
#1640500000
0,
b0001011000001111 .
b000101100001000 0
#1640750000
1,
b0001011000010000 .
b000101100001000 /
#1641000000
0,
b0001011000010001 .
b000101100001001 0
#1641250000
1,
b0001011000010010 .
b000101100001001 /
#1641500000
0,
b0001011000010011 .
b000101100001010 0
#1641750000
1,
b0001011000010100 .
b000101100001010 /
#1642000000
0,
b0001011000010101 .
b000101100001011 0
#1642250000
1,
b0001011000010110 .
b000101100001011 /
#1642500000
0,
b0001011000010111 .
b000101100001100 0
#1642750000
1,
b0001011000011000 .
b000101100001100 /
#1643000000
0,
b0001011000011001 .
b000101100001101 0
#1643250000
1,
b0001011000011010 .
b000101100001101 /
#1643500000
0,
b0001011000011011 .
b000101100001110 0
#1643750000
1,
b0001011000011100 .
b000101100001110 /
#1644000000
0,
b0001011000011101 .
b000101100001111 0
#1644250000
1,
b0001011000011110 .
b000101100001111 /
#1644500000
0,
b0001011000011111 .
b000101100010000 0
#1644750000
1,
b0001011000100000 .
b000101100010000 /
#1645000000
0,
b0001011000100001 .
b000101100010001 0
#1645250000
1,
b0001011000100010 .
b000101100010001 /
#1645500000
0,
b0001011000100011 .
b000101100010010 0
#1645750000
1,
b0001011000100100 .
b000101100010010 /
#1646000000
0,
b0001011000100101 .
b000101100010011 0
#1646250000
1,
b0001011000100110 .
b000101100010011 /
#1646500000
0,
b0001011000100111 .
b000101100010100 0
#1646750000
1,
b0001011000101000 .
b000101100010100 /
#1647000000
0)
0,
b0001011000101001 .
b000101100010101 0
#1647250000
1,
b0001011000101010 .
b000101100010101 /
#1647500000
0,
b0001011000101011 .
b000101100010110 0
#1647750000
1,
b0001011000101100 .
b000101100010110 /
#1648000000
0,
b0001011000101101 .
b000101100010111 0
#1648250000
1,
b0001011000101110 .
b000101100010111 /
#1648500000
0,
b0001011000101111 .
b000101100011000 0
#1648750000
1,
b0001011000110000 .
b000101100011000 /
#1649000000
0,
b0001011000110001 .
b000101100011001 0
#1649250000
1,
b0001011000110010 .
b000101100011001 /
#1649500000
0,
b0001011000110011 .
b000101100011010 0
#1649750000
1,
b0001011000110100 .
b000101100011010 /
#1650000000
0,
b0001011000110101 .
b000101100011011 0
#1650250000
1,
b0001011000110110 .
b000101100011011 /
#1650500000
0,
b0001011000110111 .
b000101100011100 0
#1650750000
1,
b0001011000111000 .
b000101100011100 /
#1651000000
0,
b0001011000111001 .
b000101100011101 0
#1651250000
1,
b0001011000111010 .
b000101100011101 /
#1651500000
0,
b0001011000111011 .
b000101100011110 0
#1651750000
1,
b0001011000111100 .
b000101100011110 /
#1652000000
0,
b0001011000111101 .
b000101100011111 0
#1652250000
1,
b0001011000111110 .
b000101100011111 /
#1652500000
0,
b0001011000111111 .
b000101100100000 0
#1652750000
1,
b0001011001000000 .
b000101100100000 /
#1653000000
0,
b0001011001000001 .
b000101100100001 0
#1653250000
1,
b0001011001000010 .
b000101100100001 /
#1653500000
0,
b0001011001000011 .
b000101100100010 0
#1653750000
1,
b0001011001000100 .
b000101100100010 /
#1654000000
0,
b0001011001000101 .
b000101100100011 0
#1654250000
1,
b0001011001000110 .
b000101100100011 /
#1654500000
0,
b0001011001000111 .
b000101100100100 0
#1654750000
1,
b0001011001001000 .
b000101100100100 /
#1655000000
0,
b0001011001001001 .
b000101100100101 0
#1655250000
1,
b0001011001001010 .
b000101100100101 /
#1655500000
0,
b0001011001001011 .
b000101100100110 0
#1655750000
1,
b0001011001001100 .
b000101100100110 /
#1656000000
0,
b0001011001001101 .
b000101100100111 0
#1656250000
1,
b0001011001001110 .
b000101100100111 /
#1656500000
0,
b0001011001001111 .
b000101100101000 0
#1656750000
1,
b0001011001010000 .
b000101100101000 /
#1657000000
0,
b0001011001010001 .
b000101100101001 0
#1657250000
1,
b0001011001010010 .
b000101100101001 /
#1657500000
0,
b0001011001010011 .
b000101100101010 0
#1657750000
1,
b0001011001010100 .
b000101100101010 /
#1658000000
0,
b0001011001010101 .
b000101100101011 0
#1658250000
1,
b0001011001010110 .
b000101100101011 /
#1658500000
0,
b0001011001010111 .
b000101100101100 0
#1658750000
1,
b0001011001011000 .
b000101100101100 /
#1659000000
0,
b0001011001011001 .
b000101100101101 0
#1659250000
1,
b0001011001011010 .
b000101100101101 /
#1659500000
0,
b0001011001011011 .
b000101100101110 0
#1659750000
1,
b0001011001011100 .
b000101100101110 /
#1660000000
0,
b0001011001011101 .
b000101100101111 0
#1660250000
1,
b0001011001011110 .
b000101100101111 /
#1660500000
0,
b0001011001011111 .
b000101100110000 0
#1660750000
1,
b0001011001100000 .
b000101100110000 /
#1661000000
0,
b0001011001100001 .
b000101100110001 0
#1661250000
1,
b0001011001100010 .
b000101100110001 /
#1661500000
0,
b0001011001100011 .
b000101100110010 0
#1661750000
1,
b0001011001100100 .
b000101100110010 /
#1662000000
0,
b0001011001100101 .
b000101100110011 0
#1662250000
b00101111 (
1)
1,
b0001011001100110 .
b000101100110011 /
#1662500000
0,
b0001011001100111 .
b000101100110100 0
#1662750000
1,
b0001011001101000 .
b000101100110100 /
#1663000000
0,
b0001011001101001 .
b000101100110101 0
#1663250000
1,
b0001011001101010 .
b000101100110101 /
#1663500000
0,
b0001011001101011 .
b000101100110110 0
#1663750000
1,
b0001011001101100 .
b000101100110110 /
#1664000000
0,
b0001011001101101 .
b000101100110111 0
#1664250000
1,
b0001011001101110 .
b000101100110111 /
#1664500000
0,
b0001011001101111 .
b000101100111000 0
#1664750000
1,
b0001011001110000 .
b000101100111000 /
#1665000000
0,
b0001011001110001 .
b000101100111001 0
#1665250000
1,
b0001011001110010 .
b000101100111001 /
#1665500000
0,
b0001011001110011 .
b000101100111010 0
#1665750000
1,
b0001011001110100 .
b000101100111010 /
#1666000000
0,
b0001011001110101 .
b000101100111011 0
#1666250000
1,
b0001011001110110 .
b000101100111011 /
#1666500000
0,
b0001011001110111 .
b000101100111100 0
#1666750000
1,
b0001011001111000 .
b000101100111100 /
#1667000000
0,
b0001011001111001 .
b000101100111101 0
#1667250000
1,
b0001011001111010 .
b000101100111101 /
#1667500000
0,
b0001011001111011 .
b000101100111110 0
#1667750000
1,
b0001011001111100 .
b000101100111110 /
#1668000000
0,
b0001011001111101 .
b000101100111111 0
#1668250000
1,
b0001011001111110 .
b000101100111111 /
#1668500000
0,
b0001011001111111 .
b000101101000000 0
#1668750000
1,
b0001011010000000 .
b000101101000000 /
#1669000000
0,
b0001011010000001 .
b000101101000001 0
#1669250000
1,
b0001011010000010 .
b000101101000001 /
#1669500000
0,
b0001011010000011 .
b000101101000010 0
#1669750000
1,
b0001011010000100 .
b000101101000010 /
#1670000000
0,
b0001011010000101 .
b000101101000011 0
#1670250000
1,
b0001011010000110 .
b000101101000011 /
#1670500000
0,
b0001011010000111 .
b000101101000100 0
#1670750000
1,
b0001011010001000 .
b000101101000100 /
#1671000000
0,
b0001011010001001 .
b000101101000101 0
#1671250000
1,
b0001011010001010 .
b000101101000101 /
#1671500000
0,
b0001011010001011 .
b000101101000110 0
#1671750000
1,
b0001011010001100 .
b000101101000110 /
#1672000000
0,
b0001011010001101 .
b000101101000111 0
#1672250000
1,
b0001011010001110 .
b000101101000111 /
#1672500000
0,
b0001011010001111 .
b000101101001000 0
#1672750000
1,
b0001011010010000 .
b000101101001000 /
#1673000000
0,
b0001011010010001 .
b000101101001001 0
#1673250000
1,
b0001011010010010 .
b000101101001001 /
#1673500000
0,
b0001011010010011 .
b000101101001010 0
#1673750000
1,
b0001011010010100 .
b000101101001010 /
#1674000000
0,
b0001011010010101 .
b000101101001011 0
#1674250000
1,
b0001011010010110 .
b000101101001011 /
#1674500000
0,
b0001011010010111 .
b000101101001100 0
#1674750000
1,
b0001011010011000 .
b000101101001100 /
#1675000000
0,
b0001011010011001 .
b000101101001101 0
#1675250000
1,
b0001011010011010 .
b000101101001101 /
#1675500000
0,
b0001011010011011 .
b000101101001110 0
#1675750000
1,
b0001011010011100 .
b000101101001110 /
#1676000000
0,
b0001011010011101 .
b000101101001111 0
#1676250000
1,
b0001011010011110 .
b000101101001111 /
#1676500000
0,
b0001011010011111 .
b000101101010000 0
#1676750000
1,
b0001011010100000 .
b000101101010000 /
#1677000000
0,
b0001011010100001 .
b000101101010001 0
#1677250000
1,
b0001011010100010 .
b000101101010001 /
#1677500000
0)
0,
b0001011010100011 .
b000101101010010 0
#1677750000
1,
b0001011010100100 .
b000101101010010 /
#1678000000
0,
b0001011010100101 .
b000101101010011 0
#1678250000
1,
b0001011010100110 .
b000101101010011 /
#1678500000
0,
b0001011010100111 .
b000101101010100 0
#1678750000
1,
b0001011010101000 .
b000101101010100 /
#1679000000
0,
b0001011010101001 .
b000101101010101 0
#1679250000
1,
b0001011010101010 .
b000101101010101 /
#1679500000
0,
b0001011010101011 .
b000101101010110 0
#1679750000
1,
b0001011010101100 .
b000101101010110 /
#1680000000
0,
b0001011010101101 .
b000101101010111 0
#1680250000
1,
b0001011010101110 .
b000101101010111 /
#1680500000
0,
b0001011010101111 .
b000101101011000 0
#1680750000
1,
b0001011010110000 .
b000101101011000 /
#1681000000
0,
b0001011010110001 .
b000101101011001 0
#1681250000
1,
b0001011010110010 .
b000101101011001 /
#1681500000
0,
b0001011010110011 .
b000101101011010 0
#1681750000
1,
b0001011010110100 .
b000101101011010 /
#1682000000
0,
b0001011010110101 .
b000101101011011 0
#1682250000
1,
b0001011010110110 .
b000101101011011 /
#1682500000
0,
b0001011010110111 .
b000101101011100 0
#1682750000
1,
b0001011010111000 .
b000101101011100 /
#1683000000
0,
b0001011010111001 .
b000101101011101 0
#1683250000
1,
b0001011010111010 .
b000101101011101 /
#1683500000
0,
b0001011010111011 .
b000101101011110 0
#1683750000
1,
b0001011010111100 .
b000101101011110 /
#1684000000
0,
b0001011010111101 .
b000101101011111 0
#1684250000
1,
b0001011010111110 .
b000101101011111 /
#1684500000
0,
b0001011010111111 .
b000101101100000 0
#1684750000
1,
b0001011011000000 .
b000101101100000 /
#1685000000
0,
b0001011011000001 .
b000101101100001 0
#1685250000
1,
b0001011011000010 .
b000101101100001 /
#1685500000
0,
b0001011011000011 .
b000101101100010 0
#1685750000
1,
b0001011011000100 .
b000101101100010 /
#1686000000
0,
b0001011011000101 .
b000101101100011 0
#1686250000
1,
b0001011011000110 .
b000101101100011 /
#1686500000
0,
b0001011011000111 .
b000101101100100 0
#1686750000
1,
b0001011011001000 .
b000101101100100 /
#1687000000
0,
b0001011011001001 .
b000101101100101 0
#1687250000
1,
b0001011011001010 .
b000101101100101 /
#1687500000
0,
b0001011011001011 .
b000101101100110 0
#1687750000
1,
b0001011011001100 .
b000101101100110 /
#1688000000
0,
b0001011011001101 .
b000101101100111 0
#1688250000
1,
b0001011011001110 .
b000101101100111 /
#1688500000
0,
b0001011011001111 .
b000101101101000 0
#1688750000
1,
b0001011011010000 .
b000101101101000 /
#1689000000
0,
b0001011011010001 .
b000101101101001 0
#1689250000
1,
b0001011011010010 .
b000101101101001 /
#1689500000
0,
b0001011011010011 .
b000101101101010 0
#1689750000
1,
b0001011011010100 .
b000101101101010 /
#1690000000
0,
b0001011011010101 .
b000101101101011 0
#1690250000
1,
b0001011011010110 .
b000101101101011 /
#1690500000
0,
b0001011011010111 .
b000101101101100 0
#1690750000
1,
b0001011011011000 .
b000101101101100 /
#1691000000
0,
b0001011011011001 .
b000101101101101 0
#1691250000
1,
b0001011011011010 .
b000101101101101 /
#1691500000
0,
b0001011011011011 .
b000101101101110 0
#1691750000
1,
b0001011011011100 .
b000101101101110 /
#1692000000
0,
b0001011011011101 .
b000101101101111 0
#1692250000
1,
b0001011011011110 .
b000101101101111 /
#1692500000
0,
b0001011011011111 .
b000101101110000 0
#1692750000
b00110000 (
1)
1,
b0001011011100000 .
b000101101110000 /
#1693000000
0,
b0001011011100001 .
b000101101110001 0
#1693250000
1,
b0001011011100010 .
b000101101110001 /
#1693500000
0,
b0001011011100011 .
b000101101110010 0
#1693750000
1,
b0001011011100100 .
b000101101110010 /
#1694000000
0,
b0001011011100101 .
b000101101110011 0
#1694250000
1,
b0001011011100110 .
b000101101110011 /
#1694500000
0,
b0001011011100111 .
b000101101110100 0
#1694750000
1,
b0001011011101000 .
b000101101110100 /
#1695000000
0,
b0001011011101001 .
b000101101110101 0
#1695250000
1,
b0001011011101010 .
b000101101110101 /
#1695500000
0,
b0001011011101011 .
b000101101110110 0
#1695750000
1,
b0001011011101100 .
b000101101110110 /
#1696000000
0,
b0001011011101101 .
b000101101110111 0
#1696250000
1,
b0001011011101110 .
b000101101110111 /
#1696500000
0,
b0001011011101111 .
b000101101111000 0
#1696750000
1,
b0001011011110000 .
b000101101111000 /
#1697000000
0,
b0001011011110001 .
b000101101111001 0
#1697250000
1,
b0001011011110010 .
b000101101111001 /
#1697500000
0,
b0001011011110011 .
b000101101111010 0
#1697750000
1,
b0001011011110100 .
b000101101111010 /
#1698000000
0,
b0001011011110101 .
b000101101111011 0
#1698250000
1,
b0001011011110110 .
b000101101111011 /
#1698500000
0,
b0001011011110111 .
b000101101111100 0
#1698750000
1,
b0001011011111000 .
b000101101111100 /
#1699000000
0,
b0001011011111001 .
b000101101111101 0
#1699250000
1,
b0001011011111010 .
b000101101111101 /
#1699500000
0,
b0001011011111011 .
b000101101111110 0
#1699750000
1,
b0001011011111100 .
b000101101111110 /
#1700000000
0,
b0001011011111101 .
b000101101111111 0
#1700250000
1,
b0001011011111110 .
b000101101111111 /
#1700500000
0,
b0001011011111111 .
b000101110000000 0
#1700750000
1,
b0001011100000000 .
b000101110000000 /
#1701000000
0,
b0001011100000001 .
b000101110000001 0
#1701250000
1,
b0001011100000010 .
b000101110000001 /
#1701500000
0,
b0001011100000011 .
b000101110000010 0
#1701750000
1,
b0001011100000100 .
b000101110000010 /
#1702000000
0,
b0001011100000101 .
b000101110000011 0
#1702250000
1,
b0001011100000110 .
b000101110000011 /
#1702500000
0,
b0001011100000111 .
b000101110000100 0
#1702750000
1,
b0001011100001000 .
b000101110000100 /
#1703000000
0,
b0001011100001001 .
b000101110000101 0
#1703250000
1,
b0001011100001010 .
b000101110000101 /
#1703500000
0,
b0001011100001011 .
b000101110000110 0
#1703750000
1,
b0001011100001100 .
b000101110000110 /
#1704000000
0,
b0001011100001101 .
b000101110000111 0
#1704250000
1,
b0001011100001110 .
b000101110000111 /
#1704500000
0,
b0001011100001111 .
b000101110001000 0
#1704750000
1,
b0001011100010000 .
b000101110001000 /
#1705000000
0,
b0001011100010001 .
b000101110001001 0
#1705250000
1,
b0001011100010010 .
b000101110001001 /
#1705500000
0,
b0001011100010011 .
b000101110001010 0
#1705750000
1,
b0001011100010100 .
b000101110001010 /
#1706000000
0,
b0001011100010101 .
b000101110001011 0
#1706250000
1,
b0001011100010110 .
b000101110001011 /
#1706500000
0,
b0001011100010111 .
b000101110001100 0
#1706750000
1,
b0001011100011000 .
b000101110001100 /
#1707000000
0,
b0001011100011001 .
b000101110001101 0
#1707250000
1,
b0001011100011010 .
b000101110001101 /
#1707500000
0,
b0001011100011011 .
b000101110001110 0
#1707750000
1,
b0001011100011100 .
b000101110001110 /
#1708000000
0)
0,
b0001011100011101 .
b000101110001111 0
#1708250000
1,
b0001011100011110 .
b000101110001111 /
#1708500000
0,
b0001011100011111 .
b000101110010000 0
#1708750000
1,
b0001011100100000 .
b000101110010000 /
#1709000000
0,
b0001011100100001 .
b000101110010001 0
#1709250000
1,
b0001011100100010 .
b000101110010001 /
#1709500000
0,
b0001011100100011 .
b000101110010010 0
#1709750000
1,
b0001011100100100 .
b000101110010010 /
#1710000000
0,
b0001011100100101 .
b000101110010011 0
#1710250000
1,
b0001011100100110 .
b000101110010011 /
#1710500000
0,
b0001011100100111 .
b000101110010100 0
#1710750000
1,
b0001011100101000 .
b000101110010100 /
#1711000000
0,
b0001011100101001 .
b000101110010101 0
#1711250000
1,
b0001011100101010 .
b000101110010101 /
#1711500000
0,
b0001011100101011 .
b000101110010110 0
#1711750000
1,
b0001011100101100 .
b000101110010110 /
#1712000000
0,
b0001011100101101 .
b000101110010111 0
#1712250000
1,
b0001011100101110 .
b000101110010111 /
#1712500000
0,
b0001011100101111 .
b000101110011000 0
#1712750000
1,
b0001011100110000 .
b000101110011000 /
#1713000000
0,
b0001011100110001 .
b000101110011001 0
#1713250000
1,
b0001011100110010 .
b000101110011001 /
#1713500000
0,
b0001011100110011 .
b000101110011010 0
#1713750000
1,
b0001011100110100 .
b000101110011010 /
#1714000000
0,
b0001011100110101 .
b000101110011011 0
#1714250000
1,
b0001011100110110 .
b000101110011011 /
#1714500000
0,
b0001011100110111 .
b000101110011100 0
#1714750000
1,
b0001011100111000 .
b000101110011100 /
#1715000000
0,
b0001011100111001 .
b000101110011101 0
#1715250000
1,
b0001011100111010 .
b000101110011101 /
#1715500000
0,
b0001011100111011 .
b000101110011110 0
#1715750000
1,
b0001011100111100 .
b000101110011110 /
#1716000000
0,
b0001011100111101 .
b000101110011111 0
#1716250000
1,
b0001011100111110 .
b000101110011111 /
#1716500000
0,
b0001011100111111 .
b000101110100000 0
#1716750000
1,
b0001011101000000 .
b000101110100000 /
#1717000000
0,
b0001011101000001 .
b000101110100001 0
#1717250000
1,
b0001011101000010 .
b000101110100001 /
#1717500000
0,
b0001011101000011 .
b000101110100010 0
#1717750000
1,
b0001011101000100 .
b000101110100010 /
#1718000000
0,
b0001011101000101 .
b000101110100011 0
#1718250000
1,
b0001011101000110 .
b000101110100011 /
#1718500000
0,
b0001011101000111 .
b000101110100100 0
#1718750000
1,
b0001011101001000 .
b000101110100100 /
#1719000000
0,
b0001011101001001 .
b000101110100101 0
#1719250000
1,
b0001011101001010 .
b000101110100101 /
#1719500000
0,
b0001011101001011 .
b000101110100110 0
#1719750000
1,
b0001011101001100 .
b000101110100110 /
#1720000000
0,
b0001011101001101 .
b000101110100111 0
#1720250000
1,
b0001011101001110 .
b000101110100111 /
#1720500000
0,
b0001011101001111 .
b000101110101000 0
#1720750000
1,
b0001011101010000 .
b000101110101000 /
#1721000000
0,
b0001011101010001 .
b000101110101001 0
#1721250000
1,
b0001011101010010 .
b000101110101001 /
#1721500000
0,
b0001011101010011 .
b000101110101010 0
#1721750000
1,
b0001011101010100 .
b000101110101010 /
#1722000000
0,
b0001011101010101 .
b000101110101011 0
#1722250000
1,
b0001011101010110 .
b000101110101011 /
#1722500000
0,
b0001011101010111 .
b000101110101100 0
#1722750000
1,
b0001011101011000 .
b000101110101100 /
#1723000000
0,
b0001011101011001 .
b000101110101101 0
#1723250000
b00110001 (
1)
1,
b0001011101011010 .
b000101110101101 /
#1723500000
0,
b0001011101011011 .
b000101110101110 0
#1723750000
1,
b0001011101011100 .
b000101110101110 /
#1724000000
0,
b0001011101011101 .
b000101110101111 0
#1724250000
1,
b0001011101011110 .
b000101110101111 /
#1724500000
0,
b0001011101011111 .
b000101110110000 0
#1724750000
1,
b0001011101100000 .
b000101110110000 /
#1725000000
0,
b0001011101100001 .
b000101110110001 0
#1725250000
1,
b0001011101100010 .
b000101110110001 /
#1725500000
0,
b0001011101100011 .
b000101110110010 0
#1725750000
1,
b0001011101100100 .
b000101110110010 /
#1726000000
0,
b0001011101100101 .
b000101110110011 0
#1726250000
1,
b0001011101100110 .
b000101110110011 /
#1726500000
0,
b0001011101100111 .
b000101110110100 0
#1726750000
1,
b0001011101101000 .
b000101110110100 /
#1727000000
0,
b0001011101101001 .
b000101110110101 0
#1727250000
1,
b0001011101101010 .
b000101110110101 /
#1727500000
0,
b0001011101101011 .
b000101110110110 0
#1727750000
1,
b0001011101101100 .
b000101110110110 /
#1728000000
0,
b0001011101101101 .
b000101110110111 0
#1728250000
1,
b0001011101101110 .
b000101110110111 /
#1728500000
0,
b0001011101101111 .
b000101110111000 0
#1728750000
1,
b0001011101110000 .
b000101110111000 /
#1729000000
0,
b0001011101110001 .
b000101110111001 0
#1729250000
1,
b0001011101110010 .
b000101110111001 /
#1729500000
0,
b0001011101110011 .
b000101110111010 0
#1729750000
1,
b0001011101110100 .
b000101110111010 /
#1730000000
0,
b0001011101110101 .
b000101110111011 0
#1730250000
1,
b0001011101110110 .
b000101110111011 /
#1730500000
0,
b0001011101110111 .
b000101110111100 0
#1730750000
1,
b0001011101111000 .
b000101110111100 /
#1731000000
0,
b0001011101111001 .
b000101110111101 0
#1731250000
1,
b0001011101111010 .
b000101110111101 /
#1731500000
0,
b0001011101111011 .
b000101110111110 0
#1731750000
1,
b0001011101111100 .
b000101110111110 /
#1732000000
0,
b0001011101111101 .
b000101110111111 0
#1732250000
1,
b0001011101111110 .
b000101110111111 /
#1732500000
0,
b0001011101111111 .
b000101111000000 0
#1732750000
1,
b0001011110000000 .
b000101111000000 /
#1733000000
0,
b0001011110000001 .
b000101111000001 0
#1733250000
1,
b0001011110000010 .
b000101111000001 /
#1733500000
0,
b0001011110000011 .
b000101111000010 0
#1733750000
1,
b0001011110000100 .
b000101111000010 /
#1734000000
0,
b0001011110000101 .
b000101111000011 0
#1734250000
1,
b0001011110000110 .
b000101111000011 /
#1734500000
0,
b0001011110000111 .
b000101111000100 0
#1734750000
1,
b0001011110001000 .
b000101111000100 /
#1735000000
0,
b0001011110001001 .
b000101111000101 0
#1735250000
1,
b0001011110001010 .
b000101111000101 /
#1735500000
0,
b0001011110001011 .
b000101111000110 0
#1735750000
1,
b0001011110001100 .
b000101111000110 /
#1736000000
0,
b0001011110001101 .
b000101111000111 0
#1736250000
1,
b0001011110001110 .
b000101111000111 /
#1736500000
0,
b0001011110001111 .
b000101111001000 0
#1736750000
1,
b0001011110010000 .
b000101111001000 /
#1737000000
0,
b0001011110010001 .
b000101111001001 0
#1737250000
1,
b0001011110010010 .
b000101111001001 /
#1737500000
0,
b0001011110010011 .
b000101111001010 0
#1737750000
1,
b0001011110010100 .
b000101111001010 /
#1738000000
0,
b0001011110010101 .
b000101111001011 0
#1738250000
1,
b0001011110010110 .
b000101111001011 /
#1738500000
0)
0,
b0001011110010111 .
b000101111001100 0
#1738750000
1,
b0001011110011000 .
b000101111001100 /
#1739000000
0,
b0001011110011001 .
b000101111001101 0
#1739250000
1,
b0001011110011010 .
b000101111001101 /
#1739500000
0,
b0001011110011011 .
b000101111001110 0
#1739750000
1,
b0001011110011100 .
b000101111001110 /
#1740000000
0,
b0001011110011101 .
b000101111001111 0
#1740250000
1,
b0001011110011110 .
b000101111001111 /
#1740500000
0,
b0001011110011111 .
b000101111010000 0
#1740750000
1,
b0001011110100000 .
b000101111010000 /
#1741000000
0,
b0001011110100001 .
b000101111010001 0
#1741250000
1,
b0001011110100010 .
b000101111010001 /
#1741500000
0,
b0001011110100011 .
b000101111010010 0
#1741750000
1,
b0001011110100100 .
b000101111010010 /
#1742000000
0,
b0001011110100101 .
b000101111010011 0
#1742250000
1,
b0001011110100110 .
b000101111010011 /
#1742500000
0,
b0001011110100111 .
b000101111010100 0
#1742750000
1,
b0001011110101000 .
b000101111010100 /
#1743000000
0,
b0001011110101001 .
b000101111010101 0
#1743250000
1,
b0001011110101010 .
b000101111010101 /
#1743500000
0,
b0001011110101011 .
b000101111010110 0
#1743750000
1,
b0001011110101100 .
b000101111010110 /
#1744000000
0,
b0001011110101101 .
b000101111010111 0
#1744250000
1,
b0001011110101110 .
b000101111010111 /
#1744500000
0,
b0001011110101111 .
b000101111011000 0
#1744750000
1,
b0001011110110000 .
b000101111011000 /
#1745000000
0,
b0001011110110001 .
b000101111011001 0
#1745250000
1,
b0001011110110010 .
b000101111011001 /
#1745500000
0,
b0001011110110011 .
b000101111011010 0
#1745750000
1,
b0001011110110100 .
b000101111011010 /
#1746000000
0,
b0001011110110101 .
b000101111011011 0
#1746250000
1,
b0001011110110110 .
b000101111011011 /
#1746500000
0,
b0001011110110111 .
b000101111011100 0
#1746750000
1,
b0001011110111000 .
b000101111011100 /
#1747000000
0,
b0001011110111001 .
b000101111011101 0
#1747250000
1,
b0001011110111010 .
b000101111011101 /
#1747500000
0,
b0001011110111011 .
b000101111011110 0
#1747750000
1,
b0001011110111100 .
b000101111011110 /
#1748000000
0,
b0001011110111101 .
b000101111011111 0
#1748250000
1,
b0001011110111110 .
b000101111011111 /
#1748500000
0,
b0001011110111111 .
b000101111100000 0
#1748750000
1,
b0001011111000000 .
b000101111100000 /
#1749000000
0,
b0001011111000001 .
b000101111100001 0
#1749250000
1,
b0001011111000010 .
b000101111100001 /
#1749500000
0,
b0001011111000011 .
b000101111100010 0
#1749750000
1,
b0001011111000100 .
b000101111100010 /
#1750000000
0,
b0001011111000101 .
b000101111100011 0
#1750250000
1,
b0001011111000110 .
b000101111100011 /
#1750500000
0,
b0001011111000111 .
b000101111100100 0
#1750750000
1,
b0001011111001000 .
b000101111100100 /
#1751000000
0,
b0001011111001001 .
b000101111100101 0
#1751250000
1,
b0001011111001010 .
b000101111100101 /
#1751500000
0,
b0001011111001011 .
b000101111100110 0
#1751750000
1,
b0001011111001100 .
b000101111100110 /
#1752000000
0,
b0001011111001101 .
b000101111100111 0
#1752250000
1,
b0001011111001110 .
b000101111100111 /
#1752500000
0,
b0001011111001111 .
b000101111101000 0
#1752750000
1,
b0001011111010000 .
b000101111101000 /
#1753000000
0,
b0001011111010001 .
b000101111101001 0
#1753250000
1,
b0001011111010010 .
b000101111101001 /
#1753500000
0,
b0001011111010011 .
b000101111101010 0
#1753750000
b00110010 (
1)
1,
b0001011111010100 .
b000101111101010 /
#1754000000
0,
b0001011111010101 .
b000101111101011 0
#1754250000
1,
b0001011111010110 .
b000101111101011 /
#1754500000
0,
b0001011111010111 .
b000101111101100 0
#1754750000
1,
b0001011111011000 .
b000101111101100 /
#1755000000
0,
b0001011111011001 .
b000101111101101 0
#1755250000
1,
b0001011111011010 .
b000101111101101 /
#1755500000
0,
b0001011111011011 .
b000101111101110 0
#1755750000
1,
b0001011111011100 .
b000101111101110 /
#1756000000
0,
b0001011111011101 .
b000101111101111 0
#1756250000
1,
b0001011111011110 .
b000101111101111 /
#1756500000
0,
b0001011111011111 .
b000101111110000 0
#1756750000
1,
b0001011111100000 .
b000101111110000 /
#1757000000
0,
b0001011111100001 .
b000101111110001 0
#1757250000
1,
b0001011111100010 .
b000101111110001 /
#1757500000
0,
b0001011111100011 .
b000101111110010 0
#1757750000
1,
b0001011111100100 .
b000101111110010 /
#1758000000
0,
b0001011111100101 .
b000101111110011 0
#1758250000
1,
b0001011111100110 .
b000101111110011 /
#1758500000
0,
b0001011111100111 .
b000101111110100 0
#1758750000
1,
b0001011111101000 .
b000101111110100 /
#1759000000
0,
b0001011111101001 .
b000101111110101 0
#1759250000
1,
b0001011111101010 .
b000101111110101 /
#1759500000
0,
b0001011111101011 .
b000101111110110 0
#1759750000
1,
b0001011111101100 .
b000101111110110 /
#1760000000
0,
b0001011111101101 .
b000101111110111 0
#1760250000
1,
b0001011111101110 .
b000101111110111 /
#1760500000
0,
b0001011111101111 .
b000101111111000 0
#1760750000
1,
b0001011111110000 .
b000101111111000 /
#1761000000
0,
b0001011111110001 .
b000101111111001 0
#1761250000
1,
b0001011111110010 .
b000101111111001 /
#1761500000
0,
b0001011111110011 .
b000101111111010 0
#1761750000
1,
b0001011111110100 .
b000101111111010 /
#1762000000
0,
b0001011111110101 .
b000101111111011 0
#1762250000
1,
b0001011111110110 .
b000101111111011 /
#1762500000
0,
b0001011111110111 .
b000101111111100 0
#1762750000
1,
b0001011111111000 .
b000101111111100 /
#1763000000
0,
b0001011111111001 .
b000101111111101 0
#1763250000
1,
b0001011111111010 .
b000101111111101 /
#1763500000
0,
b0001011111111011 .
b000101111111110 0
#1763750000
1,
b0001011111111100 .
b000101111111110 /
#1764000000
0,
b0001011111111101 .
b000101111111111 0
#1764250000
1,
b0001011111111110 .
b000101111111111 /
#1764500000
0,
b0001011111111111 .
b000110000000000 0
#1764750000
1,
b0001100000000000 .
b000110000000000 /
#1765000000
0,
b0001100000000001 .
b000110000000001 0
#1765250000
1,
b0001100000000010 .
b000110000000001 /
#1765500000
0,
b0001100000000011 .
b000110000000010 0
#1765750000
1,
b0001100000000100 .
b000110000000010 /
#1766000000
0,
b0001100000000101 .
b000110000000011 0
#1766250000
1,
b0001100000000110 .
b000110000000011 /
#1766500000
0,
b0001100000000111 .
b000110000000100 0
#1766750000
1,
b0001100000001000 .
b000110000000100 /
#1767000000
0,
b0001100000001001 .
b000110000000101 0
#1767250000
1,
b0001100000001010 .
b000110000000101 /
#1767500000
0,
b0001100000001011 .
b000110000000110 0
#1767750000
1,
b0001100000001100 .
b000110000000110 /
#1768000000
0,
b0001100000001101 .
b000110000000111 0
#1768250000
1,
b0001100000001110 .
b000110000000111 /
#1768500000
0,
b0001100000001111 .
b000110000001000 0
#1768750000
1,
b0001100000010000 .
b000110000001000 /
#1769000000
0)
0,
b0001100000010001 .
b000110000001001 0
#1769250000
1,
b0001100000010010 .
b000110000001001 /
#1769500000
0,
b0001100000010011 .
b000110000001010 0
#1769750000
1,
b0001100000010100 .
b000110000001010 /
#1770000000
0,
b0001100000010101 .
b000110000001011 0
#1770250000
1,
b0001100000010110 .
b000110000001011 /
#1770500000
0,
b0001100000010111 .
b000110000001100 0
#1770750000
1,
b0001100000011000 .
b000110000001100 /
#1771000000
0,
b0001100000011001 .
b000110000001101 0
#1771250000
1,
b0001100000011010 .
b000110000001101 /
#1771500000
0,
b0001100000011011 .
b000110000001110 0
#1771750000
1,
b0001100000011100 .
b000110000001110 /
#1772000000
0,
b0001100000011101 .
b000110000001111 0
#1772250000
1,
b0001100000011110 .
b000110000001111 /
#1772500000
0,
b0001100000011111 .
b000110000010000 0
#1772750000
1,
b0001100000100000 .
b000110000010000 /
#1773000000
0,
b0001100000100001 .
b000110000010001 0
#1773250000
1,
b0001100000100010 .
b000110000010001 /
#1773500000
0,
b0001100000100011 .
b000110000010010 0
#1773750000
1,
b0001100000100100 .
b000110000010010 /
#1774000000
0,
b0001100000100101 .
b000110000010011 0
#1774250000
1,
b0001100000100110 .
b000110000010011 /
#1774500000
0,
b0001100000100111 .
b000110000010100 0
#1774750000
1,
b0001100000101000 .
b000110000010100 /
#1775000000
0,
b0001100000101001 .
b000110000010101 0
#1775250000
1,
b0001100000101010 .
b000110000010101 /
#1775500000
0,
b0001100000101011 .
b000110000010110 0
#1775750000
1,
b0001100000101100 .
b000110000010110 /
#1776000000
0,
b0001100000101101 .
b000110000010111 0
#1776250000
1,
b0001100000101110 .
b000110000010111 /
#1776500000
0,
b0001100000101111 .
b000110000011000 0
#1776750000
1,
b0001100000110000 .
b000110000011000 /
#1777000000
0,
b0001100000110001 .
b000110000011001 0
#1777250000
1,
b0001100000110010 .
b000110000011001 /
#1777500000
0,
b0001100000110011 .
b000110000011010 0
#1777750000
1,
b0001100000110100 .
b000110000011010 /
#1778000000
0,
b0001100000110101 .
b000110000011011 0
#1778250000
1,
b0001100000110110 .
b000110000011011 /
#1778500000
0,
b0001100000110111 .
b000110000011100 0
#1778750000
1,
b0001100000111000 .
b000110000011100 /
#1779000000
0,
b0001100000111001 .
b000110000011101 0
#1779250000
1,
b0001100000111010 .
b000110000011101 /
#1779500000
0,
b0001100000111011 .
b000110000011110 0
#1779750000
1,
b0001100000111100 .
b000110000011110 /
#1780000000
0,
b0001100000111101 .
b000110000011111 0
#1780250000
1,
b0001100000111110 .
b000110000011111 /
#1780500000
0,
b0001100000111111 .
b000110000100000 0
#1780750000
1,
b0001100001000000 .
b000110000100000 /
#1781000000
0,
b0001100001000001 .
b000110000100001 0
#1781250000
1,
b0001100001000010 .
b000110000100001 /
#1781500000
0,
b0001100001000011 .
b000110000100010 0
#1781750000
1,
b0001100001000100 .
b000110000100010 /
#1782000000
0,
b0001100001000101 .
b000110000100011 0
#1782250000
1,
b0001100001000110 .
b000110000100011 /
#1782500000
0,
b0001100001000111 .
b000110000100100 0
#1782750000
1,
b0001100001001000 .
b000110000100100 /
#1783000000
0,
b0001100001001001 .
b000110000100101 0
#1783250000
1,
b0001100001001010 .
b000110000100101 /
#1783500000
0,
b0001100001001011 .
b000110000100110 0
#1783750000
1,
b0001100001001100 .
b000110000100110 /
#1784000000
0,
b0001100001001101 .
b000110000100111 0
#1784250000
b00110011 (
1)
1,
b0001100001001110 .
b000110000100111 /
#1784500000
0,
b0001100001001111 .
b000110000101000 0
#1784750000
1,
b0001100001010000 .
b000110000101000 /
#1785000000
0,
b0001100001010001 .
b000110000101001 0
#1785250000
1,
b0001100001010010 .
b000110000101001 /
#1785500000
0,
b0001100001010011 .
b000110000101010 0
#1785750000
1,
b0001100001010100 .
b000110000101010 /
#1786000000
0,
b0001100001010101 .
b000110000101011 0
#1786250000
1,
b0001100001010110 .
b000110000101011 /
#1786500000
0,
b0001100001010111 .
b000110000101100 0
#1786750000
1,
b0001100001011000 .
b000110000101100 /
#1787000000
0,
b0001100001011001 .
b000110000101101 0
#1787250000
1,
b0001100001011010 .
b000110000101101 /
#1787500000
0,
b0001100001011011 .
b000110000101110 0
#1787750000
1,
b0001100001011100 .
b000110000101110 /
#1788000000
0,
b0001100001011101 .
b000110000101111 0
#1788250000
1,
b0001100001011110 .
b000110000101111 /
#1788500000
0,
b0001100001011111 .
b000110000110000 0
#1788750000
1,
b0001100001100000 .
b000110000110000 /
#1789000000
0,
b0001100001100001 .
b000110000110001 0
#1789250000
1,
b0001100001100010 .
b000110000110001 /
#1789500000
0,
b0001100001100011 .
b000110000110010 0
#1789750000
1,
b0001100001100100 .
b000110000110010 /
#1790000000
0,
b0001100001100101 .
b000110000110011 0
#1790250000
1,
b0001100001100110 .
b000110000110011 /
#1790500000
0,
b0001100001100111 .
b000110000110100 0
#1790750000
1,
b0001100001101000 .
b000110000110100 /
#1791000000
0,
b0001100001101001 .
b000110000110101 0
#1791250000
1,
b0001100001101010 .
b000110000110101 /
#1791500000
0,
b0001100001101011 .
b000110000110110 0
#1791750000
1,
b0001100001101100 .
b000110000110110 /
#1792000000
0,
b0001100001101101 .
b000110000110111 0
#1792250000
1,
b0001100001101110 .
b000110000110111 /
#1792500000
0,
b0001100001101111 .
b000110000111000 0
#1792750000
1,
b0001100001110000 .
b000110000111000 /
#1793000000
0,
b0001100001110001 .
b000110000111001 0
#1793250000
1,
b0001100001110010 .
b000110000111001 /
#1793500000
0,
b0001100001110011 .
b000110000111010 0
#1793750000
1,
b0001100001110100 .
b000110000111010 /
#1794000000
0,
b0001100001110101 .
b000110000111011 0
#1794250000
1,
b0001100001110110 .
b000110000111011 /
#1794500000
0,
b0001100001110111 .
b000110000111100 0
#1794750000
1,
b0001100001111000 .
b000110000111100 /
#1795000000
0,
b0001100001111001 .
b000110000111101 0
#1795250000
1,
b0001100001111010 .
b000110000111101 /
#1795500000
0,
b0001100001111011 .
b000110000111110 0
#1795750000
1,
b0001100001111100 .
b000110000111110 /
#1796000000
0,
b0001100001111101 .
b000110000111111 0
#1796250000
1,
b0001100001111110 .
b000110000111111 /
#1796500000
0,
b0001100001111111 .
b000110001000000 0
#1796750000
1,
b0001100010000000 .
b000110001000000 /
#1797000000
0,
b0001100010000001 .
b000110001000001 0
#1797250000
1,
b0001100010000010 .
b000110001000001 /
#1797500000
0,
b0001100010000011 .
b000110001000010 0
#1797750000
1,
b0001100010000100 .
b000110001000010 /
#1798000000
0,
b0001100010000101 .
b000110001000011 0
#1798250000
1,
b0001100010000110 .
b000110001000011 /
#1798500000
0,
b0001100010000111 .
b000110001000100 0
#1798750000
1,
b0001100010001000 .
b000110001000100 /
#1799000000
0,
b0001100010001001 .
b000110001000101 0
#1799250000
1,
b0001100010001010 .
b000110001000101 /
#1799500000
0)
0,
b0001100010001011 .
b000110001000110 0
#1799750000
1,
b0001100010001100 .
b000110001000110 /
#1800000000
0,
b0001100010001101 .
b000110001000111 0
#1800250000
1,
b0001100010001110 .
b000110001000111 /
#1800500000
0,
b0001100010001111 .
b000110001001000 0
#1800750000
1,
b0001100010010000 .
b000110001001000 /
#1801000000
0,
b0001100010010001 .
b000110001001001 0
#1801250000
1,
b0001100010010010 .
b000110001001001 /
#1801500000
0,
b0001100010010011 .
b000110001001010 0
#1801750000
1,
b0001100010010100 .
b000110001001010 /
#1802000000
0,
b0001100010010101 .
b000110001001011 0
#1802250000
1,
b0001100010010110 .
b000110001001011 /
#1802500000
0,
b0001100010010111 .
b000110001001100 0
#1802750000
1,
b0001100010011000 .
b000110001001100 /
#1803000000
0,
b0001100010011001 .
b000110001001101 0
#1803250000
1,
b0001100010011010 .
b000110001001101 /
#1803500000
0,
b0001100010011011 .
b000110001001110 0
#1803750000
1,
b0001100010011100 .
b000110001001110 /
#1804000000
0,
b0001100010011101 .
b000110001001111 0
#1804250000
1,
b0001100010011110 .
b000110001001111 /
#1804500000
0,
b0001100010011111 .
b000110001010000 0
#1804750000
1,
b0001100010100000 .
b000110001010000 /
#1805000000
0,
b0001100010100001 .
b000110001010001 0
#1805250000
1,
b0001100010100010 .
b000110001010001 /
#1805500000
0,
b0001100010100011 .
b000110001010010 0
#1805750000
1,
b0001100010100100 .
b000110001010010 /
#1806000000
0,
b0001100010100101 .
b000110001010011 0
#1806250000
1,
b0001100010100110 .
b000110001010011 /
#1806500000
0,
b0001100010100111 .
b000110001010100 0
#1806750000
1,
b0001100010101000 .
b000110001010100 /
#1807000000
0,
b0001100010101001 .
b000110001010101 0
#1807250000
1,
b0001100010101010 .
b000110001010101 /
#1807500000
0,
b0001100010101011 .
b000110001010110 0
#1807750000
1,
b0001100010101100 .
b000110001010110 /
#1808000000
0,
b0001100010101101 .
b000110001010111 0
#1808250000
1,
b0001100010101110 .
b000110001010111 /
#1808500000
0,
b0001100010101111 .
b000110001011000 0
#1808750000
1,
b0001100010110000 .
b000110001011000 /
#1809000000
0,
b0001100010110001 .
b000110001011001 0
#1809250000
1,
b0001100010110010 .
b000110001011001 /
#1809500000
0,
b0001100010110011 .
b000110001011010 0
#1809750000
1,
b0001100010110100 .
b000110001011010 /
#1810000000
0,
b0001100010110101 .
b000110001011011 0
#1810250000
1,
b0001100010110110 .
b000110001011011 /
#1810500000
0,
b0001100010110111 .
b000110001011100 0
#1810750000
1,
b0001100010111000 .
b000110001011100 /
#1811000000
0,
b0001100010111001 .
b000110001011101 0
#1811250000
1,
b0001100010111010 .
b000110001011101 /
#1811500000
0,
b0001100010111011 .
b000110001011110 0
#1811750000
1,
b0001100010111100 .
b000110001011110 /
#1812000000
0,
b0001100010111101 .
b000110001011111 0
#1812250000
1,
b0001100010111110 .
b000110001011111 /
#1812500000
0,
b0001100010111111 .
b000110001100000 0
#1812750000
1,
b0001100011000000 .
b000110001100000 /
#1813000000
0,
b0001100011000001 .
b000110001100001 0
#1813250000
1,
b0001100011000010 .
b000110001100001 /
#1813500000
0,
b0001100011000011 .
b000110001100010 0
#1813750000
1,
b0001100011000100 .
b000110001100010 /
#1814000000
0,
b0001100011000101 .
b000110001100011 0
#1814250000
1,
b0001100011000110 .
b000110001100011 /
#1814500000
0,
b0001100011000111 .
b000110001100100 0
#1814750000
b00110100 (
1)
1,
b0001100011001000 .
b000110001100100 /
#1815000000
0,
b0001100011001001 .
b000110001100101 0
#1815250000
1,
b0001100011001010 .
b000110001100101 /
#1815500000
0,
b0001100011001011 .
b000110001100110 0
#1815750000
1,
b0001100011001100 .
b000110001100110 /
#1816000000
0,
b0001100011001101 .
b000110001100111 0
#1816250000
1,
b0001100011001110 .
b000110001100111 /
#1816500000
0,
b0001100011001111 .
b000110001101000 0
#1816750000
1,
b0001100011010000 .
b000110001101000 /
#1817000000
0,
b0001100011010001 .
b000110001101001 0
#1817250000
1,
b0001100011010010 .
b000110001101001 /
#1817500000
0,
b0001100011010011 .
b000110001101010 0
#1817750000
1,
b0001100011010100 .
b000110001101010 /
#1818000000
0,
b0001100011010101 .
b000110001101011 0
#1818250000
1,
b0001100011010110 .
b000110001101011 /
#1818500000
0,
b0001100011010111 .
b000110001101100 0
#1818750000
1,
b0001100011011000 .
b000110001101100 /
#1819000000
0,
b0001100011011001 .
b000110001101101 0
#1819250000
1,
b0001100011011010 .
b000110001101101 /
#1819500000
0,
b0001100011011011 .
b000110001101110 0
#1819750000
1,
b0001100011011100 .
b000110001101110 /
#1820000000
0,
b0001100011011101 .
b000110001101111 0
#1820250000
1,
b0001100011011110 .
b000110001101111 /
#1820500000
0,
b0001100011011111 .
b000110001110000 0
#1820750000
1,
b0001100011100000 .
b000110001110000 /
#1821000000
0,
b0001100011100001 .
b000110001110001 0
#1821250000
1,
b0001100011100010 .
b000110001110001 /
#1821500000
0,
b0001100011100011 .
b000110001110010 0
#1821750000
1,
b0001100011100100 .
b000110001110010 /
#1822000000
0,
b0001100011100101 .
b000110001110011 0
#1822250000
1,
b0001100011100110 .
b000110001110011 /
#1822500000
0,
b0001100011100111 .
b000110001110100 0
#1822750000
1,
b0001100011101000 .
b000110001110100 /
#1823000000
0,
b0001100011101001 .
b000110001110101 0
#1823250000
1,
b0001100011101010 .
b000110001110101 /
#1823500000
0,
b0001100011101011 .
b000110001110110 0
#1823750000
1,
b0001100011101100 .
b000110001110110 /
#1824000000
0,
b0001100011101101 .
b000110001110111 0
#1824250000
1,
b0001100011101110 .
b000110001110111 /
#1824500000
0,
b0001100011101111 .
b000110001111000 0
#1824750000
1,
b0001100011110000 .
b000110001111000 /
#1825000000
0,
b0001100011110001 .
b000110001111001 0
#1825250000
1,
b0001100011110010 .
b000110001111001 /
#1825500000
0,
b0001100011110011 .
b000110001111010 0
#1825750000
1,
b0001100011110100 .
b000110001111010 /
#1826000000
0,
b0001100011110101 .
b000110001111011 0
#1826250000
1,
b0001100011110110 .
b000110001111011 /
#1826500000
0,
b0001100011110111 .
b000110001111100 0
#1826750000
1,
b0001100011111000 .
b000110001111100 /
#1827000000
0,
b0001100011111001 .
b000110001111101 0
#1827250000
1,
b0001100011111010 .
b000110001111101 /
#1827500000
0,
b0001100011111011 .
b000110001111110 0
#1827750000
1,
b0001100011111100 .
b000110001111110 /
#1828000000
0,
b0001100011111101 .
b000110001111111 0
#1828250000
1,
b0001100011111110 .
b000110001111111 /
#1828500000
0,
b0001100011111111 .
b000110010000000 0
#1828750000
1,
b0001100100000000 .
b000110010000000 /
#1829000000
0,
b0001100100000001 .
b000110010000001 0
#1829250000
1,
b0001100100000010 .
b000110010000001 /
#1829500000
0,
b0001100100000011 .
b000110010000010 0
#1829750000
1,
b0001100100000100 .
b000110010000010 /
#1830000000
0)
0,
b0001100100000101 .
b000110010000011 0
#1830250000
1,
b0001100100000110 .
b000110010000011 /
#1830500000
0,
b0001100100000111 .
b000110010000100 0
#1830750000
1,
b0001100100001000 .
b000110010000100 /
#1831000000
0,
b0001100100001001 .
b000110010000101 0
#1831250000
1,
b0001100100001010 .
b000110010000101 /
#1831500000
0,
b0001100100001011 .
b000110010000110 0
#1831750000
1,
b0001100100001100 .
b000110010000110 /
#1832000000
0,
b0001100100001101 .
b000110010000111 0
#1832250000
1,
b0001100100001110 .
b000110010000111 /
#1832500000
0,
b0001100100001111 .
b000110010001000 0
#1832750000
1,
b0001100100010000 .
b000110010001000 /
#1833000000
0,
b0001100100010001 .
b000110010001001 0
#1833250000
1,
b0001100100010010 .
b000110010001001 /
#1833500000
0,
b0001100100010011 .
b000110010001010 0
#1833750000
1,
b0001100100010100 .
b000110010001010 /
#1834000000
0,
b0001100100010101 .
b000110010001011 0
#1834250000
1,
b0001100100010110 .
b000110010001011 /
#1834500000
0,
b0001100100010111 .
b000110010001100 0
#1834750000
1,
b0001100100011000 .
b000110010001100 /
#1835000000
0,
b0001100100011001 .
b000110010001101 0
#1835250000
1,
b0001100100011010 .
b000110010001101 /
#1835500000
0,
b0001100100011011 .
b000110010001110 0
#1835750000
1,
b0001100100011100 .
b000110010001110 /
#1836000000
0,
b0001100100011101 .
b000110010001111 0
#1836250000
1,
b0001100100011110 .
b000110010001111 /
#1836500000
0,
b0001100100011111 .
b000110010010000 0
#1836750000
1,
b0001100100100000 .
b000110010010000 /
#1837000000
0,
b0001100100100001 .
b000110010010001 0
#1837250000
1,
b0001100100100010 .
b000110010010001 /
#1837500000
0,
b0001100100100011 .
b000110010010010 0
#1837750000
1,
b0001100100100100 .
b000110010010010 /
#1838000000
0,
b0001100100100101 .
b000110010010011 0
#1838250000
1,
b0001100100100110 .
b000110010010011 /
#1838500000
0,
b0001100100100111 .
b000110010010100 0
#1838750000
1,
b0001100100101000 .
b000110010010100 /
#1839000000
0,
b0001100100101001 .
b000110010010101 0
#1839250000
1,
b0001100100101010 .
b000110010010101 /
#1839500000
0,
b0001100100101011 .
b000110010010110 0
#1839750000
1,
b0001100100101100 .
b000110010010110 /
#1840000000
0,
b0001100100101101 .
b000110010010111 0
#1840250000
1,
b0001100100101110 .
b000110010010111 /
#1840500000
0,
b0001100100101111 .
b000110010011000 0
#1840750000
1,
b0001100100110000 .
b000110010011000 /
#1841000000
0,
b0001100100110001 .
b000110010011001 0
#1841250000
1,
b0001100100110010 .
b000110010011001 /
#1841500000
0,
b0001100100110011 .
b000110010011010 0
#1841750000
1,
b0001100100110100 .
b000110010011010 /
#1842000000
0,
b0001100100110101 .
b000110010011011 0
#1842250000
1,
b0001100100110110 .
b000110010011011 /
#1842500000
0,
b0001100100110111 .
b000110010011100 0
#1842750000
1,
b0001100100111000 .
b000110010011100 /
#1843000000
0,
b0001100100111001 .
b000110010011101 0
#1843250000
1,
b0001100100111010 .
b000110010011101 /
#1843500000
0,
b0001100100111011 .
b000110010011110 0
#1843750000
1,
b0001100100111100 .
b000110010011110 /
#1844000000
0,
b0001100100111101 .
b000110010011111 0
#1844250000
1,
b0001100100111110 .
b000110010011111 /
#1844500000
0,
b0001100100111111 .
b000110010100000 0
#1844750000
1,
b0001100101000000 .
b000110010100000 /
#1845000000
0,
b0001100101000001 .
b000110010100001 0
#1845250000
b00110101 (
1)
1,
b0001100101000010 .
b000110010100001 /
#1845500000
0,
b0001100101000011 .
b000110010100010 0
#1845750000
1,
b0001100101000100 .
b000110010100010 /
#1846000000
0,
b0001100101000101 .
b000110010100011 0
#1846250000
1,
b0001100101000110 .
b000110010100011 /
#1846500000
0,
b0001100101000111 .
b000110010100100 0
#1846750000
1,
b0001100101001000 .
b000110010100100 /
#1847000000
0,
b0001100101001001 .
b000110010100101 0
#1847250000
1,
b0001100101001010 .
b000110010100101 /
#1847500000
0,
b0001100101001011 .
b000110010100110 0
#1847750000
1,
b0001100101001100 .
b000110010100110 /
#1848000000
0,
b0001100101001101 .
b000110010100111 0
#1848250000
1,
b0001100101001110 .
b000110010100111 /
#1848500000
0,
b0001100101001111 .
b000110010101000 0
#1848750000
1,
b0001100101010000 .
b000110010101000 /
#1849000000
0,
b0001100101010001 .
b000110010101001 0
#1849250000
1,
b0001100101010010 .
b000110010101001 /
#1849500000
0,
b0001100101010011 .
b000110010101010 0
#1849750000
1,
b0001100101010100 .
b000110010101010 /
#1850000000
0,
b0001100101010101 .
b000110010101011 0
#1850250000
1,
b0001100101010110 .
b000110010101011 /
#1850500000
0,
b0001100101010111 .
b000110010101100 0
#1850750000
1,
b0001100101011000 .
b000110010101100 /
#1851000000
0,
b0001100101011001 .
b000110010101101 0
#1851250000
1,
b0001100101011010 .
b000110010101101 /
#1851500000
0,
b0001100101011011 .
b000110010101110 0
#1851750000
1,
b0001100101011100 .
b000110010101110 /
#1852000000
0,
b0001100101011101 .
b000110010101111 0
#1852250000
1,
b0001100101011110 .
b000110010101111 /
#1852500000
0,
b0001100101011111 .
b000110010110000 0
#1852750000
1,
b0001100101100000 .
b000110010110000 /
#1853000000
0,
b0001100101100001 .
b000110010110001 0
#1853250000
1,
b0001100101100010 .
b000110010110001 /
#1853500000
0,
b0001100101100011 .
b000110010110010 0
#1853750000
1,
b0001100101100100 .
b000110010110010 /
#1854000000
0,
b0001100101100101 .
b000110010110011 0
#1854250000
1,
b0001100101100110 .
b000110010110011 /
#1854500000
0,
b0001100101100111 .
b000110010110100 0
#1854750000
1,
b0001100101101000 .
b000110010110100 /
#1855000000
0,
b0001100101101001 .
b000110010110101 0
#1855250000
1,
b0001100101101010 .
b000110010110101 /
#1855500000
0,
b0001100101101011 .
b000110010110110 0
#1855750000
1,
b0001100101101100 .
b000110010110110 /
#1856000000
0,
b0001100101101101 .
b000110010110111 0
#1856250000
1,
b0001100101101110 .
b000110010110111 /
#1856500000
0,
b0001100101101111 .
b000110010111000 0
#1856750000
1,
b0001100101110000 .
b000110010111000 /
#1857000000
0,
b0001100101110001 .
b000110010111001 0
#1857250000
1,
b0001100101110010 .
b000110010111001 /
#1857500000
0,
b0001100101110011 .
b000110010111010 0
#1857750000
1,
b0001100101110100 .
b000110010111010 /
#1858000000
0,
b0001100101110101 .
b000110010111011 0
#1858250000
1,
b0001100101110110 .
b000110010111011 /
#1858500000
0,
b0001100101110111 .
b000110010111100 0
#1858750000
1,
b0001100101111000 .
b000110010111100 /
#1859000000
0,
b0001100101111001 .
b000110010111101 0
#1859250000
1,
b0001100101111010 .
b000110010111101 /
#1859500000
0,
b0001100101111011 .
b000110010111110 0
#1859750000
1,
b0001100101111100 .
b000110010111110 /
#1860000000
0,
b0001100101111101 .
b000110010111111 0
#1860250000
1,
b0001100101111110 .
b000110010111111 /
#1860500000
0)
0,
b0001100101111111 .
b000110011000000 0
#1860750000
1,
b0001100110000000 .
b000110011000000 /
#1861000000
0,
b0001100110000001 .
b000110011000001 0
#1861250000
1,
b0001100110000010 .
b000110011000001 /
#1861500000
0,
b0001100110000011 .
b000110011000010 0
#1861750000
1,
b0001100110000100 .
b000110011000010 /
#1862000000
0,
b0001100110000101 .
b000110011000011 0
#1862250000
1,
b0001100110000110 .
b000110011000011 /
#1862500000
0,
b0001100110000111 .
b000110011000100 0
#1862750000
1,
b0001100110001000 .
b000110011000100 /
#1863000000
0,
b0001100110001001 .
b000110011000101 0
#1863250000
1,
b0001100110001010 .
b000110011000101 /
#1863500000
0,
b0001100110001011 .
b000110011000110 0
#1863750000
1,
b0001100110001100 .
b000110011000110 /
#1864000000
0,
b0001100110001101 .
b000110011000111 0
#1864250000
1,
b0001100110001110 .
b000110011000111 /
#1864500000
0,
b0001100110001111 .
b000110011001000 0
#1864750000
1,
b0001100110010000 .
b000110011001000 /
#1865000000
0,
b0001100110010001 .
b000110011001001 0
#1865250000
1,
b0001100110010010 .
b000110011001001 /
#1865500000
0,
b0001100110010011 .
b000110011001010 0
#1865750000
1,
b0001100110010100 .
b000110011001010 /
#1866000000
0,
b0001100110010101 .
b000110011001011 0
#1866250000
1,
b0001100110010110 .
b000110011001011 /
#1866500000
0,
b0001100110010111 .
b000110011001100 0
#1866750000
1,
b0001100110011000 .
b000110011001100 /
#1867000000
0,
b0001100110011001 .
b000110011001101 0
#1867250000
1,
b0001100110011010 .
b000110011001101 /
#1867500000
0,
b0001100110011011 .
b000110011001110 0
#1867750000
1,
b0001100110011100 .
b000110011001110 /
#1868000000
0,
b0001100110011101 .
b000110011001111 0
#1868250000
1,
b0001100110011110 .
b000110011001111 /
#1868500000
0,
b0001100110011111 .
b000110011010000 0
#1868750000
1,
b0001100110100000 .
b000110011010000 /
#1869000000
0,
b0001100110100001 .
b000110011010001 0
#1869250000
1,
b0001100110100010 .
b000110011010001 /
#1869500000
0,
b0001100110100011 .
b000110011010010 0
#1869750000
1,
b0001100110100100 .
b000110011010010 /
#1870000000
0,
b0001100110100101 .
b000110011010011 0
#1870250000
1,
b0001100110100110 .
b000110011010011 /
#1870500000
0,
b0001100110100111 .
b000110011010100 0
#1870750000
1,
b0001100110101000 .
b000110011010100 /
#1871000000
0,
b0001100110101001 .
b000110011010101 0
#1871250000
1,
b0001100110101010 .
b000110011010101 /
#1871500000
0,
b0001100110101011 .
b000110011010110 0
#1871750000
1,
b0001100110101100 .
b000110011010110 /
#1872000000
0,
b0001100110101101 .
b000110011010111 0
#1872250000
1,
b0001100110101110 .
b000110011010111 /
#1872500000
0,
b0001100110101111 .
b000110011011000 0
#1872750000
1,
b0001100110110000 .
b000110011011000 /
#1873000000
0,
b0001100110110001 .
b000110011011001 0
#1873250000
1,
b0001100110110010 .
b000110011011001 /
#1873500000
0,
b0001100110110011 .
b000110011011010 0
#1873750000
1,
b0001100110110100 .
b000110011011010 /
#1874000000
0,
b0001100110110101 .
b000110011011011 0
#1874250000
1,
b0001100110110110 .
b000110011011011 /
#1874500000
0,
b0001100110110111 .
b000110011011100 0
#1874750000
1,
b0001100110111000 .
b000110011011100 /
#1875000000
0,
b0001100110111001 .
b000110011011101 0
#1875250000
1,
b0001100110111010 .
b000110011011101 /
#1875500000
0,
b0001100110111011 .
b000110011011110 0
#1875750000
b00110110 (
1)
1,
b0001100110111100 .
b000110011011110 /
#1876000000
0,
b0001100110111101 .
b000110011011111 0
#1876250000
1,
b0001100110111110 .
b000110011011111 /
#1876500000
0,
b0001100110111111 .
b000110011100000 0
#1876750000
1,
b0001100111000000 .
b000110011100000 /
#1877000000
0,
b0001100111000001 .
b000110011100001 0
#1877250000
1,
b0001100111000010 .
b000110011100001 /
#1877500000
0,
b0001100111000011 .
b000110011100010 0
#1877750000
1,
b0001100111000100 .
b000110011100010 /
#1878000000
0,
b0001100111000101 .
b000110011100011 0
#1878250000
1,
b0001100111000110 .
b000110011100011 /
#1878500000
0,
b0001100111000111 .
b000110011100100 0
#1878750000
1,
b0001100111001000 .
b000110011100100 /
#1879000000
0,
b0001100111001001 .
b000110011100101 0
#1879250000
1,
b0001100111001010 .
b000110011100101 /
#1879500000
0,
b0001100111001011 .
b000110011100110 0
#1879750000
1,
b0001100111001100 .
b000110011100110 /
#1880000000
0,
b0001100111001101 .
b000110011100111 0
#1880250000
1,
b0001100111001110 .
b000110011100111 /
#1880500000
0,
b0001100111001111 .
b000110011101000 0
#1880750000
1,
b0001100111010000 .
b000110011101000 /
#1881000000
0,
b0001100111010001 .
b000110011101001 0
#1881250000
1,
b0001100111010010 .
b000110011101001 /
#1881500000
0,
b0001100111010011 .
b000110011101010 0
#1881750000
1,
b0001100111010100 .
b000110011101010 /
#1882000000
0,
b0001100111010101 .
b000110011101011 0
#1882250000
1,
b0001100111010110 .
b000110011101011 /
#1882500000
0,
b0001100111010111 .
b000110011101100 0
#1882750000
1,
b0001100111011000 .
b000110011101100 /
#1883000000
0,
b0001100111011001 .
b000110011101101 0
#1883250000
1,
b0001100111011010 .
b000110011101101 /
#1883500000
0,
b0001100111011011 .
b000110011101110 0
#1883750000
1,
b0001100111011100 .
b000110011101110 /
#1884000000
0,
b0001100111011101 .
b000110011101111 0
#1884250000
1,
b0001100111011110 .
b000110011101111 /
#1884500000
0,
b0001100111011111 .
b000110011110000 0
#1884750000
1,
b0001100111100000 .
b000110011110000 /
#1885000000
0,
b0001100111100001 .
b000110011110001 0
#1885250000
1,
b0001100111100010 .
b000110011110001 /
#1885500000
0,
b0001100111100011 .
b000110011110010 0
#1885750000
1,
b0001100111100100 .
b000110011110010 /
#1886000000
0,
b0001100111100101 .
b000110011110011 0
#1886250000
1,
b0001100111100110 .
b000110011110011 /
#1886500000
0,
b0001100111100111 .
b000110011110100 0
#1886750000
1,
b0001100111101000 .
b000110011110100 /
#1887000000
0,
b0001100111101001 .
b000110011110101 0
#1887250000
1,
b0001100111101010 .
b000110011110101 /
#1887500000
0,
b0001100111101011 .
b000110011110110 0
#1887750000
1,
b0001100111101100 .
b000110011110110 /
#1888000000
0,
b0001100111101101 .
b000110011110111 0
#1888250000
1,
b0001100111101110 .
b000110011110111 /
#1888500000
0,
b0001100111101111 .
b000110011111000 0
#1888750000
1,
b0001100111110000 .
b000110011111000 /
#1889000000
0,
b0001100111110001 .
b000110011111001 0
#1889250000
1,
b0001100111110010 .
b000110011111001 /
#1889500000
0,
b0001100111110011 .
b000110011111010 0
#1889750000
1,
b0001100111110100 .
b000110011111010 /
#1890000000
0,
b0001100111110101 .
b000110011111011 0
#1890250000
1,
b0001100111110110 .
b000110011111011 /
#1890500000
0,
b0001100111110111 .
b000110011111100 0
#1890750000
1,
b0001100111111000 .
b000110011111100 /
#1891000000
0)
0,
b0001100111111001 .
b000110011111101 0
#1891250000
1,
b0001100111111010 .
b000110011111101 /
#1891500000
0,
b0001100111111011 .
b000110011111110 0
#1891750000
1,
b0001100111111100 .
b000110011111110 /
#1892000000
0,
b0001100111111101 .
b000110011111111 0
#1892250000
1,
b0001100111111110 .
b000110011111111 /
#1892500000
0,
b0001100111111111 .
b000110100000000 0
#1892750000
1,
b0001101000000000 .
b000110100000000 /
#1893000000
0,
b0001101000000001 .
b000110100000001 0
#1893250000
1,
b0001101000000010 .
b000110100000001 /
#1893500000
0,
b0001101000000011 .
b000110100000010 0
#1893750000
1,
b0001101000000100 .
b000110100000010 /
#1894000000
0,
b0001101000000101 .
b000110100000011 0
#1894250000
1,
b0001101000000110 .
b000110100000011 /
#1894500000
0,
b0001101000000111 .
b000110100000100 0
#1894750000
1,
b0001101000001000 .
b000110100000100 /
#1895000000
0,
b0001101000001001 .
b000110100000101 0
#1895250000
1,
b0001101000001010 .
b000110100000101 /
#1895500000
0,
b0001101000001011 .
b000110100000110 0
#1895750000
1,
b0001101000001100 .
b000110100000110 /
#1896000000
0,
b0001101000001101 .
b000110100000111 0
#1896250000
1,
b0001101000001110 .
b000110100000111 /
#1896500000
0,
b0001101000001111 .
b000110100001000 0
#1896750000
1,
b0001101000010000 .
b000110100001000 /
#1897000000
0,
b0001101000010001 .
b000110100001001 0
#1897250000
1,
b0001101000010010 .
b000110100001001 /
#1897500000
0,
b0001101000010011 .
b000110100001010 0
#1897750000
1,
b0001101000010100 .
b000110100001010 /
#1898000000
0,
b0001101000010101 .
b000110100001011 0
#1898250000
1,
b0001101000010110 .
b000110100001011 /
#1898500000
0,
b0001101000010111 .
b000110100001100 0
#1898750000
1,
b0001101000011000 .
b000110100001100 /
#1899000000
0,
b0001101000011001 .
b000110100001101 0
#1899250000
1,
b0001101000011010 .
b000110100001101 /
#1899500000
0,
b0001101000011011 .
b000110100001110 0
#1899750000
1,
b0001101000011100 .
b000110100001110 /
#1900000000
0,
b0001101000011101 .
b000110100001111 0
#1900250000
1,
b0001101000011110 .
b000110100001111 /
#1900500000
0,
b0001101000011111 .
b000110100010000 0
#1900750000
1,
b0001101000100000 .
b000110100010000 /
#1901000000
0,
b0001101000100001 .
b000110100010001 0
#1901250000
1,
b0001101000100010 .
b000110100010001 /
#1901500000
0,
b0001101000100011 .
b000110100010010 0
#1901750000
1,
b0001101000100100 .
b000110100010010 /
#1902000000
0,
b0001101000100101 .
b000110100010011 0
#1902250000
1,
b0001101000100110 .
b000110100010011 /
#1902500000
0,
b0001101000100111 .
b000110100010100 0
#1902750000
1,
b0001101000101000 .
b000110100010100 /
#1903000000
0,
b0001101000101001 .
b000110100010101 0
#1903250000
1,
b0001101000101010 .
b000110100010101 /
#1903500000
0,
b0001101000101011 .
b000110100010110 0
#1903750000
1,
b0001101000101100 .
b000110100010110 /
#1904000000
0,
b0001101000101101 .
b000110100010111 0
#1904250000
1,
b0001101000101110 .
b000110100010111 /
#1904500000
0,
b0001101000101111 .
b000110100011000 0
#1904750000
1,
b0001101000110000 .
b000110100011000 /
#1905000000
0,
b0001101000110001 .
b000110100011001 0
#1905250000
1,
b0001101000110010 .
b000110100011001 /
#1905500000
0,
b0001101000110011 .
b000110100011010 0
#1905750000
1,
b0001101000110100 .
b000110100011010 /
#1906000000
0,
b0001101000110101 .
b000110100011011 0
#1906250000
b00110111 (
1)
1,
b0001101000110110 .
b000110100011011 /
#1906500000
0,
b0001101000110111 .
b000110100011100 0
#1906750000
1,
b0001101000111000 .
b000110100011100 /
#1907000000
0,
b0001101000111001 .
b000110100011101 0
#1907250000
1,
b0001101000111010 .
b000110100011101 /
#1907500000
0,
b0001101000111011 .
b000110100011110 0
#1907750000
1,
b0001101000111100 .
b000110100011110 /
#1908000000
0,
b0001101000111101 .
b000110100011111 0
#1908250000
1,
b0001101000111110 .
b000110100011111 /
#1908500000
0,
b0001101000111111 .
b000110100100000 0
#1908750000
1,
b0001101001000000 .
b000110100100000 /
#1909000000
0,
b0001101001000001 .
b000110100100001 0
#1909250000
1,
b0001101001000010 .
b000110100100001 /
#1909500000
0,
b0001101001000011 .
b000110100100010 0
#1909750000
1,
b0001101001000100 .
b000110100100010 /
#1910000000
0,
b0001101001000101 .
b000110100100011 0
#1910250000
1,
b0001101001000110 .
b000110100100011 /
#1910500000
0,
b0001101001000111 .
b000110100100100 0
#1910750000
1,
b0001101001001000 .
b000110100100100 /
#1911000000
0,
b0001101001001001 .
b000110100100101 0
#1911250000
1,
b0001101001001010 .
b000110100100101 /
#1911500000
0,
b0001101001001011 .
b000110100100110 0
#1911750000
1,
b0001101001001100 .
b000110100100110 /
#1912000000
0,
b0001101001001101 .
b000110100100111 0
#1912250000
1,
b0001101001001110 .
b000110100100111 /
#1912500000
0,
b0001101001001111 .
b000110100101000 0
#1912750000
1,
b0001101001010000 .
b000110100101000 /
#1913000000
0,
b0001101001010001 .
b000110100101001 0
#1913250000
1,
b0001101001010010 .
b000110100101001 /
#1913500000
0,
b0001101001010011 .
b000110100101010 0
#1913750000
1,
b0001101001010100 .
b000110100101010 /
#1914000000
0,
b0001101001010101 .
b000110100101011 0
#1914250000
1,
b0001101001010110 .
b000110100101011 /
#1914500000
0,
b0001101001010111 .
b000110100101100 0
#1914750000
1,
b0001101001011000 .
b000110100101100 /
#1915000000
0,
b0001101001011001 .
b000110100101101 0
#1915250000
1,
b0001101001011010 .
b000110100101101 /
#1915500000
0,
b0001101001011011 .
b000110100101110 0
#1915750000
1,
b0001101001011100 .
b000110100101110 /
#1916000000
0,
b0001101001011101 .
b000110100101111 0
#1916250000
1,
b0001101001011110 .
b000110100101111 /
#1916500000
0,
b0001101001011111 .
b000110100110000 0
#1916750000
1,
b0001101001100000 .
b000110100110000 /
#1917000000
0,
b0001101001100001 .
b000110100110001 0
#1917250000
1,
b0001101001100010 .
b000110100110001 /
#1917500000
0,
b0001101001100011 .
b000110100110010 0
#1917750000
1,
b0001101001100100 .
b000110100110010 /
#1918000000
0,
b0001101001100101 .
b000110100110011 0
#1918250000
1,
b0001101001100110 .
b000110100110011 /
#1918500000
0,
b0001101001100111 .
b000110100110100 0
#1918750000
1,
b0001101001101000 .
b000110100110100 /
#1919000000
0,
b0001101001101001 .
b000110100110101 0
#1919250000
1,
b0001101001101010 .
b000110100110101 /
#1919500000
0,
b0001101001101011 .
b000110100110110 0
#1919750000
1,
b0001101001101100 .
b000110100110110 /
#1920000000
0,
b0001101001101101 .
b000110100110111 0
#1920250000
1,
b0001101001101110 .
b000110100110111 /
#1920500000
0,
b0001101001101111 .
b000110100111000 0
#1920750000
1,
b0001101001110000 .
b000110100111000 /
#1921000000
0,
b0001101001110001 .
b000110100111001 0
#1921250000
1,
b0001101001110010 .
b000110100111001 /
#1921500000
0)
0,
b0001101001110011 .
b000110100111010 0
#1921750000
1,
b0001101001110100 .
b000110100111010 /
#1922000000
0,
b0001101001110101 .
b000110100111011 0
#1922250000
1,
b0001101001110110 .
b000110100111011 /
#1922500000
0,
b0001101001110111 .
b000110100111100 0
#1922750000
1,
b0001101001111000 .
b000110100111100 /
#1923000000
0,
b0001101001111001 .
b000110100111101 0
#1923250000
1,
b0001101001111010 .
b000110100111101 /
#1923500000
0,
b0001101001111011 .
b000110100111110 0
#1923750000
1,
b0001101001111100 .
b000110100111110 /
#1924000000
0,
b0001101001111101 .
b000110100111111 0
#1924250000
1,
b0001101001111110 .
b000110100111111 /
#1924500000
0,
b0001101001111111 .
b000110101000000 0
#1924750000
1,
b0001101010000000 .
b000110101000000 /
#1925000000
0,
b0001101010000001 .
b000110101000001 0
#1925250000
1,
b0001101010000010 .
b000110101000001 /
#1925500000
0,
b0001101010000011 .
b000110101000010 0
#1925750000
1,
b0001101010000100 .
b000110101000010 /
#1926000000
0,
b0001101010000101 .
b000110101000011 0
#1926250000
1,
b0001101010000110 .
b000110101000011 /
#1926500000
0,
b0001101010000111 .
b000110101000100 0
#1926750000
1,
b0001101010001000 .
b000110101000100 /
#1927000000
0,
b0001101010001001 .
b000110101000101 0
#1927250000
1,
b0001101010001010 .
b000110101000101 /
#1927500000
0,
b0001101010001011 .
b000110101000110 0
#1927750000
1,
b0001101010001100 .
b000110101000110 /
#1928000000
0,
b0001101010001101 .
b000110101000111 0
#1928250000
1,
b0001101010001110 .
b000110101000111 /
#1928500000
0,
b0001101010001111 .
b000110101001000 0
#1928750000
1,
b0001101010010000 .
b000110101001000 /
#1929000000
0,
b0001101010010001 .
b000110101001001 0
#1929250000
1,
b0001101010010010 .
b000110101001001 /
#1929500000
0,
b0001101010010011 .
b000110101001010 0
#1929750000
1,
b0001101010010100 .
b000110101001010 /
#1930000000
0,
b0001101010010101 .
b000110101001011 0
#1930250000
1,
b0001101010010110 .
b000110101001011 /
#1930500000
0,
b0001101010010111 .
b000110101001100 0
#1930750000
1,
b0001101010011000 .
b000110101001100 /
#1931000000
0,
b0001101010011001 .
b000110101001101 0
#1931250000
1,
b0001101010011010 .
b000110101001101 /
#1931500000
0,
b0001101010011011 .
b000110101001110 0
#1931750000
1,
b0001101010011100 .
b000110101001110 /
#1932000000
0,
b0001101010011101 .
b000110101001111 0
#1932250000
1,
b0001101010011110 .
b000110101001111 /
#1932500000
0,
b0001101010011111 .
b000110101010000 0
#1932750000
1,
b0001101010100000 .
b000110101010000 /
#1933000000
0,
b0001101010100001 .
b000110101010001 0
#1933250000
1,
b0001101010100010 .
b000110101010001 /
#1933500000
0,
b0001101010100011 .
b000110101010010 0
#1933750000
1,
b0001101010100100 .
b000110101010010 /
#1934000000
0,
b0001101010100101 .
b000110101010011 0
#1934250000
1,
b0001101010100110 .
b000110101010011 /
#1934500000
0,
b0001101010100111 .
b000110101010100 0
#1934750000
1,
b0001101010101000 .
b000110101010100 /
#1935000000
0,
b0001101010101001 .
b000110101010101 0
#1935250000
1,
b0001101010101010 .
b000110101010101 /
#1935500000
0,
b0001101010101011 .
b000110101010110 0
#1935750000
1,
b0001101010101100 .
b000110101010110 /
#1936000000
0,
b0001101010101101 .
b000110101010111 0
#1936250000
1,
b0001101010101110 .
b000110101010111 /
#1936500000
0,
b0001101010101111 .
b000110101011000 0
#1936750000
b00111000 (
1)
1,
b0001101010110000 .
b000110101011000 /
#1937000000
0,
b0001101010110001 .
b000110101011001 0
#1937250000
1,
b0001101010110010 .
b000110101011001 /
#1937500000
0,
b0001101010110011 .
b000110101011010 0
#1937750000
1,
b0001101010110100 .
b000110101011010 /
#1938000000
0,
b0001101010110101 .
b000110101011011 0
#1938250000
1,
b0001101010110110 .
b000110101011011 /
#1938500000
0,
b0001101010110111 .
b000110101011100 0
#1938750000
1,
b0001101010111000 .
b000110101011100 /
#1939000000
0,
b0001101010111001 .
b000110101011101 0
#1939250000
1,
b0001101010111010 .
b000110101011101 /
#1939500000
0,
b0001101010111011 .
b000110101011110 0
#1939750000
1,
b0001101010111100 .
b000110101011110 /
#1940000000
0,
b0001101010111101 .
b000110101011111 0
#1940250000
1,
b0001101010111110 .
b000110101011111 /
#1940500000
0,
b0001101010111111 .
b000110101100000 0
#1940750000
1,
b0001101011000000 .
b000110101100000 /
#1941000000
0,
b0001101011000001 .
b000110101100001 0
#1941250000
1,
b0001101011000010 .
b000110101100001 /
#1941500000
0,
b0001101011000011 .
b000110101100010 0
#1941750000
1,
b0001101011000100 .
b000110101100010 /
#1942000000
0,
b0001101011000101 .
b000110101100011 0
#1942250000
1,
b0001101011000110 .
b000110101100011 /
#1942500000
0,
b0001101011000111 .
b000110101100100 0
#1942750000
1,
b0001101011001000 .
b000110101100100 /
#1943000000
0,
b0001101011001001 .
b000110101100101 0
#1943250000
1,
b0001101011001010 .
b000110101100101 /
#1943500000
0,
b0001101011001011 .
b000110101100110 0
#1943750000
1,
b0001101011001100 .
b000110101100110 /
#1944000000
0,
b0001101011001101 .
b000110101100111 0
#1944250000
1,
b0001101011001110 .
b000110101100111 /
#1944500000
0,
b0001101011001111 .
b000110101101000 0
#1944750000
1,
b0001101011010000 .
b000110101101000 /
#1945000000
0,
b0001101011010001 .
b000110101101001 0
#1945250000
1,
b0001101011010010 .
b000110101101001 /
#1945500000
0,
b0001101011010011 .
b000110101101010 0
#1945750000
1,
b0001101011010100 .
b000110101101010 /
#1946000000
0,
b0001101011010101 .
b000110101101011 0
#1946250000
1,
b0001101011010110 .
b000110101101011 /
#1946500000
0,
b0001101011010111 .
b000110101101100 0
#1946750000
1,
b0001101011011000 .
b000110101101100 /
#1947000000
0,
b0001101011011001 .
b000110101101101 0
#1947250000
1,
b0001101011011010 .
b000110101101101 /
#1947500000
0,
b0001101011011011 .
b000110101101110 0
#1947750000
1,
b0001101011011100 .
b000110101101110 /
#1948000000
0,
b0001101011011101 .
b000110101101111 0
#1948250000
1,
b0001101011011110 .
b000110101101111 /
#1948500000
0,
b0001101011011111 .
b000110101110000 0
#1948750000
1,
b0001101011100000 .
b000110101110000 /
#1949000000
0,
b0001101011100001 .
b000110101110001 0
#1949250000
1,
b0001101011100010 .
b000110101110001 /
#1949500000
0,
b0001101011100011 .
b000110101110010 0
#1949750000
1,
b0001101011100100 .
b000110101110010 /
#1950000000
0,
b0001101011100101 .
b000110101110011 0
#1950250000
1,
b0001101011100110 .
b000110101110011 /
#1950500000
0,
b0001101011100111 .
b000110101110100 0
#1950750000
1,
b0001101011101000 .
b000110101110100 /
#1951000000
0,
b0001101011101001 .
b000110101110101 0
#1951250000
1,
b0001101011101010 .
b000110101110101 /
#1951500000
0,
b0001101011101011 .
b000110101110110 0
#1951750000
1,
b0001101011101100 .
b000110101110110 /
#1952000000
0)
0,
b0001101011101101 .
b000110101110111 0
#1952250000
1,
b0001101011101110 .
b000110101110111 /
#1952500000
0,
b0001101011101111 .
b000110101111000 0
#1952750000
1,
b0001101011110000 .
b000110101111000 /
#1953000000
0,
b0001101011110001 .
b000110101111001 0
#1953250000
1,
b0001101011110010 .
b000110101111001 /
#1953500000
0,
b0001101011110011 .
b000110101111010 0
#1953750000
1,
b0001101011110100 .
b000110101111010 /
#1954000000
0,
b0001101011110101 .
b000110101111011 0
#1954250000
1,
b0001101011110110 .
b000110101111011 /
#1954500000
0,
b0001101011110111 .
b000110101111100 0
#1954750000
1,
b0001101011111000 .
b000110101111100 /
#1955000000
0,
b0001101011111001 .
b000110101111101 0
#1955250000
1,
b0001101011111010 .
b000110101111101 /
#1955500000
0,
b0001101011111011 .
b000110101111110 0
#1955750000
1,
b0001101011111100 .
b000110101111110 /
#1956000000
0,
b0001101011111101 .
b000110101111111 0
#1956250000
1,
b0001101011111110 .
b000110101111111 /
#1956500000
0,
b0001101011111111 .
b000110110000000 0
#1956750000
1,
b0001101100000000 .
b000110110000000 /
#1957000000
0,
b0001101100000001 .
b000110110000001 0
#1957250000
1,
b0001101100000010 .
b000110110000001 /
#1957500000
0,
b0001101100000011 .
b000110110000010 0
#1957750000
1,
b0001101100000100 .
b000110110000010 /
#1958000000
0,
b0001101100000101 .
b000110110000011 0
#1958250000
1,
b0001101100000110 .
b000110110000011 /
#1958500000
0,
b0001101100000111 .
b000110110000100 0
#1958750000
1,
b0001101100001000 .
b000110110000100 /
#1959000000
0,
b0001101100001001 .
b000110110000101 0
#1959250000
1,
b0001101100001010 .
b000110110000101 /
#1959500000
0,
b0001101100001011 .
b000110110000110 0
#1959750000
1,
b0001101100001100 .
b000110110000110 /
#1960000000
0,
b0001101100001101 .
b000110110000111 0
#1960250000
1,
b0001101100001110 .
b000110110000111 /
#1960500000
0,
b0001101100001111 .
b000110110001000 0
#1960750000
1,
b0001101100010000 .
b000110110001000 /
#1961000000
0,
b0001101100010001 .
b000110110001001 0
#1961250000
1,
b0001101100010010 .
b000110110001001 /
#1961500000
0,
b0001101100010011 .
b000110110001010 0
#1961750000
1,
b0001101100010100 .
b000110110001010 /
#1962000000
0,
b0001101100010101 .
b000110110001011 0
#1962250000
1,
b0001101100010110 .
b000110110001011 /
#1962500000
0,
b0001101100010111 .
b000110110001100 0
#1962750000
1,
b0001101100011000 .
b000110110001100 /
#1963000000
0,
b0001101100011001 .
b000110110001101 0
#1963250000
1,
b0001101100011010 .
b000110110001101 /
#1963500000
0,
b0001101100011011 .
b000110110001110 0
#1963750000
1,
b0001101100011100 .
b000110110001110 /
#1964000000
0,
b0001101100011101 .
b000110110001111 0
#1964250000
1,
b0001101100011110 .
b000110110001111 /
#1964500000
0,
b0001101100011111 .
b000110110010000 0
#1964750000
1,
b0001101100100000 .
b000110110010000 /
#1965000000
0,
b0001101100100001 .
b000110110010001 0
#1965250000
1,
b0001101100100010 .
b000110110010001 /
#1965500000
0,
b0001101100100011 .
b000110110010010 0
#1965750000
1,
b0001101100100100 .
b000110110010010 /
#1966000000
0,
b0001101100100101 .
b000110110010011 0
#1966250000
1,
b0001101100100110 .
b000110110010011 /
#1966500000
0,
b0001101100100111 .
b000110110010100 0
#1966750000
1,
b0001101100101000 .
b000110110010100 /
#1967000000
0,
b0001101100101001 .
b000110110010101 0
#1967250000
b00111001 (
1)
1,
b0001101100101010 .
b000110110010101 /
#1967500000
0,
b0001101100101011 .
b000110110010110 0
#1967750000
1,
b0001101100101100 .
b000110110010110 /
#1968000000
0,
b0001101100101101 .
b000110110010111 0
#1968250000
1,
b0001101100101110 .
b000110110010111 /
#1968500000
0,
b0001101100101111 .
b000110110011000 0
#1968750000
1,
b0001101100110000 .
b000110110011000 /
#1969000000
0,
b0001101100110001 .
b000110110011001 0
#1969250000
1,
b0001101100110010 .
b000110110011001 /
#1969500000
0,
b0001101100110011 .
b000110110011010 0
#1969750000
1,
b0001101100110100 .
b000110110011010 /
#1970000000
0,
b0001101100110101 .
b000110110011011 0
#1970250000
1,
b0001101100110110 .
b000110110011011 /
#1970500000
0,
b0001101100110111 .
b000110110011100 0
#1970750000
1,
b0001101100111000 .
b000110110011100 /
#1971000000
0,
b0001101100111001 .
b000110110011101 0
#1971250000
1,
b0001101100111010 .
b000110110011101 /
#1971500000
0,
b0001101100111011 .
b000110110011110 0
#1971750000
1,
b0001101100111100 .
b000110110011110 /
#1972000000
0,
b0001101100111101 .
b000110110011111 0
#1972250000
1,
b0001101100111110 .
b000110110011111 /
#1972500000
0,
b0001101100111111 .
b000110110100000 0
#1972750000
1,
b0001101101000000 .
b000110110100000 /
#1973000000
0,
b0001101101000001 .
b000110110100001 0
#1973250000
1,
b0001101101000010 .
b000110110100001 /
#1973500000
0,
b0001101101000011 .
b000110110100010 0
#1973750000
1,
b0001101101000100 .
b000110110100010 /
#1974000000
0,
b0001101101000101 .
b000110110100011 0
#1974250000
1,
b0001101101000110 .
b000110110100011 /
#1974500000
0,
b0001101101000111 .
b000110110100100 0
#1974750000
1,
b0001101101001000 .
b000110110100100 /
#1975000000
0,
b0001101101001001 .
b000110110100101 0
#1975250000
1,
b0001101101001010 .
b000110110100101 /
#1975500000
0,
b0001101101001011 .
b000110110100110 0
#1975750000
1,
b0001101101001100 .
b000110110100110 /
#1976000000
0,
b0001101101001101 .
b000110110100111 0
#1976250000
1,
b0001101101001110 .
b000110110100111 /
#1976500000
0,
b0001101101001111 .
b000110110101000 0
#1976750000
1,
b0001101101010000 .
b000110110101000 /
#1977000000
0,
b0001101101010001 .
b000110110101001 0
#1977250000
1,
b0001101101010010 .
b000110110101001 /
#1977500000
0,
b0001101101010011 .
b000110110101010 0
#1977750000
1,
b0001101101010100 .
b000110110101010 /
#1978000000
0,
b0001101101010101 .
b000110110101011 0
#1978250000
1,
b0001101101010110 .
b000110110101011 /
#1978500000
0,
b0001101101010111 .
b000110110101100 0
#1978750000
1,
b0001101101011000 .
b000110110101100 /
#1979000000
0,
b0001101101011001 .
b000110110101101 0
#1979250000
1,
b0001101101011010 .
b000110110101101 /
#1979500000
0,
b0001101101011011 .
b000110110101110 0
#1979750000
1,
b0001101101011100 .
b000110110101110 /
#1980000000
0,
b0001101101011101 .
b000110110101111 0
#1980250000
1,
b0001101101011110 .
b000110110101111 /
#1980500000
0,
b0001101101011111 .
b000110110110000 0
#1980750000
1,
b0001101101100000 .
b000110110110000 /
#1981000000
0,
b0001101101100001 .
b000110110110001 0
#1981250000
1,
b0001101101100010 .
b000110110110001 /
#1981500000
0,
b0001101101100011 .
b000110110110010 0
#1981750000
1,
b0001101101100100 .
b000110110110010 /
#1982000000
0,
b0001101101100101 .
b000110110110011 0
#1982250000
1,
b0001101101100110 .
b000110110110011 /
#1982500000
0)
0,
b0001101101100111 .
b000110110110100 0
#1982750000
1,
b0001101101101000 .
b000110110110100 /
#1983000000
0,
b0001101101101001 .
b000110110110101 0
#1983250000
1,
b0001101101101010 .
b000110110110101 /
#1983500000
0,
b0001101101101011 .
b000110110110110 0
#1983750000
1,
b0001101101101100 .
b000110110110110 /
#1984000000
0,
b0001101101101101 .
b000110110110111 0
#1984250000
1,
b0001101101101110 .
b000110110110111 /
#1984500000
0,
b0001101101101111 .
b000110110111000 0
#1984750000
1,
b0001101101110000 .
b000110110111000 /
#1985000000
0,
b0001101101110001 .
b000110110111001 0
#1985250000
1,
b0001101101110010 .
b000110110111001 /
#1985500000
0,
b0001101101110011 .
b000110110111010 0
#1985750000
1,
b0001101101110100 .
b000110110111010 /
#1986000000
0,
b0001101101110101 .
b000110110111011 0
#1986250000
1,
b0001101101110110 .
b000110110111011 /
#1986500000
0,
b0001101101110111 .
b000110110111100 0
#1986750000
1,
b0001101101111000 .
b000110110111100 /
#1987000000
0,
b0001101101111001 .
b000110110111101 0
#1987250000
1,
b0001101101111010 .
b000110110111101 /
#1987500000
0,
b0001101101111011 .
b000110110111110 0
#1987750000
1,
b0001101101111100 .
b000110110111110 /
#1988000000
0,
b0001101101111101 .
b000110110111111 0
#1988250000
1,
b0001101101111110 .
b000110110111111 /
#1988500000
0,
b0001101101111111 .
b000110111000000 0
#1988750000
1,
b0001101110000000 .
b000110111000000 /
#1989000000
0,
b0001101110000001 .
b000110111000001 0
#1989250000
1,
b0001101110000010 .
b000110111000001 /
#1989500000
0,
b0001101110000011 .
b000110111000010 0
#1989750000
1,
b0001101110000100 .
b000110111000010 /
#1990000000
0,
b0001101110000101 .
b000110111000011 0
#1990250000
1,
b0001101110000110 .
b000110111000011 /
#1990500000
0,
b0001101110000111 .
b000110111000100 0
#1990750000
1,
b0001101110001000 .
b000110111000100 /
#1991000000
0,
b0001101110001001 .
b000110111000101 0
#1991250000
1,
b0001101110001010 .
b000110111000101 /
#1991500000
0,
b0001101110001011 .
b000110111000110 0
#1991750000
1,
b0001101110001100 .
b000110111000110 /
#1992000000
0,
b0001101110001101 .
b000110111000111 0
#1992250000
1,
b0001101110001110 .
b000110111000111 /
#1992500000
0,
b0001101110001111 .
b000110111001000 0
#1992750000
1,
b0001101110010000 .
b000110111001000 /
#1993000000
0,
b0001101110010001 .
b000110111001001 0
#1993250000
1,
b0001101110010010 .
b000110111001001 /
#1993500000
0,
b0001101110010011 .
b000110111001010 0
#1993750000
1,
b0001101110010100 .
b000110111001010 /
#1994000000
0,
b0001101110010101 .
b000110111001011 0
#1994250000
1,
b0001101110010110 .
b000110111001011 /
#1994500000
0,
b0001101110010111 .
b000110111001100 0
#1994750000
1,
b0001101110011000 .
b000110111001100 /
#1995000000
0,
b0001101110011001 .
b000110111001101 0
#1995250000
1,
b0001101110011010 .
b000110111001101 /
#1995500000
0,
b0001101110011011 .
b000110111001110 0
#1995750000
1,
b0001101110011100 .
b000110111001110 /
#1996000000
0,
b0001101110011101 .
b000110111001111 0
#1996250000
1,
b0001101110011110 .
b000110111001111 /
#1996500000
0,
b0001101110011111 .
b000110111010000 0
#1996750000
1,
b0001101110100000 .
b000110111010000 /
#1997000000
0,
b0001101110100001 .
b000110111010001 0
#1997250000
1,
b0001101110100010 .
b000110111010001 /
#1997500000
0,
b0001101110100011 .
b000110111010010 0
#1997750000
b00111010 (
1)
1,
b0001101110100100 .
b000110111010010 /
#1998000000
0,
b0001101110100101 .
b000110111010011 0
#1998250000
1,
b0001101110100110 .
b000110111010011 /
#1998500000
0,
b0001101110100111 .
b000110111010100 0
#1998750000
1,
b0001101110101000 .
b000110111010100 /
#1999000000
0,
b0001101110101001 .
b000110111010101 0
#1999250000
1,
b0001101110101010 .
b000110111010101 /
#1999500000
0,
b0001101110101011 .
b000110111010110 0
#1999750000
1,
b0001101110101100 .
b000110111010110 /
#2000000000
0,
b0001101110101101 .
b000110111010111 0
#2000250000
1,
b0001101110101110 .
b000110111010111 /
#2000500000
0,
b0001101110101111 .
b000110111011000 0
#2000750000
1,
b0001101110110000 .
b000110111011000 /
#2001000000
0,
b0001101110110001 .
b000110111011001 0
#2001250000
1,
b0001101110110010 .
b000110111011001 /
#2001500000
0,
b0001101110110011 .
b000110111011010 0
#2001750000
1,
b0001101110110100 .
b000110111011010 /
#2002000000
0,
b0001101110110101 .
b000110111011011 0
#2002250000
1,
b0001101110110110 .
b000110111011011 /
#2002500000
0,
b0001101110110111 .
b000110111011100 0
#2002750000
1,
b0001101110111000 .
b000110111011100 /
#2003000000
0,
b0001101110111001 .
b000110111011101 0
#2003250000
1,
b0001101110111010 .
b000110111011101 /
#2003500000
0,
b0001101110111011 .
b000110111011110 0
#2003750000
1,
b0001101110111100 .
b000110111011110 /
#2004000000
0,
b0001101110111101 .
b000110111011111 0
#2004250000
1,
b0001101110111110 .
b000110111011111 /
#2004500000
0,
b0001101110111111 .
b000110111100000 0
#2004750000
1,
b0001101111000000 .
b000110111100000 /
#2005000000
0,
b0001101111000001 .
b000110111100001 0
#2005250000
1,
b0001101111000010 .
b000110111100001 /
#2005500000
0,
b0001101111000011 .
b000110111100010 0
#2005750000
1,
b0001101111000100 .
b000110111100010 /
#2006000000
0,
b0001101111000101 .
b000110111100011 0
#2006250000
1,
b0001101111000110 .
b000110111100011 /
#2006500000
0,
b0001101111000111 .
b000110111100100 0
#2006750000
1,
b0001101111001000 .
b000110111100100 /
#2007000000
0,
b0001101111001001 .
b000110111100101 0
#2007250000
1,
b0001101111001010 .
b000110111100101 /
#2007500000
0,
b0001101111001011 .
b000110111100110 0
#2007750000
1,
b0001101111001100 .
b000110111100110 /
#2008000000
0,
b0001101111001101 .
b000110111100111 0
#2008250000
1,
b0001101111001110 .
b000110111100111 /
#2008500000
0,
b0001101111001111 .
b000110111101000 0
#2008750000
1,
b0001101111010000 .
b000110111101000 /
#2009000000
0,
b0001101111010001 .
b000110111101001 0
#2009250000
1,
b0001101111010010 .
b000110111101001 /
#2009500000
0,
b0001101111010011 .
b000110111101010 0
#2009750000
1,
b0001101111010100 .
b000110111101010 /
#2010000000
0,
b0001101111010101 .
b000110111101011 0
#2010250000
1,
b0001101111010110 .
b000110111101011 /
#2010500000
0,
b0001101111010111 .
b000110111101100 0
#2010750000
1,
b0001101111011000 .
b000110111101100 /
#2011000000
0,
b0001101111011001 .
b000110111101101 0
#2011250000
1,
b0001101111011010 .
b000110111101101 /
#2011500000
0,
b0001101111011011 .
b000110111101110 0
#2011750000
1,
b0001101111011100 .
b000110111101110 /
#2012000000
0,
b0001101111011101 .
b000110111101111 0
#2012250000
1,
b0001101111011110 .
b000110111101111 /
#2012500000
0,
b0001101111011111 .
b000110111110000 0
#2012750000
1,
b0001101111100000 .
b000110111110000 /
#2013000000
0)
0,
b0001101111100001 .
b000110111110001 0
#2013250000
1,
b0001101111100010 .
b000110111110001 /
#2013500000
0,
b0001101111100011 .
b000110111110010 0
#2013750000
1,
b0001101111100100 .
b000110111110010 /
#2014000000
0,
b0001101111100101 .
b000110111110011 0
#2014250000
1,
b0001101111100110 .
b000110111110011 /
#2014500000
0,
b0001101111100111 .
b000110111110100 0
#2014750000
1,
b0001101111101000 .
b000110111110100 /
#2015000000
0,
b0001101111101001 .
b000110111110101 0
#2015250000
1,
b0001101111101010 .
b000110111110101 /
#2015500000
0,
b0001101111101011 .
b000110111110110 0
#2015750000
1,
b0001101111101100 .
b000110111110110 /
#2016000000
0,
b0001101111101101 .
b000110111110111 0
#2016250000
1,
b0001101111101110 .
b000110111110111 /
#2016500000
0,
b0001101111101111 .
b000110111111000 0
#2016750000
1,
b0001101111110000 .
b000110111111000 /
#2017000000
0,
b0001101111110001 .
b000110111111001 0
#2017250000
1,
b0001101111110010 .
b000110111111001 /
#2017500000
0,
b0001101111110011 .
b000110111111010 0
#2017750000
1,
b0001101111110100 .
b000110111111010 /
#2018000000
0,
b0001101111110101 .
b000110111111011 0
#2018250000
1,
b0001101111110110 .
b000110111111011 /
#2018500000
0,
b0001101111110111 .
b000110111111100 0
#2018750000
1,
b0001101111111000 .
b000110111111100 /
#2019000000
0,
b0001101111111001 .
b000110111111101 0
#2019250000
1,
b0001101111111010 .
b000110111111101 /
#2019500000
0,
b0001101111111011 .
b000110111111110 0
#2019750000
1,
b0001101111111100 .
b000110111111110 /
#2020000000
0,
b0001101111111101 .
b000110111111111 0
#2020250000
1,
b0001101111111110 .
b000110111111111 /
#2020500000
0,
b0001101111111111 .
b000111000000000 0
#2020750000
1,
b0001110000000000 .
b000111000000000 /
#2021000000
0,
b0001110000000001 .
b000111000000001 0
#2021250000
1,
b0001110000000010 .
b000111000000001 /
#2021500000
0,
b0001110000000011 .
b000111000000010 0
#2021750000
1,
b0001110000000100 .
b000111000000010 /
#2022000000
0,
b0001110000000101 .
b000111000000011 0
#2022250000
1,
b0001110000000110 .
b000111000000011 /
#2022500000
0,
b0001110000000111 .
b000111000000100 0
#2022750000
1,
b0001110000001000 .
b000111000000100 /
#2023000000
0,
b0001110000001001 .
b000111000000101 0
#2023250000
1,
b0001110000001010 .
b000111000000101 /
#2023500000
0,
b0001110000001011 .
b000111000000110 0
#2023750000
1,
b0001110000001100 .
b000111000000110 /
#2024000000
0,
b0001110000001101 .
b000111000000111 0
#2024250000
1,
b0001110000001110 .
b000111000000111 /
#2024500000
0,
b0001110000001111 .
b000111000001000 0
#2024750000
1,
b0001110000010000 .
b000111000001000 /
#2025000000
0,
b0001110000010001 .
b000111000001001 0
#2025250000
1,
b0001110000010010 .
b000111000001001 /
#2025500000
0,
b0001110000010011 .
b000111000001010 0
#2025750000
1,
b0001110000010100 .
b000111000001010 /
#2026000000
0,
b0001110000010101 .
b000111000001011 0
#2026250000
1,
b0001110000010110 .
b000111000001011 /
#2026500000
0,
b0001110000010111 .
b000111000001100 0
#2026750000
1,
b0001110000011000 .
b000111000001100 /
#2027000000
0,
b0001110000011001 .
b000111000001101 0
#2027250000
1,
b0001110000011010 .
b000111000001101 /
#2027500000
0,
b0001110000011011 .
b000111000001110 0
#2027750000
1,
b0001110000011100 .
b000111000001110 /
#2028000000
0,
b0001110000011101 .
b000111000001111 0
#2028250000
b00111011 (
1)
1,
b0001110000011110 .
b000111000001111 /
#2028500000
0,
b0001110000011111 .
b000111000010000 0
#2028750000
1,
b0001110000100000 .
b000111000010000 /
#2029000000
0,
b0001110000100001 .
b000111000010001 0
#2029250000
1,
b0001110000100010 .
b000111000010001 /
#2029500000
0,
b0001110000100011 .
b000111000010010 0
#2029750000
1,
b0001110000100100 .
b000111000010010 /
#2030000000
0,
b0001110000100101 .
b000111000010011 0
#2030250000
1,
b0001110000100110 .
b000111000010011 /
#2030500000
0,
b0001110000100111 .
b000111000010100 0
#2030750000
1,
b0001110000101000 .
b000111000010100 /
#2031000000
0,
b0001110000101001 .
b000111000010101 0
#2031250000
1,
b0001110000101010 .
b000111000010101 /
#2031500000
0,
b0001110000101011 .
b000111000010110 0
#2031750000
1,
b0001110000101100 .
b000111000010110 /
#2032000000
0,
b0001110000101101 .
b000111000010111 0
#2032250000
1,
b0001110000101110 .
b000111000010111 /
#2032500000
0,
b0001110000101111 .
b000111000011000 0
#2032750000
1,
b0001110000110000 .
b000111000011000 /
#2033000000
0,
b0001110000110001 .
b000111000011001 0
#2033250000
1,
b0001110000110010 .
b000111000011001 /
#2033500000
0,
b0001110000110011 .
b000111000011010 0
#2033750000
1,
b0001110000110100 .
b000111000011010 /
#2034000000
0,
b0001110000110101 .
b000111000011011 0
#2034250000
1,
b0001110000110110 .
b000111000011011 /
#2034500000
0,
b0001110000110111 .
b000111000011100 0
#2034750000
1,
b0001110000111000 .
b000111000011100 /
#2035000000
0,
b0001110000111001 .
b000111000011101 0
#2035250000
1,
b0001110000111010 .
b000111000011101 /
#2035500000
0,
b0001110000111011 .
b000111000011110 0
#2035750000
1,
b0001110000111100 .
b000111000011110 /
#2036000000
0,
b0001110000111101 .
b000111000011111 0
#2036250000
1,
b0001110000111110 .
b000111000011111 /
#2036500000
0,
b0001110000111111 .
b000111000100000 0
#2036750000
1,
b0001110001000000 .
b000111000100000 /
#2037000000
0,
b0001110001000001 .
b000111000100001 0
#2037250000
1,
b0001110001000010 .
b000111000100001 /
#2037500000
0,
b0001110001000011 .
b000111000100010 0
#2037750000
1,
b0001110001000100 .
b000111000100010 /
#2038000000
0,
b0001110001000101 .
b000111000100011 0
#2038250000
1,
b0001110001000110 .
b000111000100011 /
#2038500000
0,
b0001110001000111 .
b000111000100100 0
#2038750000
1,
b0001110001001000 .
b000111000100100 /
#2039000000
0,
b0001110001001001 .
b000111000100101 0
#2039250000
1,
b0001110001001010 .
b000111000100101 /
#2039500000
0,
b0001110001001011 .
b000111000100110 0
#2039750000
1,
b0001110001001100 .
b000111000100110 /
#2040000000
0,
b0001110001001101 .
b000111000100111 0
#2040250000
1,
b0001110001001110 .
b000111000100111 /
#2040500000
0,
b0001110001001111 .
b000111000101000 0
#2040750000
1,
b0001110001010000 .
b000111000101000 /
#2041000000
0,
b0001110001010001 .
b000111000101001 0
#2041250000
1,
b0001110001010010 .
b000111000101001 /
#2041500000
0,
b0001110001010011 .
b000111000101010 0
#2041750000
1,
b0001110001010100 .
b000111000101010 /
#2042000000
0,
b0001110001010101 .
b000111000101011 0
#2042250000
1,
b0001110001010110 .
b000111000101011 /
#2042500000
0,
b0001110001010111 .
b000111000101100 0
#2042750000
1,
b0001110001011000 .
b000111000101100 /
#2043000000
0,
b0001110001011001 .
b000111000101101 0
#2043250000
1,
b0001110001011010 .
b000111000101101 /
#2043500000
0)
0,
b0001110001011011 .
b000111000101110 0
#2043750000
1,
b0001110001011100 .
b000111000101110 /
#2044000000
0,
b0001110001011101 .
b000111000101111 0
#2044250000
1,
b0001110001011110 .
b000111000101111 /
#2044500000
0,
b0001110001011111 .
b000111000110000 0
#2044750000
1,
b0001110001100000 .
b000111000110000 /
#2045000000
0,
b0001110001100001 .
b000111000110001 0
#2045250000
1,
b0001110001100010 .
b000111000110001 /
#2045500000
0,
b0001110001100011 .
b000111000110010 0
#2045750000
1,
b0001110001100100 .
b000111000110010 /
#2046000000
0,
b0001110001100101 .
b000111000110011 0
#2046250000
1,
b0001110001100110 .
b000111000110011 /
#2046500000
0,
b0001110001100111 .
b000111000110100 0
#2046750000
1,
b0001110001101000 .
b000111000110100 /
#2047000000
0,
b0001110001101001 .
b000111000110101 0
#2047250000
1,
b0001110001101010 .
b000111000110101 /
#2047500000
0,
b0001110001101011 .
b000111000110110 0
#2047750000
1,
b0001110001101100 .
b000111000110110 /
#2048000000
0,
b0001110001101101 .
b000111000110111 0
#2048250000
1,
b0001110001101110 .
b000111000110111 /
#2048500000
0,
b0001110001101111 .
b000111000111000 0
#2048750000
1,
b0001110001110000 .
b000111000111000 /
#2049000000
0,
b0001110001110001 .
b000111000111001 0
#2049250000
1,
b0001110001110010 .
b000111000111001 /
#2049500000
0,
b0001110001110011 .
b000111000111010 0
#2049750000
1,
b0001110001110100 .
b000111000111010 /
#2050000000
0,
b0001110001110101 .
b000111000111011 0
#2050250000
1,
b0001110001110110 .
b000111000111011 /
#2050500000
0,
b0001110001110111 .
b000111000111100 0
#2050750000
1,
b0001110001111000 .
b000111000111100 /
#2051000000
0,
b0001110001111001 .
b000111000111101 0
#2051250000
1,
b0001110001111010 .
b000111000111101 /
#2051500000
0,
b0001110001111011 .
b000111000111110 0
#2051750000
1,
b0001110001111100 .
b000111000111110 /
#2052000000
0,
b0001110001111101 .
b000111000111111 0
#2052250000
1,
b0001110001111110 .
b000111000111111 /
#2052500000
0,
b0001110001111111 .
b000111001000000 0
#2052750000
1,
b0001110010000000 .
b000111001000000 /
#2053000000
0,
b0001110010000001 .
b000111001000001 0
#2053250000
1,
b0001110010000010 .
b000111001000001 /
#2053500000
0,
b0001110010000011 .
b000111001000010 0
#2053750000
1,
b0001110010000100 .
b000111001000010 /
#2054000000
0,
b0001110010000101 .
b000111001000011 0
#2054250000
1,
b0001110010000110 .
b000111001000011 /
#2054500000
0,
b0001110010000111 .
b000111001000100 0
#2054750000
1,
b0001110010001000 .
b000111001000100 /
#2055000000
0,
b0001110010001001 .
b000111001000101 0
#2055250000
1,
b0001110010001010 .
b000111001000101 /
#2055500000
0,
b0001110010001011 .
b000111001000110 0
#2055750000
1,
b0001110010001100 .
b000111001000110 /
#2056000000
0,
b0001110010001101 .
b000111001000111 0
#2056250000
1,
b0001110010001110 .
b000111001000111 /
#2056500000
0,
b0001110010001111 .
b000111001001000 0
#2056750000
1,
b0001110010010000 .
b000111001001000 /
#2057000000
0,
b0001110010010001 .
b000111001001001 0
#2057250000
1,
b0001110010010010 .
b000111001001001 /
#2057500000
0,
b0001110010010011 .
b000111001001010 0
#2057750000
1,
b0001110010010100 .
b000111001001010 /
#2058000000
0,
b0001110010010101 .
b000111001001011 0
#2058250000
1,
b0001110010010110 .
b000111001001011 /
#2058500000
0,
b0001110010010111 .
b000111001001100 0
#2058750000
b00111100 (
1)
1,
b0001110010011000 .
b000111001001100 /
#2059000000
0,
b0001110010011001 .
b000111001001101 0
#2059250000
1,
b0001110010011010 .
b000111001001101 /
#2059500000
0,
b0001110010011011 .
b000111001001110 0
#2059750000
1,
b0001110010011100 .
b000111001001110 /
#2060000000
0,
b0001110010011101 .
b000111001001111 0
#2060250000
1,
b0001110010011110 .
b000111001001111 /
#2060500000
0,
b0001110010011111 .
b000111001010000 0
#2060750000
1,
b0001110010100000 .
b000111001010000 /
#2061000000
0,
b0001110010100001 .
b000111001010001 0
#2061250000
1,
b0001110010100010 .
b000111001010001 /
#2061500000
0,
b0001110010100011 .
b000111001010010 0
#2061750000
1,
b0001110010100100 .
b000111001010010 /
#2062000000
0,
b0001110010100101 .
b000111001010011 0
#2062250000
1,
b0001110010100110 .
b000111001010011 /
#2062500000
0,
b0001110010100111 .
b000111001010100 0
#2062750000
1,
b0001110010101000 .
b000111001010100 /
#2063000000
0,
b0001110010101001 .
b000111001010101 0
#2063250000
1,
b0001110010101010 .
b000111001010101 /
#2063500000
0,
b0001110010101011 .
b000111001010110 0
#2063750000
1,
b0001110010101100 .
b000111001010110 /
#2064000000
0,
b0001110010101101 .
b000111001010111 0
#2064250000
1,
b0001110010101110 .
b000111001010111 /
#2064500000
0,
b0001110010101111 .
b000111001011000 0
#2064750000
1,
b0001110010110000 .
b000111001011000 /
#2065000000
0,
b0001110010110001 .
b000111001011001 0
#2065250000
1,
b0001110010110010 .
b000111001011001 /
#2065500000
0,
b0001110010110011 .
b000111001011010 0
#2065750000
1,
b0001110010110100 .
b000111001011010 /
#2066000000
0,
b0001110010110101 .
b000111001011011 0
#2066250000
1,
b0001110010110110 .
b000111001011011 /
#2066500000
0,
b0001110010110111 .
b000111001011100 0
#2066750000
1,
b0001110010111000 .
b000111001011100 /
#2067000000
0,
b0001110010111001 .
b000111001011101 0
#2067250000
1,
b0001110010111010 .
b000111001011101 /
#2067500000
0,
b0001110010111011 .
b000111001011110 0
#2067750000
1,
b0001110010111100 .
b000111001011110 /
#2068000000
0,
b0001110010111101 .
b000111001011111 0
#2068250000
1,
b0001110010111110 .
b000111001011111 /
#2068500000
0,
b0001110010111111 .
b000111001100000 0
#2068750000
1,
b0001110011000000 .
b000111001100000 /
#2069000000
0,
b0001110011000001 .
b000111001100001 0
#2069250000
1,
b0001110011000010 .
b000111001100001 /
#2069500000
0,
b0001110011000011 .
b000111001100010 0
#2069750000
1,
b0001110011000100 .
b000111001100010 /
#2070000000
0,
b0001110011000101 .
b000111001100011 0
#2070250000
1,
b0001110011000110 .
b000111001100011 /
#2070500000
0,
b0001110011000111 .
b000111001100100 0
#2070750000
1,
b0001110011001000 .
b000111001100100 /
#2071000000
0,
b0001110011001001 .
b000111001100101 0
#2071250000
1,
b0001110011001010 .
b000111001100101 /
#2071500000
0,
b0001110011001011 .
b000111001100110 0
#2071750000
1,
b0001110011001100 .
b000111001100110 /
#2072000000
0,
b0001110011001101 .
b000111001100111 0
#2072250000
1,
b0001110011001110 .
b000111001100111 /
#2072500000
0,
b0001110011001111 .
b000111001101000 0
#2072750000
1,
b0001110011010000 .
b000111001101000 /
#2073000000
0,
b0001110011010001 .
b000111001101001 0
#2073250000
1,
b0001110011010010 .
b000111001101001 /
#2073500000
0,
b0001110011010011 .
b000111001101010 0
#2073750000
1,
b0001110011010100 .
b000111001101010 /
#2074000000
0)
0,
b0001110011010101 .
b000111001101011 0
#2074250000
1,
b0001110011010110 .
b000111001101011 /
#2074500000
0,
b0001110011010111 .
b000111001101100 0
#2074750000
1,
b0001110011011000 .
b000111001101100 /
#2075000000
0,
b0001110011011001 .
b000111001101101 0
#2075250000
1,
b0001110011011010 .
b000111001101101 /
#2075500000
0,
b0001110011011011 .
b000111001101110 0
#2075750000
1,
b0001110011011100 .
b000111001101110 /
#2076000000
0,
b0001110011011101 .
b000111001101111 0
#2076250000
1,
b0001110011011110 .
b000111001101111 /
#2076500000
0,
b0001110011011111 .
b000111001110000 0
#2076750000
1,
b0001110011100000 .
b000111001110000 /
#2077000000
0,
b0001110011100001 .
b000111001110001 0
#2077250000
1,
b0001110011100010 .
b000111001110001 /
#2077500000
0,
b0001110011100011 .
b000111001110010 0
#2077750000
1,
b0001110011100100 .
b000111001110010 /
#2078000000
0,
b0001110011100101 .
b000111001110011 0
#2078250000
1,
b0001110011100110 .
b000111001110011 /
#2078500000
0,
b0001110011100111 .
b000111001110100 0
#2078750000
1,
b0001110011101000 .
b000111001110100 /
#2079000000
0,
b0001110011101001 .
b000111001110101 0
#2079250000
1,
b0001110011101010 .
b000111001110101 /
#2079500000
0,
b0001110011101011 .
b000111001110110 0
#2079750000
1,
b0001110011101100 .
b000111001110110 /
#2080000000
0,
b0001110011101101 .
b000111001110111 0
#2080250000
1,
b0001110011101110 .
b000111001110111 /
#2080500000
0,
b0001110011101111 .
b000111001111000 0
#2080750000
1,
b0001110011110000 .
b000111001111000 /
#2081000000
0,
b0001110011110001 .
b000111001111001 0
#2081250000
1,
b0001110011110010 .
b000111001111001 /
#2081500000
0,
b0001110011110011 .
b000111001111010 0
#2081750000
1,
b0001110011110100 .
b000111001111010 /
#2082000000
0,
b0001110011110101 .
b000111001111011 0
#2082250000
1,
b0001110011110110 .
b000111001111011 /
#2082500000
0,
b0001110011110111 .
b000111001111100 0
#2082750000
1,
b0001110011111000 .
b000111001111100 /
#2083000000
0,
b0001110011111001 .
b000111001111101 0
#2083250000
1,
b0001110011111010 .
b000111001111101 /
#2083500000
0,
b0001110011111011 .
b000111001111110 0
#2083750000
1,
b0001110011111100 .
b000111001111110 /
#2084000000
0,
b0001110011111101 .
b000111001111111 0
#2084250000
1,
b0001110011111110 .
b000111001111111 /
#2084500000
0,
b0001110011111111 .
b000111010000000 0
#2084750000
1,
b0001110100000000 .
b000111010000000 /
#2085000000
0,
b0001110100000001 .
b000111010000001 0
#2085250000
1,
b0001110100000010 .
b000111010000001 /
#2085500000
0,
b0001110100000011 .
b000111010000010 0
#2085750000
1,
b0001110100000100 .
b000111010000010 /
#2086000000
0,
b0001110100000101 .
b000111010000011 0
#2086250000
1,
b0001110100000110 .
b000111010000011 /
#2086500000
0,
b0001110100000111 .
b000111010000100 0
#2086750000
1,
b0001110100001000 .
b000111010000100 /
#2087000000
0,
b0001110100001001 .
b000111010000101 0
#2087250000
1,
b0001110100001010 .
b000111010000101 /
#2087500000
0,
b0001110100001011 .
b000111010000110 0
#2087750000
1,
b0001110100001100 .
b000111010000110 /
#2088000000
0,
b0001110100001101 .
b000111010000111 0
#2088250000
1,
b0001110100001110 .
b000111010000111 /
#2088500000
0,
b0001110100001111 .
b000111010001000 0
#2088750000
1,
b0001110100010000 .
b000111010001000 /
#2089000000
0,
b0001110100010001 .
b000111010001001 0
#2089250000
b00111101 (
1)
1,
b0001110100010010 .
b000111010001001 /
#2089500000
0,
b0001110100010011 .
b000111010001010 0
#2089750000
1,
b0001110100010100 .
b000111010001010 /
#2090000000
0,
b0001110100010101 .
b000111010001011 0
#2090250000
1,
b0001110100010110 .
b000111010001011 /
#2090500000
0,
b0001110100010111 .
b000111010001100 0
#2090750000
1,
b0001110100011000 .
b000111010001100 /
#2091000000
0,
b0001110100011001 .
b000111010001101 0
#2091250000
1,
b0001110100011010 .
b000111010001101 /
#2091500000
0,
b0001110100011011 .
b000111010001110 0
#2091750000
1,
b0001110100011100 .
b000111010001110 /
#2092000000
0,
b0001110100011101 .
b000111010001111 0
#2092250000
1,
b0001110100011110 .
b000111010001111 /
#2092500000
0,
b0001110100011111 .
b000111010010000 0
#2092750000
1,
b0001110100100000 .
b000111010010000 /
#2093000000
0,
b0001110100100001 .
b000111010010001 0
#2093250000
1,
b0001110100100010 .
b000111010010001 /
#2093500000
0,
b0001110100100011 .
b000111010010010 0
#2093750000
1,
b0001110100100100 .
b000111010010010 /
#2094000000
0,
b0001110100100101 .
b000111010010011 0
#2094250000
1,
b0001110100100110 .
b000111010010011 /
#2094500000
0,
b0001110100100111 .
b000111010010100 0
#2094750000
1,
b0001110100101000 .
b000111010010100 /
#2095000000
0,
b0001110100101001 .
b000111010010101 0
#2095250000
1,
b0001110100101010 .
b000111010010101 /
#2095500000
0,
b0001110100101011 .
b000111010010110 0
#2095750000
1,
b0001110100101100 .
b000111010010110 /
#2096000000
0,
b0001110100101101 .
b000111010010111 0
#2096250000
1,
b0001110100101110 .
b000111010010111 /
#2096500000
0,
b0001110100101111 .
b000111010011000 0
#2096750000
1,
b0001110100110000 .
b000111010011000 /
#2097000000
0,
b0001110100110001 .
b000111010011001 0
#2097250000
1,
b0001110100110010 .
b000111010011001 /
#2097500000
0,
b0001110100110011 .
b000111010011010 0
#2097750000
1,
b0001110100110100 .
b000111010011010 /
#2098000000
0,
b0001110100110101 .
b000111010011011 0
#2098250000
1,
b0001110100110110 .
b000111010011011 /
#2098500000
0,
b0001110100110111 .
b000111010011100 0
#2098750000
1,
b0001110100111000 .
b000111010011100 /
#2099000000
0,
b0001110100111001 .
b000111010011101 0
#2099250000
1,
b0001110100111010 .
b000111010011101 /
#2099500000
0,
b0001110100111011 .
b000111010011110 0
#2099750000
1,
b0001110100111100 .
b000111010011110 /
#2100000000
0,
b0001110100111101 .
b000111010011111 0
#2100250000
1,
b0001110100111110 .
b000111010011111 /
#2100500000
0,
b0001110100111111 .
b000111010100000 0
#2100750000
1,
b0001110101000000 .
b000111010100000 /
#2101000000
0,
b0001110101000001 .
b000111010100001 0
#2101250000
1,
b0001110101000010 .
b000111010100001 /
#2101500000
0,
b0001110101000011 .
b000111010100010 0
#2101750000
1,
b0001110101000100 .
b000111010100010 /
#2102000000
0,
b0001110101000101 .
b000111010100011 0
#2102250000
1,
b0001110101000110 .
b000111010100011 /
#2102500000
0,
b0001110101000111 .
b000111010100100 0
#2102750000
1,
b0001110101001000 .
b000111010100100 /
#2103000000
0,
b0001110101001001 .
b000111010100101 0
#2103250000
1,
b0001110101001010 .
b000111010100101 /
#2103500000
0,
b0001110101001011 .
b000111010100110 0
#2103750000
1,
b0001110101001100 .
b000111010100110 /
#2104000000
0,
b0001110101001101 .
b000111010100111 0
#2104250000
1,
b0001110101001110 .
b000111010100111 /
#2104500000
0)
0,
b0001110101001111 .
b000111010101000 0
#2104750000
1,
b0001110101010000 .
b000111010101000 /
#2105000000
0,
b0001110101010001 .
b000111010101001 0
#2105250000
1,
b0001110101010010 .
b000111010101001 /
#2105500000
0,
b0001110101010011 .
b000111010101010 0
#2105750000
1,
b0001110101010100 .
b000111010101010 /
#2106000000
0,
b0001110101010101 .
b000111010101011 0
#2106250000
1,
b0001110101010110 .
b000111010101011 /
#2106500000
0,
b0001110101010111 .
b000111010101100 0
#2106750000
1,
b0001110101011000 .
b000111010101100 /
#2107000000
0,
b0001110101011001 .
b000111010101101 0
#2107250000
1,
b0001110101011010 .
b000111010101101 /
#2107500000
0,
b0001110101011011 .
b000111010101110 0
#2107750000
1,
b0001110101011100 .
b000111010101110 /
#2108000000
0,
b0001110101011101 .
b000111010101111 0
#2108250000
1,
b0001110101011110 .
b000111010101111 /
#2108500000
0,
b0001110101011111 .
b000111010110000 0
#2108750000
1,
b0001110101100000 .
b000111010110000 /
#2109000000
0,
b0001110101100001 .
b000111010110001 0
#2109250000
1,
b0001110101100010 .
b000111010110001 /
#2109500000
0,
b0001110101100011 .
b000111010110010 0
#2109750000
1,
b0001110101100100 .
b000111010110010 /
#2110000000
0,
b0001110101100101 .
b000111010110011 0
#2110250000
1,
b0001110101100110 .
b000111010110011 /
#2110500000
0,
b0001110101100111 .
b000111010110100 0
#2110750000
1,
b0001110101101000 .
b000111010110100 /
#2111000000
0,
b0001110101101001 .
b000111010110101 0
#2111250000
1,
b0001110101101010 .
b000111010110101 /
#2111500000
0,
b0001110101101011 .
b000111010110110 0
#2111750000
1,
b0001110101101100 .
b000111010110110 /
#2112000000
0,
b0001110101101101 .
b000111010110111 0
#2112250000
1,
b0001110101101110 .
b000111010110111 /
#2112500000
0,
b0001110101101111 .
b000111010111000 0
#2112750000
1,
b0001110101110000 .
b000111010111000 /
#2113000000
0,
b0001110101110001 .
b000111010111001 0
#2113250000
1,
b0001110101110010 .
b000111010111001 /
#2113500000
0,
b0001110101110011 .
b000111010111010 0
#2113750000
1,
b0001110101110100 .
b000111010111010 /
#2114000000
0,
b0001110101110101 .
b000111010111011 0
#2114250000
1,
b0001110101110110 .
b000111010111011 /
#2114500000
0,
b0001110101110111 .
b000111010111100 0
#2114750000
1,
b0001110101111000 .
b000111010111100 /
#2115000000
0,
b0001110101111001 .
b000111010111101 0
#2115250000
1,
b0001110101111010 .
b000111010111101 /
#2115500000
0,
b0001110101111011 .
b000111010111110 0
#2115750000
1,
b0001110101111100 .
b000111010111110 /
#2116000000
0,
b0001110101111101 .
b000111010111111 0
#2116250000
1,
b0001110101111110 .
b000111010111111 /
#2116500000
0,
b0001110101111111 .
b000111011000000 0
#2116750000
1,
b0001110110000000 .
b000111011000000 /
#2117000000
0,
b0001110110000001 .
b000111011000001 0
#2117250000
1,
b0001110110000010 .
b000111011000001 /
#2117500000
0,
b0001110110000011 .
b000111011000010 0
#2117750000
1,
b0001110110000100 .
b000111011000010 /
#2118000000
0,
b0001110110000101 .
b000111011000011 0
#2118250000
1,
b0001110110000110 .
b000111011000011 /
#2118500000
0,
b0001110110000111 .
b000111011000100 0
#2118750000
1,
b0001110110001000 .
b000111011000100 /
#2119000000
0,
b0001110110001001 .
b000111011000101 0
#2119250000
1,
b0001110110001010 .
b000111011000101 /
#2119500000
0,
b0001110110001011 .
b000111011000110 0
#2119750000
b00111110 (
1)
1,
b0001110110001100 .
b000111011000110 /
#2120000000
0,
b0001110110001101 .
b000111011000111 0
#2120250000
1,
b0001110110001110 .
b000111011000111 /
#2120500000
0,
b0001110110001111 .
b000111011001000 0
#2120750000
1,
b0001110110010000 .
b000111011001000 /
#2121000000
0,
b0001110110010001 .
b000111011001001 0
#2121250000
1,
b0001110110010010 .
b000111011001001 /
#2121500000
0,
b0001110110010011 .
b000111011001010 0
#2121750000
1,
b0001110110010100 .
b000111011001010 /
#2122000000
0,
b0001110110010101 .
b000111011001011 0
#2122250000
1,
b0001110110010110 .
b000111011001011 /
#2122500000
0,
b0001110110010111 .
b000111011001100 0
#2122750000
1,
b0001110110011000 .
b000111011001100 /
#2123000000
0,
b0001110110011001 .
b000111011001101 0
#2123250000
1,
b0001110110011010 .
b000111011001101 /
#2123500000
0,
b0001110110011011 .
b000111011001110 0
#2123750000
1,
b0001110110011100 .
b000111011001110 /
#2124000000
0,
b0001110110011101 .
b000111011001111 0
#2124250000
1,
b0001110110011110 .
b000111011001111 /
#2124500000
0,
b0001110110011111 .
b000111011010000 0
#2124750000
1,
b0001110110100000 .
b000111011010000 /
#2125000000
0,
b0001110110100001 .
b000111011010001 0
#2125250000
1,
b0001110110100010 .
b000111011010001 /
#2125500000
0,
b0001110110100011 .
b000111011010010 0
#2125750000
1,
b0001110110100100 .
b000111011010010 /
#2126000000
0,
b0001110110100101 .
b000111011010011 0
#2126250000
1,
b0001110110100110 .
b000111011010011 /
#2126500000
0,
b0001110110100111 .
b000111011010100 0
#2126750000
1,
b0001110110101000 .
b000111011010100 /
#2127000000
0,
b0001110110101001 .
b000111011010101 0
#2127250000
1,
b0001110110101010 .
b000111011010101 /
#2127500000
0,
b0001110110101011 .
b000111011010110 0
#2127750000
1,
b0001110110101100 .
b000111011010110 /
#2128000000
0,
b0001110110101101 .
b000111011010111 0
#2128250000
1,
b0001110110101110 .
b000111011010111 /
#2128500000
0,
b0001110110101111 .
b000111011011000 0
#2128750000
1,
b0001110110110000 .
b000111011011000 /
#2129000000
0,
b0001110110110001 .
b000111011011001 0
#2129250000
1,
b0001110110110010 .
b000111011011001 /
#2129500000
0,
b0001110110110011 .
b000111011011010 0
#2129750000
1,
b0001110110110100 .
b000111011011010 /
#2130000000
0,
b0001110110110101 .
b000111011011011 0
#2130250000
1,
b0001110110110110 .
b000111011011011 /
#2130500000
0,
b0001110110110111 .
b000111011011100 0
#2130750000
1,
b0001110110111000 .
b000111011011100 /
#2131000000
0,
b0001110110111001 .
b000111011011101 0
#2131250000
1,
b0001110110111010 .
b000111011011101 /
#2131500000
0,
b0001110110111011 .
b000111011011110 0
#2131750000
1,
b0001110110111100 .
b000111011011110 /
#2132000000
0,
b0001110110111101 .
b000111011011111 0
#2132250000
1,
b0001110110111110 .
b000111011011111 /
#2132500000
0,
b0001110110111111 .
b000111011100000 0
#2132750000
1,
b0001110111000000 .
b000111011100000 /
#2133000000
0,
b0001110111000001 .
b000111011100001 0
#2133250000
1,
b0001110111000010 .
b000111011100001 /
#2133500000
0,
b0001110111000011 .
b000111011100010 0
#2133750000
1,
b0001110111000100 .
b000111011100010 /
#2134000000
0,
b0001110111000101 .
b000111011100011 0
#2134250000
1,
b0001110111000110 .
b000111011100011 /
#2134500000
0,
b0001110111000111 .
b000111011100100 0
#2134750000
1,
b0001110111001000 .
b000111011100100 /
#2135000000
0)
0,
b0001110111001001 .
b000111011100101 0
#2135250000
1,
b0001110111001010 .
b000111011100101 /
#2135500000
0,
b0001110111001011 .
b000111011100110 0
#2135750000
1,
b0001110111001100 .
b000111011100110 /
#2136000000
0,
b0001110111001101 .
b000111011100111 0
#2136250000
1,
b0001110111001110 .
b000111011100111 /
#2136500000
0,
b0001110111001111 .
b000111011101000 0
#2136750000
1,
b0001110111010000 .
b000111011101000 /
#2137000000
0,
b0001110111010001 .
b000111011101001 0
#2137250000
1,
b0001110111010010 .
b000111011101001 /
#2137500000
0,
b0001110111010011 .
b000111011101010 0
#2137750000
1,
b0001110111010100 .
b000111011101010 /
#2138000000
0,
b0001110111010101 .
b000111011101011 0
#2138250000
1,
b0001110111010110 .
b000111011101011 /
#2138500000
0,
b0001110111010111 .
b000111011101100 0
#2138750000
1,
b0001110111011000 .
b000111011101100 /
#2139000000
0,
b0001110111011001 .
b000111011101101 0
#2139250000
1,
b0001110111011010 .
b000111011101101 /
#2139500000
0,
b0001110111011011 .
b000111011101110 0
#2139750000
1,
b0001110111011100 .
b000111011101110 /
#2140000000
0,
b0001110111011101 .
b000111011101111 0
#2140250000
1,
b0001110111011110 .
b000111011101111 /
#2140500000
0,
b0001110111011111 .
b000111011110000 0
#2140750000
1,
b0001110111100000 .
b000111011110000 /
#2141000000
0,
b0001110111100001 .
b000111011110001 0
#2141250000
1,
b0001110111100010 .
b000111011110001 /
#2141500000
0,
b0001110111100011 .
b000111011110010 0
#2141750000
1,
b0001110111100100 .
b000111011110010 /
#2142000000
0,
b0001110111100101 .
b000111011110011 0
#2142250000
1,
b0001110111100110 .
b000111011110011 /
#2142500000
0,
b0001110111100111 .
b000111011110100 0
#2142750000
1,
b0001110111101000 .
b000111011110100 /
#2143000000
0,
b0001110111101001 .
b000111011110101 0
#2143250000
1,
b0001110111101010 .
b000111011110101 /
#2143500000
0,
b0001110111101011 .
b000111011110110 0
#2143750000
1,
b0001110111101100 .
b000111011110110 /
#2144000000
0,
b0001110111101101 .
b000111011110111 0
#2144250000
1,
b0001110111101110 .
b000111011110111 /
#2144500000
0,
b0001110111101111 .
b000111011111000 0
#2144750000
1,
b0001110111110000 .
b000111011111000 /
#2145000000
0,
b0001110111110001 .
b000111011111001 0
#2145250000
1,
b0001110111110010 .
b000111011111001 /
#2145500000
0,
b0001110111110011 .
b000111011111010 0
#2145750000
1,
b0001110111110100 .
b000111011111010 /
#2146000000
0,
b0001110111110101 .
b000111011111011 0
#2146250000
1,
b0001110111110110 .
b000111011111011 /
#2146500000
0,
b0001110111110111 .
b000111011111100 0
#2146750000
1,
b0001110111111000 .
b000111011111100 /
#2147000000
0,
b0001110111111001 .
b000111011111101 0
#2147250000
1,
b0001110111111010 .
b000111011111101 /
#2147500000
0,
b0001110111111011 .
b000111011111110 0
#2147750000
1,
b0001110111111100 .
b000111011111110 /
#2148000000
0,
b0001110111111101 .
b000111011111111 0
#2148250000
1,
b0001110111111110 .
b000111011111111 /
#2148500000
0,
b0001110111111111 .
b000111100000000 0
#2148750000
1,
b0001111000000000 .
b000111100000000 /
#2149000000
0,
b0001111000000001 .
b000111100000001 0
#2149250000
1,
b0001111000000010 .
b000111100000001 /
#2149500000
0,
b0001111000000011 .
b000111100000010 0
#2149750000
1,
b0001111000000100 .
b000111100000010 /
#2150000000
0,
b0001111000000101 .
b000111100000011 0
#2150250000
b00111111 (
1)
1,
b0001111000000110 .
b000111100000011 /
#2150500000
0,
b0001111000000111 .
b000111100000100 0
#2150750000
1,
b0001111000001000 .
b000111100000100 /
#2151000000
0,
b0001111000001001 .
b000111100000101 0
#2151250000
1,
b0001111000001010 .
b000111100000101 /
#2151500000
0,
b0001111000001011 .
b000111100000110 0
#2151750000
1,
b0001111000001100 .
b000111100000110 /
#2152000000
0,
b0001111000001101 .
b000111100000111 0
#2152250000
1,
b0001111000001110 .
b000111100000111 /
#2152500000
0,
b0001111000001111 .
b000111100001000 0
#2152750000
1,
b0001111000010000 .
b000111100001000 /
#2153000000
0,
b0001111000010001 .
b000111100001001 0
#2153250000
1,
b0001111000010010 .
b000111100001001 /
#2153500000
0,
b0001111000010011 .
b000111100001010 0
#2153750000
1,
b0001111000010100 .
b000111100001010 /
#2154000000
0,
b0001111000010101 .
b000111100001011 0
#2154250000
1,
b0001111000010110 .
b000111100001011 /
#2154500000
0,
b0001111000010111 .
b000111100001100 0
#2154750000
1,
b0001111000011000 .
b000111100001100 /
#2155000000
0,
b0001111000011001 .
b000111100001101 0
#2155250000
1,
b0001111000011010 .
b000111100001101 /
#2155500000
0,
b0001111000011011 .
b000111100001110 0
#2155750000
1,
b0001111000011100 .
b000111100001110 /
#2156000000
0,
b0001111000011101 .
b000111100001111 0
#2156250000
1,
b0001111000011110 .
b000111100001111 /
#2156500000
0,
b0001111000011111 .
b000111100010000 0
#2156750000
1,
b0001111000100000 .
b000111100010000 /
#2157000000
0,
b0001111000100001 .
b000111100010001 0
#2157250000
1,
b0001111000100010 .
b000111100010001 /
#2157500000
0,
b0001111000100011 .
b000111100010010 0
#2157750000
1,
b0001111000100100 .
b000111100010010 /
#2158000000
0,
b0001111000100101 .
b000111100010011 0
#2158250000
1,
b0001111000100110 .
b000111100010011 /
#2158500000
0,
b0001111000100111 .
b000111100010100 0
#2158750000
1,
b0001111000101000 .
b000111100010100 /
#2159000000
0,
b0001111000101001 .
b000111100010101 0
#2159250000
1,
b0001111000101010 .
b000111100010101 /
#2159500000
0,
b0001111000101011 .
b000111100010110 0
#2159750000
1,
b0001111000101100 .
b000111100010110 /
#2160000000
0,
b0001111000101101 .
b000111100010111 0
#2160250000
1,
b0001111000101110 .
b000111100010111 /
#2160500000
0,
b0001111000101111 .
b000111100011000 0
#2160750000
1,
b0001111000110000 .
b000111100011000 /
#2161000000
0,
b0001111000110001 .
b000111100011001 0
#2161250000
1,
b0001111000110010 .
b000111100011001 /
#2161500000
0,
b0001111000110011 .
b000111100011010 0
#2161750000
1,
b0001111000110100 .
b000111100011010 /
#2162000000
0,
b0001111000110101 .
b000111100011011 0
#2162250000
1,
b0001111000110110 .
b000111100011011 /
#2162500000
0,
b0001111000110111 .
b000111100011100 0
#2162750000
1,
b0001111000111000 .
b000111100011100 /
#2163000000
0,
b0001111000111001 .
b000111100011101 0
#2163250000
1,
b0001111000111010 .
b000111100011101 /
#2163500000
0,
b0001111000111011 .
b000111100011110 0
#2163750000
1,
b0001111000111100 .
b000111100011110 /
#2164000000
0,
b0001111000111101 .
b000111100011111 0
#2164250000
1,
b0001111000111110 .
b000111100011111 /
#2164500000
0,
b0001111000111111 .
b000111100100000 0
#2164750000
1,
b0001111001000000 .
b000111100100000 /
#2165000000
0,
b0001111001000001 .
b000111100100001 0
#2165250000
1,
b0001111001000010 .
b000111100100001 /
#2165500000
0)
0,
b0001111001000011 .
b000111100100010 0
#2165750000
1,
b0001111001000100 .
b000111100100010 /
#2166000000
0,
b0001111001000101 .
b000111100100011 0
#2166250000
1,
b0001111001000110 .
b000111100100011 /
#2166500000
0,
b0001111001000111 .
b000111100100100 0
#2166750000
1,
b0001111001001000 .
b000111100100100 /
#2167000000
0,
b0001111001001001 .
b000111100100101 0
#2167250000
1,
b0001111001001010 .
b000111100100101 /
#2167500000
0,
b0001111001001011 .
b000111100100110 0
#2167750000
1,
b0001111001001100 .
b000111100100110 /
#2168000000
0,
b0001111001001101 .
b000111100100111 0
#2168250000
1,
b0001111001001110 .
b000111100100111 /
#2168500000
0,
b0001111001001111 .
b000111100101000 0
#2168750000
1,
b0001111001010000 .
b000111100101000 /
#2169000000
0,
b0001111001010001 .
b000111100101001 0
#2169250000
1,
b0001111001010010 .
b000111100101001 /
#2169500000
0,
b0001111001010011 .
b000111100101010 0
#2169750000
1,
b0001111001010100 .
b000111100101010 /
#2170000000
0,
b0001111001010101 .
b000111100101011 0
#2170250000
1,
b0001111001010110 .
b000111100101011 /
#2170500000
0,
b0001111001010111 .
b000111100101100 0
#2170750000
1,
b0001111001011000 .
b000111100101100 /
#2171000000
0,
b0001111001011001 .
b000111100101101 0
#2171250000
1,
b0001111001011010 .
b000111100101101 /
#2171500000
0,
b0001111001011011 .
b000111100101110 0
#2171750000
1,
b0001111001011100 .
b000111100101110 /
#2172000000
0,
b0001111001011101 .
b000111100101111 0
#2172250000
1,
b0001111001011110 .
b000111100101111 /
#2172500000
0,
b0001111001011111 .
b000111100110000 0
#2172750000
1,
b0001111001100000 .
b000111100110000 /
#2173000000
0,
b0001111001100001 .
b000111100110001 0
#2173250000
1,
b0001111001100010 .
b000111100110001 /
#2173500000
0,
b0001111001100011 .
b000111100110010 0
#2173750000
1,
b0001111001100100 .
b000111100110010 /
#2174000000
0,
b0001111001100101 .
b000111100110011 0
#2174250000
1,
b0001111001100110 .
b000111100110011 /
#2174500000
0,
b0001111001100111 .
b000111100110100 0
#2174750000
1,
b0001111001101000 .
b000111100110100 /
#2175000000
0,
b0001111001101001 .
b000111100110101 0
#2175250000
1,
b0001111001101010 .
b000111100110101 /
#2175500000
0,
b0001111001101011 .
b000111100110110 0
#2175750000
1,
b0001111001101100 .
b000111100110110 /
#2176000000
0,
b0001111001101101 .
b000111100110111 0
#2176250000
1,
b0001111001101110 .
b000111100110111 /
#2176500000
0,
b0001111001101111 .
b000111100111000 0
#2176750000
1,
b0001111001110000 .
b000111100111000 /
#2177000000
0,
b0001111001110001 .
b000111100111001 0
#2177250000
1,
b0001111001110010 .
b000111100111001 /
#2177500000
0,
b0001111001110011 .
b000111100111010 0
#2177750000
1,
b0001111001110100 .
b000111100111010 /
#2178000000
0,
b0001111001110101 .
b000111100111011 0
#2178250000
1,
b0001111001110110 .
b000111100111011 /
#2178500000
0,
b0001111001110111 .
b000111100111100 0
#2178750000
1,
b0001111001111000 .
b000111100111100 /
#2179000000
0,
b0001111001111001 .
b000111100111101 0
#2179250000
1,
b0001111001111010 .
b000111100111101 /
#2179500000
0,
b0001111001111011 .
b000111100111110 0
#2179750000
1,
b0001111001111100 .
b000111100111110 /
#2180000000
0,
b0001111001111101 .
b000111100111111 0
#2180250000
1,
b0001111001111110 .
b000111100111111 /
#2180500000
0,
b0001111001111111 .
b000111101000000 0
#2180750000
b01000000 (
1)
1,
b0001111010000000 .
b000111101000000 /
#2181000000
0,
b0001111010000001 .
b000111101000001 0
#2181250000
1,
b0001111010000010 .
b000111101000001 /
#2181500000
0,
b0001111010000011 .
b000111101000010 0
#2181750000
1,
b0001111010000100 .
b000111101000010 /
#2182000000
0,
b0001111010000101 .
b000111101000011 0
#2182250000
1,
b0001111010000110 .
b000111101000011 /
#2182500000
0,
b0001111010000111 .
b000111101000100 0
#2182750000
1,
b0001111010001000 .
b000111101000100 /
#2183000000
0,
b0001111010001001 .
b000111101000101 0
#2183250000
1,
b0001111010001010 .
b000111101000101 /
#2183500000
0,
b0001111010001011 .
b000111101000110 0
#2183750000
1,
b0001111010001100 .
b000111101000110 /
#2184000000
0,
b0001111010001101 .
b000111101000111 0
#2184250000
1,
b0001111010001110 .
b000111101000111 /
#2184500000
0,
b0001111010001111 .
b000111101001000 0
#2184750000
1,
b0001111010010000 .
b000111101001000 /
#2185000000
0,
b0001111010010001 .
b000111101001001 0
#2185250000
1,
b0001111010010010 .
b000111101001001 /
#2185500000
0,
b0001111010010011 .
b000111101001010 0
#2185750000
1,
b0001111010010100 .
b000111101001010 /
#2186000000
0,
b0001111010010101 .
b000111101001011 0
#2186250000
1,
b0001111010010110 .
b000111101001011 /
#2186500000
0,
b0001111010010111 .
b000111101001100 0
#2186750000
1,
b0001111010011000 .
b000111101001100 /
#2187000000
0,
b0001111010011001 .
b000111101001101 0
#2187250000
1,
b0001111010011010 .
b000111101001101 /
#2187500000
0,
b0001111010011011 .
b000111101001110 0
#2187750000
1,
b0001111010011100 .
b000111101001110 /
#2188000000
0,
b0001111010011101 .
b000111101001111 0
#2188250000
1,
b0001111010011110 .
b000111101001111 /
#2188500000
0,
b0001111010011111 .
b000111101010000 0
#2188750000
1,
b0001111010100000 .
b000111101010000 /
#2189000000
0,
b0001111010100001 .
b000111101010001 0
#2189250000
1,
b0001111010100010 .
b000111101010001 /
#2189500000
0,
b0001111010100011 .
b000111101010010 0
#2189750000
1,
b0001111010100100 .
b000111101010010 /
#2190000000
0,
b0001111010100101 .
b000111101010011 0
#2190250000
1,
b0001111010100110 .
b000111101010011 /
#2190500000
0,
b0001111010100111 .
b000111101010100 0
#2190750000
1,
b0001111010101000 .
b000111101010100 /
#2191000000
0,
b0001111010101001 .
b000111101010101 0
#2191250000
1,
b0001111010101010 .
b000111101010101 /
#2191500000
0,
b0001111010101011 .
b000111101010110 0
#2191750000
1,
b0001111010101100 .
b000111101010110 /
#2192000000
0,
b0001111010101101 .
b000111101010111 0
#2192250000
1,
b0001111010101110 .
b000111101010111 /
#2192500000
0,
b0001111010101111 .
b000111101011000 0
#2192750000
1,
b0001111010110000 .
b000111101011000 /
#2193000000
0,
b0001111010110001 .
b000111101011001 0
#2193250000
1,
b0001111010110010 .
b000111101011001 /
#2193500000
0,
b0001111010110011 .
b000111101011010 0
#2193750000
1,
b0001111010110100 .
b000111101011010 /
#2194000000
0,
b0001111010110101 .
b000111101011011 0
#2194250000
1,
b0001111010110110 .
b000111101011011 /
#2194500000
0,
b0001111010110111 .
b000111101011100 0
#2194750000
1,
b0001111010111000 .
b000111101011100 /
#2195000000
0,
b0001111010111001 .
b000111101011101 0
#2195250000
1,
b0001111010111010 .
b000111101011101 /
#2195500000
0,
b0001111010111011 .
b000111101011110 0
#2195750000
1,
b0001111010111100 .
b000111101011110 /
#2196000000
0)
0,
b0001111010111101 .
b000111101011111 0
#2196250000
1,
b0001111010111110 .
b000111101011111 /
#2196500000
0,
b0001111010111111 .
b000111101100000 0
#2196750000
1,
b0001111011000000 .
b000111101100000 /
#2197000000
0,
b0001111011000001 .
b000111101100001 0
#2197250000
1,
b0001111011000010 .
b000111101100001 /
#2197500000
0,
b0001111011000011 .
b000111101100010 0
#2197750000
1,
b0001111011000100 .
b000111101100010 /
#2198000000
0,
b0001111011000101 .
b000111101100011 0
#2198250000
1,
b0001111011000110 .
b000111101100011 /
#2198500000
0,
b0001111011000111 .
b000111101100100 0
#2198750000
1,
b0001111011001000 .
b000111101100100 /
#2199000000
0,
b0001111011001001 .
b000111101100101 0
#2199250000
1,
b0001111011001010 .
b000111101100101 /
#2199500000
0,
b0001111011001011 .
b000111101100110 0
#2199750000
1,
b0001111011001100 .
b000111101100110 /
#2200000000
0,
b0001111011001101 .
b000111101100111 0
#2200250000
1,
b0001111011001110 .
b000111101100111 /
#2200500000
0,
b0001111011001111 .
b000111101101000 0
#2200750000
1,
b0001111011010000 .
b000111101101000 /
#2201000000
0,
b0001111011010001 .
b000111101101001 0
#2201250000
1,
b0001111011010010 .
b000111101101001 /
#2201500000
0,
b0001111011010011 .
b000111101101010 0
#2201750000
1,
b0001111011010100 .
b000111101101010 /
#2202000000
0,
b0001111011010101 .
b000111101101011 0
#2202250000
1,
b0001111011010110 .
b000111101101011 /
#2202500000
0,
b0001111011010111 .
b000111101101100 0
#2202750000
1,
b0001111011011000 .
b000111101101100 /
#2203000000
0,
b0001111011011001 .
b000111101101101 0
#2203250000
1,
b0001111011011010 .
b000111101101101 /
#2203500000
0,
b0001111011011011 .
b000111101101110 0
#2203750000
1,
b0001111011011100 .
b000111101101110 /
#2204000000
0,
b0001111011011101 .
b000111101101111 0
#2204250000
1,
b0001111011011110 .
b000111101101111 /
#2204500000
0,
b0001111011011111 .
b000111101110000 0
#2204750000
1,
b0001111011100000 .
b000111101110000 /
#2205000000
0,
b0001111011100001 .
b000111101110001 0
#2205250000
1,
b0001111011100010 .
b000111101110001 /
#2205500000
0,
b0001111011100011 .
b000111101110010 0
#2205750000
1,
b0001111011100100 .
b000111101110010 /
#2206000000
0,
b0001111011100101 .
b000111101110011 0
#2206250000
1,
b0001111011100110 .
b000111101110011 /
#2206500000
0,
b0001111011100111 .
b000111101110100 0
#2206750000
1,
b0001111011101000 .
b000111101110100 /
#2207000000
0,
b0001111011101001 .
b000111101110101 0
#2207250000
1,
b0001111011101010 .
b000111101110101 /
#2207500000
0,
b0001111011101011 .
b000111101110110 0
#2207750000
1,
b0001111011101100 .
b000111101110110 /
#2208000000
0,
b0001111011101101 .
b000111101110111 0
#2208250000
1,
b0001111011101110 .
b000111101110111 /
#2208500000
0,
b0001111011101111 .
b000111101111000 0
#2208750000
1,
b0001111011110000 .
b000111101111000 /
#2209000000
0,
b0001111011110001 .
b000111101111001 0
#2209250000
1,
b0001111011110010 .
b000111101111001 /
#2209500000
0,
b0001111011110011 .
b000111101111010 0
#2209750000
1,
b0001111011110100 .
b000111101111010 /
#2210000000
0,
b0001111011110101 .
b000111101111011 0
#2210250000
1,
b0001111011110110 .
b000111101111011 /
#2210500000
0,
b0001111011110111 .
b000111101111100 0
#2210750000
1,
b0001111011111000 .
b000111101111100 /
#2211000000
0,
b0001111011111001 .
b000111101111101 0
#2211250000
b01000001 (
1)
1,
b0001111011111010 .
b000111101111101 /
#2211500000
0,
b0001111011111011 .
b000111101111110 0
#2211750000
1,
b0001111011111100 .
b000111101111110 /
#2212000000
0,
b0001111011111101 .
b000111101111111 0
#2212250000
1,
b0001111011111110 .
b000111101111111 /
#2212500000
0,
b0001111011111111 .
b000111110000000 0
#2212750000
1,
b0001111100000000 .
b000111110000000 /
#2213000000
0,
b0001111100000001 .
b000111110000001 0
#2213250000
1,
b0001111100000010 .
b000111110000001 /
#2213500000
0,
b0001111100000011 .
b000111110000010 0
#2213750000
1,
b0001111100000100 .
b000111110000010 /
#2214000000
0,
b0001111100000101 .
b000111110000011 0
#2214250000
1,
b0001111100000110 .
b000111110000011 /
#2214500000
0,
b0001111100000111 .
b000111110000100 0
#2214750000
1,
b0001111100001000 .
b000111110000100 /
#2215000000
0,
b0001111100001001 .
b000111110000101 0
#2215250000
1,
b0001111100001010 .
b000111110000101 /
#2215500000
0,
b0001111100001011 .
b000111110000110 0
#2215750000
1,
b0001111100001100 .
b000111110000110 /
#2216000000
0,
b0001111100001101 .
b000111110000111 0
#2216250000
1,
b0001111100001110 .
b000111110000111 /
#2216500000
0,
b0001111100001111 .
b000111110001000 0
#2216750000
1,
b0001111100010000 .
b000111110001000 /
#2217000000
0,
b0001111100010001 .
b000111110001001 0
#2217250000
1,
b0001111100010010 .
b000111110001001 /
#2217500000
0,
b0001111100010011 .
b000111110001010 0
#2217750000
1,
b0001111100010100 .
b000111110001010 /
#2218000000
0,
b0001111100010101 .
b000111110001011 0
#2218250000
1,
b0001111100010110 .
b000111110001011 /
#2218500000
0,
b0001111100010111 .
b000111110001100 0
#2218750000
1,
b0001111100011000 .
b000111110001100 /
#2219000000
0,
b0001111100011001 .
b000111110001101 0
#2219250000
1,
b0001111100011010 .
b000111110001101 /
#2219500000
0,
b0001111100011011 .
b000111110001110 0
#2219750000
1,
b0001111100011100 .
b000111110001110 /
#2220000000
0,
b0001111100011101 .
b000111110001111 0
#2220250000
1,
b0001111100011110 .
b000111110001111 /
#2220500000
0,
b0001111100011111 .
b000111110010000 0
#2220750000
1,
b0001111100100000 .
b000111110010000 /
#2221000000
0,
b0001111100100001 .
b000111110010001 0
#2221250000
1,
b0001111100100010 .
b000111110010001 /
#2221500000
0,
b0001111100100011 .
b000111110010010 0
#2221750000
1,
b0001111100100100 .
b000111110010010 /
#2222000000
0,
b0001111100100101 .
b000111110010011 0
#2222250000
1,
b0001111100100110 .
b000111110010011 /
#2222500000
0,
b0001111100100111 .
b000111110010100 0
#2222750000
1,
b0001111100101000 .
b000111110010100 /
#2223000000
0,
b0001111100101001 .
b000111110010101 0
#2223250000
1,
b0001111100101010 .
b000111110010101 /
#2223500000
0,
b0001111100101011 .
b000111110010110 0
#2223750000
1,
b0001111100101100 .
b000111110010110 /
#2224000000
0,
b0001111100101101 .
b000111110010111 0
#2224250000
1,
b0001111100101110 .
b000111110010111 /
#2224500000
0,
b0001111100101111 .
b000111110011000 0
#2224750000
1,
b0001111100110000 .
b000111110011000 /
#2225000000
0,
b0001111100110001 .
b000111110011001 0
#2225250000
1,
b0001111100110010 .
b000111110011001 /
#2225500000
0,
b0001111100110011 .
b000111110011010 0
#2225750000
1,
b0001111100110100 .
b000111110011010 /
#2226000000
0,
b0001111100110101 .
b000111110011011 0
#2226250000
1,
b0001111100110110 .
b000111110011011 /
#2226500000
0)
0,
b0001111100110111 .
b000111110011100 0
#2226750000
1,
b0001111100111000 .
b000111110011100 /
#2227000000
0,
b0001111100111001 .
b000111110011101 0
#2227250000
1,
b0001111100111010 .
b000111110011101 /
#2227500000
0,
b0001111100111011 .
b000111110011110 0
#2227750000
1,
b0001111100111100 .
b000111110011110 /
#2228000000
0,
b0001111100111101 .
b000111110011111 0
#2228250000
1,
b0001111100111110 .
b000111110011111 /
#2228500000
0,
b0001111100111111 .
b000111110100000 0
#2228750000
1,
b0001111101000000 .
b000111110100000 /
#2229000000
0,
b0001111101000001 .
b000111110100001 0
#2229250000
1,
b0001111101000010 .
b000111110100001 /
#2229500000
0,
b0001111101000011 .
b000111110100010 0
#2229750000
1,
b0001111101000100 .
b000111110100010 /
#2230000000
0,
b0001111101000101 .
b000111110100011 0
#2230250000
1,
b0001111101000110 .
b000111110100011 /
#2230500000
0,
b0001111101000111 .
b000111110100100 0
#2230750000
1,
b0001111101001000 .
b000111110100100 /
#2231000000
0,
b0001111101001001 .
b000111110100101 0
#2231250000
1,
b0001111101001010 .
b000111110100101 /
#2231500000
0,
b0001111101001011 .
b000111110100110 0
#2231750000
1,
b0001111101001100 .
b000111110100110 /
#2232000000
0,
b0001111101001101 .
b000111110100111 0
#2232250000
1,
b0001111101001110 .
b000111110100111 /
#2232500000
0,
b0001111101001111 .
b000111110101000 0
#2232750000
1,
b0001111101010000 .
b000111110101000 /
#2233000000
0,
b0001111101010001 .
b000111110101001 0
#2233250000
1,
b0001111101010010 .
b000111110101001 /
#2233500000
0,
b0001111101010011 .
b000111110101010 0
#2233750000
1,
b0001111101010100 .
b000111110101010 /
#2234000000
0,
b0001111101010101 .
b000111110101011 0
#2234250000
1,
b0001111101010110 .
b000111110101011 /
#2234500000
0,
b0001111101010111 .
b000111110101100 0
#2234750000
1,
b0001111101011000 .
b000111110101100 /
#2235000000
0,
b0001111101011001 .
b000111110101101 0
#2235250000
1,
b0001111101011010 .
b000111110101101 /
#2235500000
0,
b0001111101011011 .
b000111110101110 0
#2235750000
1,
b0001111101011100 .
b000111110101110 /
#2236000000
0,
b0001111101011101 .
b000111110101111 0
#2236250000
1,
b0001111101011110 .
b000111110101111 /
#2236500000
0,
b0001111101011111 .
b000111110110000 0
#2236750000
1,
b0001111101100000 .
b000111110110000 /
#2237000000
0,
b0001111101100001 .
b000111110110001 0
#2237250000
1,
b0001111101100010 .
b000111110110001 /
#2237500000
0,
b0001111101100011 .
b000111110110010 0
#2237750000
1,
b0001111101100100 .
b000111110110010 /
#2238000000
0,
b0001111101100101 .
b000111110110011 0
#2238250000
1,
b0001111101100110 .
b000111110110011 /
#2238500000
0,
b0001111101100111 .
b000111110110100 0
#2238750000
1,
b0001111101101000 .
b000111110110100 /
#2239000000
0,
b0001111101101001 .
b000111110110101 0
#2239250000
1,
b0001111101101010 .
b000111110110101 /
#2239500000
0,
b0001111101101011 .
b000111110110110 0
#2239750000
1,
b0001111101101100 .
b000111110110110 /
#2240000000
0,
b0001111101101101 .
b000111110110111 0
#2240250000
1,
b0001111101101110 .
b000111110110111 /
#2240500000
0,
b0001111101101111 .
b000111110111000 0
#2240750000
1,
b0001111101110000 .
b000111110111000 /
#2241000000
0,
b0001111101110001 .
b000111110111001 0
#2241250000
1,
b0001111101110010 .
b000111110111001 /
#2241500000
0,
b0001111101110011 .
b000111110111010 0
#2241750000
b01000010 (
1)
1,
b0001111101110100 .
b000111110111010 /
#2242000000
0,
b0001111101110101 .
b000111110111011 0
#2242250000
1,
b0001111101110110 .
b000111110111011 /
#2242500000
0,
b0001111101110111 .
b000111110111100 0
#2242750000
1,
b0001111101111000 .
b000111110111100 /
#2243000000
0,
b0001111101111001 .
b000111110111101 0
#2243250000
1,
b0001111101111010 .
b000111110111101 /
#2243500000
0,
b0001111101111011 .
b000111110111110 0
#2243750000
1,
b0001111101111100 .
b000111110111110 /
#2244000000
0,
b0001111101111101 .
b000111110111111 0
#2244250000
1,
b0001111101111110 .
b000111110111111 /
#2244500000
0,
b0001111101111111 .
b000111111000000 0
#2244750000
1,
b0001111110000000 .
b000111111000000 /
#2245000000
0,
b0001111110000001 .
b000111111000001 0
#2245250000
1,
b0001111110000010 .
b000111111000001 /
#2245500000
0,
b0001111110000011 .
b000111111000010 0
#2245750000
1,
b0001111110000100 .
b000111111000010 /
#2246000000
0,
b0001111110000101 .
b000111111000011 0
#2246250000
1,
b0001111110000110 .
b000111111000011 /
#2246500000
0,
b0001111110000111 .
b000111111000100 0
#2246750000
1,
b0001111110001000 .
b000111111000100 /
#2247000000
0,
b0001111110001001 .
b000111111000101 0
#2247250000
1,
b0001111110001010 .
b000111111000101 /
#2247500000
0,
b0001111110001011 .
b000111111000110 0
#2247750000
1,
b0001111110001100 .
b000111111000110 /
#2248000000
0,
b0001111110001101 .
b000111111000111 0
#2248250000
1,
b0001111110001110 .
b000111111000111 /
#2248500000
0,
b0001111110001111 .
b000111111001000 0
#2248750000
1,
b0001111110010000 .
b000111111001000 /
#2249000000
0,
b0001111110010001 .
b000111111001001 0
#2249250000
1,
b0001111110010010 .
b000111111001001 /
#2249500000
0,
b0001111110010011 .
b000111111001010 0
#2249750000
1,
b0001111110010100 .
b000111111001010 /
#2250000000
0,
b0001111110010101 .
b000111111001011 0
#2250250000
1,
b0001111110010110 .
b000111111001011 /
#2250500000
0,
b0001111110010111 .
b000111111001100 0
#2250750000
1,
b0001111110011000 .
b000111111001100 /
#2251000000
0,
b0001111110011001 .
b000111111001101 0
#2251250000
1,
b0001111110011010 .
b000111111001101 /
#2251500000
0,
b0001111110011011 .
b000111111001110 0
#2251750000
1,
b0001111110011100 .
b000111111001110 /
#2252000000
0,
b0001111110011101 .
b000111111001111 0
#2252250000
1,
b0001111110011110 .
b000111111001111 /
#2252500000
0,
b0001111110011111 .
b000111111010000 0
#2252750000
1,
b0001111110100000 .
b000111111010000 /
#2253000000
0,
b0001111110100001 .
b000111111010001 0
#2253250000
1,
b0001111110100010 .
b000111111010001 /
#2253500000
0,
b0001111110100011 .
b000111111010010 0
#2253750000
1,
b0001111110100100 .
b000111111010010 /
#2254000000
0,
b0001111110100101 .
b000111111010011 0
#2254250000
1,
b0001111110100110 .
b000111111010011 /
#2254500000
0,
b0001111110100111 .
b000111111010100 0
#2254750000
1,
b0001111110101000 .
b000111111010100 /
#2255000000
0,
b0001111110101001 .
b000111111010101 0
#2255250000
1,
b0001111110101010 .
b000111111010101 /
#2255500000
0,
b0001111110101011 .
b000111111010110 0
#2255750000
1,
b0001111110101100 .
b000111111010110 /
#2256000000
0,
b0001111110101101 .
b000111111010111 0
#2256250000
1,
b0001111110101110 .
b000111111010111 /
#2256500000
0,
b0001111110101111 .
b000111111011000 0
#2256750000
1,
b0001111110110000 .
b000111111011000 /
#2257000000
0)
0,
b0001111110110001 .
b000111111011001 0
#2257250000
1,
b0001111110110010 .
b000111111011001 /
#2257500000
0,
b0001111110110011 .
b000111111011010 0
#2257750000
1,
b0001111110110100 .
b000111111011010 /
#2258000000
0,
b0001111110110101 .
b000111111011011 0
#2258250000
1,
b0001111110110110 .
b000111111011011 /
#2258500000
0,
b0001111110110111 .
b000111111011100 0
#2258750000
1,
b0001111110111000 .
b000111111011100 /
#2259000000
0,
b0001111110111001 .
b000111111011101 0
#2259250000
1,
b0001111110111010 .
b000111111011101 /
#2259500000
0,
b0001111110111011 .
b000111111011110 0
#2259750000
1,
b0001111110111100 .
b000111111011110 /
#2260000000
0,
b0001111110111101 .
b000111111011111 0
#2260250000
1,
b0001111110111110 .
b000111111011111 /
#2260500000
0,
b0001111110111111 .
b000111111100000 0
#2260750000
1,
b0001111111000000 .
b000111111100000 /
#2261000000
0,
b0001111111000001 .
b000111111100001 0
#2261250000
1,
b0001111111000010 .
b000111111100001 /
#2261500000
0,
b0001111111000011 .
b000111111100010 0
#2261750000
1,
b0001111111000100 .
b000111111100010 /
#2262000000
0,
b0001111111000101 .
b000111111100011 0
#2262250000
1,
b0001111111000110 .
b000111111100011 /
#2262500000
0,
b0001111111000111 .
b000111111100100 0
#2262750000
1,
b0001111111001000 .
b000111111100100 /
#2263000000
0,
b0001111111001001 .
b000111111100101 0
#2263250000
1,
b0001111111001010 .
b000111111100101 /
#2263500000
0,
b0001111111001011 .
b000111111100110 0
#2263750000
1,
b0001111111001100 .
b000111111100110 /
#2264000000
0,
b0001111111001101 .
b000111111100111 0
#2264250000
1,
b0001111111001110 .
b000111111100111 /
#2264500000
0,
b0001111111001111 .
b000111111101000 0
#2264750000
1,
b0001111111010000 .
b000111111101000 /
#2265000000
0,
b0001111111010001 .
b000111111101001 0
#2265250000
1,
b0001111111010010 .
b000111111101001 /
#2265500000
0,
b0001111111010011 .
b000111111101010 0
#2265750000
1,
b0001111111010100 .
b000111111101010 /
#2266000000
0,
b0001111111010101 .
b000111111101011 0
#2266250000
1,
b0001111111010110 .
b000111111101011 /
#2266500000
0,
b0001111111010111 .
b000111111101100 0
#2266750000
1,
b0001111111011000 .
b000111111101100 /
#2267000000
0,
b0001111111011001 .
b000111111101101 0
#2267250000
1,
b0001111111011010 .
b000111111101101 /
#2267500000
0,
b0001111111011011 .
b000111111101110 0
#2267750000
1,
b0001111111011100 .
b000111111101110 /
#2268000000
0,
b0001111111011101 .
b000111111101111 0
#2268250000
1,
b0001111111011110 .
b000111111101111 /
#2268500000
0,
b0001111111011111 .
b000111111110000 0
#2268750000
1,
b0001111111100000 .
b000111111110000 /
#2269000000
0,
b0001111111100001 .
b000111111110001 0
#2269250000
1,
b0001111111100010 .
b000111111110001 /
#2269500000
0,
b0001111111100011 .
b000111111110010 0
#2269750000
1,
b0001111111100100 .
b000111111110010 /
#2270000000
0,
b0001111111100101 .
b000111111110011 0
#2270250000
1,
b0001111111100110 .
b000111111110011 /
#2270500000
0,
b0001111111100111 .
b000111111110100 0
#2270750000
1,
b0001111111101000 .
b000111111110100 /
#2271000000
0,
b0001111111101001 .
b000111111110101 0
#2271250000
1,
b0001111111101010 .
b000111111110101 /
#2271500000
0,
b0001111111101011 .
b000111111110110 0
#2271750000
1,
b0001111111101100 .
b000111111110110 /
#2272000000
0,
b0001111111101101 .
b000111111110111 0
#2272250000
b01000011 (
1)
1,
b0001111111101110 .
b000111111110111 /
#2272500000
0,
b0001111111101111 .
b000111111111000 0
#2272750000
1,
b0001111111110000 .
b000111111111000 /
#2273000000
0,
b0001111111110001 .
b000111111111001 0
#2273250000
1,
b0001111111110010 .
b000111111111001 /
#2273500000
0,
b0001111111110011 .
b000111111111010 0
#2273750000
1,
b0001111111110100 .
b000111111111010 /
#2274000000
0,
b0001111111110101 .
b000111111111011 0
#2274250000
1,
b0001111111110110 .
b000111111111011 /
#2274500000
0,
b0001111111110111 .
b000111111111100 0
#2274750000
1,
b0001111111111000 .
b000111111111100 /
#2275000000
0,
b0001111111111001 .
b000111111111101 0
#2275250000
1,
b0001111111111010 .
b000111111111101 /
#2275500000
0,
b0001111111111011 .
b000111111111110 0
#2275750000
1,
b0001111111111100 .
b000111111111110 /
#2276000000
0,
b0001111111111101 .
b000111111111111 0
#2276250000
1,
b0001111111111110 .
b000111111111111 /
#2276500000
0,
b0001111111111111 .
b001000000000000 0
#2276750000
1,
b0010000000000000 .
b001000000000000 /
#2277000000
0,
b0010000000000001 .
b001000000000001 0
#2277250000
1,
b0010000000000010 .
b001000000000001 /
#2277500000
0,
b0010000000000011 .
b001000000000010 0
#2277750000
1,
b0010000000000100 .
b001000000000010 /
#2278000000
0,
b0010000000000101 .
b001000000000011 0
#2278250000
1,
b0010000000000110 .
b001000000000011 /
#2278500000
0,
b0010000000000111 .
b001000000000100 0
#2278750000
1,
b0010000000001000 .
b001000000000100 /
#2279000000
0,
b0010000000001001 .
b001000000000101 0
#2279250000
1,
b0010000000001010 .
b001000000000101 /
#2279500000
0,
b0010000000001011 .
b001000000000110 0
#2279750000
1,
b0010000000001100 .
b001000000000110 /
#2280000000
0,
b0010000000001101 .
b001000000000111 0
#2280250000
1,
b0010000000001110 .
b001000000000111 /
#2280500000
0,
b0010000000001111 .
b001000000001000 0
#2280750000
1,
b0010000000010000 .
b001000000001000 /
#2281000000
0,
b0010000000010001 .
b001000000001001 0
#2281250000
1,
b0010000000010010 .
b001000000001001 /
#2281500000
0,
b0010000000010011 .
b001000000001010 0
#2281750000
1,
b0010000000010100 .
b001000000001010 /
#2282000000
0,
b0010000000010101 .
b001000000001011 0
#2282250000
1,
b0010000000010110 .
b001000000001011 /
#2282500000
0,
b0010000000010111 .
b001000000001100 0
#2282750000
1,
b0010000000011000 .
b001000000001100 /
#2283000000
0,
b0010000000011001 .
b001000000001101 0
#2283250000
1,
b0010000000011010 .
b001000000001101 /
#2283500000
0,
b0010000000011011 .
b001000000001110 0
#2283750000
1,
b0010000000011100 .
b001000000001110 /
#2284000000
0,
b0010000000011101 .
b001000000001111 0
#2284250000
1,
b0010000000011110 .
b001000000001111 /
#2284500000
0,
b0010000000011111 .
b001000000010000 0
#2284750000
1,
b0010000000100000 .
b001000000010000 /
#2285000000
0,
b0010000000100001 .
b001000000010001 0
#2285250000
1,
b0010000000100010 .
b001000000010001 /
#2285500000
0,
b0010000000100011 .
b001000000010010 0
#2285750000
1,
b0010000000100100 .
b001000000010010 /
#2286000000
0,
b0010000000100101 .
b001000000010011 0
#2286250000
1,
b0010000000100110 .
b001000000010011 /
#2286500000
0,
b0010000000100111 .
b001000000010100 0
#2286750000
1,
b0010000000101000 .
b001000000010100 /
#2287000000
0,
b0010000000101001 .
b001000000010101 0
#2287250000
1,
b0010000000101010 .
b001000000010101 /
#2287500000
0)
0,
b0010000000101011 .
b001000000010110 0
#2287750000
1,
b0010000000101100 .
b001000000010110 /
#2288000000
0,
b0010000000101101 .
b001000000010111 0
#2288250000
1,
b0010000000101110 .
b001000000010111 /
#2288500000
0,
b0010000000101111 .
b001000000011000 0
#2288750000
1,
b0010000000110000 .
b001000000011000 /
#2289000000
0,
b0010000000110001 .
b001000000011001 0
#2289250000
1,
b0010000000110010 .
b001000000011001 /
#2289500000
0,
b0010000000110011 .
b001000000011010 0
#2289750000
1,
b0010000000110100 .
b001000000011010 /
#2290000000
0,
b0010000000110101 .
b001000000011011 0
#2290250000
1,
b0010000000110110 .
b001000000011011 /
#2290500000
0,
b0010000000110111 .
b001000000011100 0
#2290750000
1,
b0010000000111000 .
b001000000011100 /
#2291000000
0,
b0010000000111001 .
b001000000011101 0
#2291250000
1,
b0010000000111010 .
b001000000011101 /
#2291500000
0,
b0010000000111011 .
b001000000011110 0
#2291750000
1,
b0010000000111100 .
b001000000011110 /
#2292000000
0,
b0010000000111101 .
b001000000011111 0
#2292250000
1,
b0010000000111110 .
b001000000011111 /
#2292500000
0,
b0010000000111111 .
b001000000100000 0
#2292750000
1,
b0010000001000000 .
b001000000100000 /
#2293000000
0,
b0010000001000001 .
b001000000100001 0
#2293250000
1,
b0010000001000010 .
b001000000100001 /
#2293500000
0,
b0010000001000011 .
b001000000100010 0
#2293750000
1,
b0010000001000100 .
b001000000100010 /
#2294000000
0,
b0010000001000101 .
b001000000100011 0
#2294250000
1,
b0010000001000110 .
b001000000100011 /
#2294500000
0,
b0010000001000111 .
b001000000100100 0
#2294750000
1,
b0010000001001000 .
b001000000100100 /
#2295000000
0,
b0010000001001001 .
b001000000100101 0
#2295250000
1,
b0010000001001010 .
b001000000100101 /
#2295500000
0,
b0010000001001011 .
b001000000100110 0
#2295750000
1,
b0010000001001100 .
b001000000100110 /
#2296000000
0,
b0010000001001101 .
b001000000100111 0
#2296250000
1,
b0010000001001110 .
b001000000100111 /
#2296500000
0,
b0010000001001111 .
b001000000101000 0
#2296750000
1,
b0010000001010000 .
b001000000101000 /
#2297000000
0,
b0010000001010001 .
b001000000101001 0
#2297250000
1,
b0010000001010010 .
b001000000101001 /
#2297500000
0,
b0010000001010011 .
b001000000101010 0
#2297750000
1,
b0010000001010100 .
b001000000101010 /
#2298000000
0,
b0010000001010101 .
b001000000101011 0
#2298250000
1,
b0010000001010110 .
b001000000101011 /
#2298500000
0,
b0010000001010111 .
b001000000101100 0
#2298750000
1,
b0010000001011000 .
b001000000101100 /
#2299000000
0,
b0010000001011001 .
b001000000101101 0
#2299250000
1,
b0010000001011010 .
b001000000101101 /
#2299500000
0,
b0010000001011011 .
b001000000101110 0
#2299750000
1,
b0010000001011100 .
b001000000101110 /
#2300000000
0,
b0010000001011101 .
b001000000101111 0
#2300250000
1,
b0010000001011110 .
b001000000101111 /
#2300500000
0,
b0010000001011111 .
b001000000110000 0
#2300750000
1,
b0010000001100000 .
b001000000110000 /
#2301000000
0,
b0010000001100001 .
b001000000110001 0
#2301250000
1,
b0010000001100010 .
b001000000110001 /
#2301500000
0,
b0010000001100011 .
b001000000110010 0
#2301750000
1,
b0010000001100100 .
b001000000110010 /
#2302000000
0,
b0010000001100101 .
b001000000110011 0
#2302250000
1,
b0010000001100110 .
b001000000110011 /
#2302500000
0,
b0010000001100111 .
b001000000110100 0
#2302750000
b01000100 (
1)
1,
b0010000001101000 .
b001000000110100 /
#2303000000
0,
b0010000001101001 .
b001000000110101 0
#2303250000
1,
b0010000001101010 .
b001000000110101 /
#2303500000
0,
b0010000001101011 .
b001000000110110 0
#2303750000
1,
b0010000001101100 .
b001000000110110 /
#2304000000
0,
b0010000001101101 .
b001000000110111 0
#2304250000
1,
b0010000001101110 .
b001000000110111 /
#2304500000
0,
b0010000001101111 .
b001000000111000 0
#2304750000
1,
b0010000001110000 .
b001000000111000 /
#2305000000
0,
b0010000001110001 .
b001000000111001 0
#2305250000
1,
b0010000001110010 .
b001000000111001 /
#2305500000
0,
b0010000001110011 .
b001000000111010 0
#2305750000
1,
b0010000001110100 .
b001000000111010 /
#2306000000
0,
b0010000001110101 .
b001000000111011 0
#2306250000
1,
b0010000001110110 .
b001000000111011 /
#2306500000
0,
b0010000001110111 .
b001000000111100 0
#2306750000
1,
b0010000001111000 .
b001000000111100 /
#2307000000
0,
b0010000001111001 .
b001000000111101 0
#2307250000
1,
b0010000001111010 .
b001000000111101 /
#2307500000
0,
b0010000001111011 .
b001000000111110 0
#2307750000
1,
b0010000001111100 .
b001000000111110 /
#2308000000
0,
b0010000001111101 .
b001000000111111 0
#2308250000
1,
b0010000001111110 .
b001000000111111 /
#2308500000
0,
b0010000001111111 .
b001000001000000 0
#2308750000
1,
b0010000010000000 .
b001000001000000 /
#2309000000
0,
b0010000010000001 .
b001000001000001 0
#2309250000
1,
b0010000010000010 .
b001000001000001 /
#2309500000
0,
b0010000010000011 .
b001000001000010 0
#2309750000
1,
b0010000010000100 .
b001000001000010 /
#2310000000
0,
b0010000010000101 .
b001000001000011 0
#2310250000
1,
b0010000010000110 .
b001000001000011 /
#2310500000
0,
b0010000010000111 .
b001000001000100 0
#2310750000
1,
b0010000010001000 .
b001000001000100 /
#2311000000
0,
b0010000010001001 .
b001000001000101 0
#2311250000
1,
b0010000010001010 .
b001000001000101 /
#2311500000
0,
b0010000010001011 .
b001000001000110 0
#2311750000
1,
b0010000010001100 .
b001000001000110 /
#2312000000
0,
b0010000010001101 .
b001000001000111 0
#2312250000
1,
b0010000010001110 .
b001000001000111 /
#2312500000
0,
b0010000010001111 .
b001000001001000 0
#2312750000
1,
b0010000010010000 .
b001000001001000 /
#2313000000
0,
b0010000010010001 .
b001000001001001 0
#2313250000
1,
b0010000010010010 .
b001000001001001 /
#2313500000
0,
b0010000010010011 .
b001000001001010 0
#2313750000
1,
b0010000010010100 .
b001000001001010 /
#2314000000
0,
b0010000010010101 .
b001000001001011 0
#2314250000
1,
b0010000010010110 .
b001000001001011 /
#2314500000
0,
b0010000010010111 .
b001000001001100 0
#2314750000
1,
b0010000010011000 .
b001000001001100 /
#2315000000
0,
b0010000010011001 .
b001000001001101 0
#2315250000
1,
b0010000010011010 .
b001000001001101 /
#2315500000
0,
b0010000010011011 .
b001000001001110 0
#2315750000
1,
b0010000010011100 .
b001000001001110 /
#2316000000
0,
b0010000010011101 .
b001000001001111 0
#2316250000
1,
b0010000010011110 .
b001000001001111 /
#2316500000
0,
b0010000010011111 .
b001000001010000 0
#2316750000
1,
b0010000010100000 .
b001000001010000 /
#2317000000
0,
b0010000010100001 .
b001000001010001 0
#2317250000
1,
b0010000010100010 .
b001000001010001 /
#2317500000
0,
b0010000010100011 .
b001000001010010 0
#2317750000
1,
b0010000010100100 .
b001000001010010 /
#2318000000
0)
0,
b0010000010100101 .
b001000001010011 0
#2318250000
1,
b0010000010100110 .
b001000001010011 /
#2318500000
0,
b0010000010100111 .
b001000001010100 0
#2318750000
1,
b0010000010101000 .
b001000001010100 /
#2319000000
0,
b0010000010101001 .
b001000001010101 0
#2319250000
1,
b0010000010101010 .
b001000001010101 /
#2319500000
0,
b0010000010101011 .
b001000001010110 0
#2319750000
1,
b0010000010101100 .
b001000001010110 /
#2320000000
0,
b0010000010101101 .
b001000001010111 0
#2320250000
1,
b0010000010101110 .
b001000001010111 /
#2320500000
0,
b0010000010101111 .
b001000001011000 0
#2320750000
1,
b0010000010110000 .
b001000001011000 /
#2321000000
0,
b0010000010110001 .
b001000001011001 0
#2321250000
1,
b0010000010110010 .
b001000001011001 /
#2321500000
0,
b0010000010110011 .
b001000001011010 0
#2321750000
1,
b0010000010110100 .
b001000001011010 /
#2322000000
0,
b0010000010110101 .
b001000001011011 0
#2322250000
1,
b0010000010110110 .
b001000001011011 /
#2322500000
0,
b0010000010110111 .
b001000001011100 0
#2322750000
1,
b0010000010111000 .
b001000001011100 /
#2323000000
0,
b0010000010111001 .
b001000001011101 0
#2323250000
1,
b0010000010111010 .
b001000001011101 /
#2323500000
0,
b0010000010111011 .
b001000001011110 0
#2323750000
1,
b0010000010111100 .
b001000001011110 /
#2324000000
0,
b0010000010111101 .
b001000001011111 0
#2324250000
1,
b0010000010111110 .
b001000001011111 /
#2324500000
0,
b0010000010111111 .
b001000001100000 0
#2324750000
1,
b0010000011000000 .
b001000001100000 /
#2325000000
0,
b0010000011000001 .
b001000001100001 0
#2325250000
1,
b0010000011000010 .
b001000001100001 /
#2325500000
0,
b0010000011000011 .
b001000001100010 0
#2325750000
1,
b0010000011000100 .
b001000001100010 /
#2326000000
0,
b0010000011000101 .
b001000001100011 0
#2326250000
1,
b0010000011000110 .
b001000001100011 /
#2326500000
0,
b0010000011000111 .
b001000001100100 0
#2326750000
1,
b0010000011001000 .
b001000001100100 /
#2327000000
0,
b0010000011001001 .
b001000001100101 0
#2327250000
1,
b0010000011001010 .
b001000001100101 /
#2327500000
0,
b0010000011001011 .
b001000001100110 0
#2327750000
1,
b0010000011001100 .
b001000001100110 /
#2328000000
0,
b0010000011001101 .
b001000001100111 0
#2328250000
1,
b0010000011001110 .
b001000001100111 /
#2328500000
0,
b0010000011001111 .
b001000001101000 0
#2328750000
1,
b0010000011010000 .
b001000001101000 /
#2329000000
0,
b0010000011010001 .
b001000001101001 0
#2329250000
1,
b0010000011010010 .
b001000001101001 /
#2329500000
0,
b0010000011010011 .
b001000001101010 0
#2329750000
1,
b0010000011010100 .
b001000001101010 /
#2330000000
0,
b0010000011010101 .
b001000001101011 0
#2330250000
1,
b0010000011010110 .
b001000001101011 /
#2330500000
0,
b0010000011010111 .
b001000001101100 0
#2330750000
1,
b0010000011011000 .
b001000001101100 /
#2331000000
0,
b0010000011011001 .
b001000001101101 0
#2331250000
1,
b0010000011011010 .
b001000001101101 /
#2331500000
0,
b0010000011011011 .
b001000001101110 0
#2331750000
1,
b0010000011011100 .
b001000001101110 /
#2332000000
0,
b0010000011011101 .
b001000001101111 0
#2332250000
1,
b0010000011011110 .
b001000001101111 /
#2332500000
0,
b0010000011011111 .
b001000001110000 0
#2332750000
1,
b0010000011100000 .
b001000001110000 /
#2333000000
0,
b0010000011100001 .
b001000001110001 0
#2333250000
b01000101 (
1)
1,
b0010000011100010 .
b001000001110001 /
#2333500000
0,
b0010000011100011 .
b001000001110010 0
#2333750000
1,
b0010000011100100 .
b001000001110010 /
#2334000000
0,
b0010000011100101 .
b001000001110011 0
#2334250000
1,
b0010000011100110 .
b001000001110011 /
#2334500000
0,
b0010000011100111 .
b001000001110100 0
#2334750000
1,
b0010000011101000 .
b001000001110100 /
#2335000000
0,
b0010000011101001 .
b001000001110101 0
#2335250000
1,
b0010000011101010 .
b001000001110101 /
#2335500000
0,
b0010000011101011 .
b001000001110110 0
#2335750000
1,
b0010000011101100 .
b001000001110110 /
#2336000000
0,
b0010000011101101 .
b001000001110111 0
#2336250000
1,
b0010000011101110 .
b001000001110111 /
#2336500000
0,
b0010000011101111 .
b001000001111000 0
#2336750000
1,
b0010000011110000 .
b001000001111000 /
#2337000000
0,
b0010000011110001 .
b001000001111001 0
#2337250000
1,
b0010000011110010 .
b001000001111001 /
#2337500000
0,
b0010000011110011 .
b001000001111010 0
#2337750000
1,
b0010000011110100 .
b001000001111010 /
#2338000000
0,
b0010000011110101 .
b001000001111011 0
#2338250000
1,
b0010000011110110 .
b001000001111011 /
#2338500000
0,
b0010000011110111 .
b001000001111100 0
#2338750000
1,
b0010000011111000 .
b001000001111100 /
#2339000000
0,
b0010000011111001 .
b001000001111101 0
#2339250000
1,
b0010000011111010 .
b001000001111101 /
#2339500000
0,
b0010000011111011 .
b001000001111110 0
#2339750000
1,
b0010000011111100 .
b001000001111110 /
#2340000000
0,
b0010000011111101 .
b001000001111111 0
#2340250000
1,
b0010000011111110 .
b001000001111111 /
#2340500000
0,
b0010000011111111 .
b001000010000000 0
#2340750000
1,
b0010000100000000 .
b001000010000000 /
#2341000000
0,
b0010000100000001 .
b001000010000001 0
#2341250000
1,
b0010000100000010 .
b001000010000001 /
#2341500000
0,
b0010000100000011 .
b001000010000010 0
#2341750000
1,
b0010000100000100 .
b001000010000010 /
#2342000000
0,
b0010000100000101 .
b001000010000011 0
#2342250000
1,
b0010000100000110 .
b001000010000011 /
#2342500000
0,
b0010000100000111 .
b001000010000100 0
#2342750000
1,
b0010000100001000 .
b001000010000100 /
#2343000000
0,
b0010000100001001 .
b001000010000101 0
#2343250000
1,
b0010000100001010 .
b001000010000101 /
#2343500000
0,
b0010000100001011 .
b001000010000110 0
#2343750000
1,
b0010000100001100 .
b001000010000110 /
#2344000000
0,
b0010000100001101 .
b001000010000111 0
#2344250000
1,
b0010000100001110 .
b001000010000111 /
#2344500000
0,
b0010000100001111 .
b001000010001000 0
#2344750000
1,
b0010000100010000 .
b001000010001000 /
#2345000000
0,
b0010000100010001 .
b001000010001001 0
#2345250000
1,
b0010000100010010 .
b001000010001001 /
#2345500000
0,
b0010000100010011 .
b001000010001010 0
#2345750000
1,
b0010000100010100 .
b001000010001010 /
#2346000000
0,
b0010000100010101 .
b001000010001011 0
#2346250000
1,
b0010000100010110 .
b001000010001011 /
#2346500000
0,
b0010000100010111 .
b001000010001100 0
#2346750000
1,
b0010000100011000 .
b001000010001100 /
#2347000000
0,
b0010000100011001 .
b001000010001101 0
#2347250000
1,
b0010000100011010 .
b001000010001101 /
#2347500000
0,
b0010000100011011 .
b001000010001110 0
#2347750000
1,
b0010000100011100 .
b001000010001110 /
#2348000000
0,
b0010000100011101 .
b001000010001111 0
#2348250000
1,
b0010000100011110 .
b001000010001111 /
#2348500000
0)
0,
b0010000100011111 .
b001000010010000 0
#2348750000
1,
b0010000100100000 .
b001000010010000 /
#2349000000
0,
b0010000100100001 .
b001000010010001 0
#2349250000
1,
b0010000100100010 .
b001000010010001 /
#2349500000
0,
b0010000100100011 .
b001000010010010 0
#2349750000
1,
b0010000100100100 .
b001000010010010 /
#2350000000
0,
b0010000100100101 .
b001000010010011 0
#2350250000
1,
b0010000100100110 .
b001000010010011 /
#2350500000
0,
b0010000100100111 .
b001000010010100 0
#2350750000
1,
b0010000100101000 .
b001000010010100 /
#2351000000
0,
b0010000100101001 .
b001000010010101 0
#2351250000
1,
b0010000100101010 .
b001000010010101 /
#2351500000
0,
b0010000100101011 .
b001000010010110 0
#2351750000
1,
b0010000100101100 .
b001000010010110 /
#2352000000
0,
b0010000100101101 .
b001000010010111 0
#2352250000
1,
b0010000100101110 .
b001000010010111 /
#2352500000
0,
b0010000100101111 .
b001000010011000 0
#2352750000
1,
b0010000100110000 .
b001000010011000 /
#2353000000
0,
b0010000100110001 .
b001000010011001 0
#2353250000
1,
b0010000100110010 .
b001000010011001 /
#2353500000
0,
b0010000100110011 .
b001000010011010 0
#2353750000
1,
b0010000100110100 .
b001000010011010 /
#2354000000
0,
b0010000100110101 .
b001000010011011 0
#2354250000
1,
b0010000100110110 .
b001000010011011 /
#2354500000
0,
b0010000100110111 .
b001000010011100 0
#2354750000
1,
b0010000100111000 .
b001000010011100 /
#2355000000
0,
b0010000100111001 .
b001000010011101 0
#2355250000
1,
b0010000100111010 .
b001000010011101 /
#2355500000
0,
b0010000100111011 .
b001000010011110 0
#2355750000
1,
b0010000100111100 .
b001000010011110 /
#2356000000
0,
b0010000100111101 .
b001000010011111 0
#2356250000
1,
b0010000100111110 .
b001000010011111 /
#2356500000
0,
b0010000100111111 .
b001000010100000 0
#2356750000
1,
b0010000101000000 .
b001000010100000 /
#2357000000
0,
b0010000101000001 .
b001000010100001 0
#2357250000
1,
b0010000101000010 .
b001000010100001 /
#2357500000
0,
b0010000101000011 .
b001000010100010 0
#2357750000
1,
b0010000101000100 .
b001000010100010 /
#2358000000
0,
b0010000101000101 .
b001000010100011 0
#2358250000
1,
b0010000101000110 .
b001000010100011 /
#2358500000
0,
b0010000101000111 .
b001000010100100 0
#2358750000
1,
b0010000101001000 .
b001000010100100 /
#2359000000
0,
b0010000101001001 .
b001000010100101 0
#2359250000
1,
b0010000101001010 .
b001000010100101 /
#2359500000
0,
b0010000101001011 .
b001000010100110 0
#2359750000
1,
b0010000101001100 .
b001000010100110 /
#2360000000
0,
b0010000101001101 .
b001000010100111 0
#2360250000
1,
b0010000101001110 .
b001000010100111 /
#2360500000
0,
b0010000101001111 .
b001000010101000 0
#2360750000
1,
b0010000101010000 .
b001000010101000 /
#2361000000
0,
b0010000101010001 .
b001000010101001 0
#2361250000
1,
b0010000101010010 .
b001000010101001 /
#2361500000
0,
b0010000101010011 .
b001000010101010 0
#2361750000
1,
b0010000101010100 .
b001000010101010 /
#2362000000
0,
b0010000101010101 .
b001000010101011 0
#2362250000
1,
b0010000101010110 .
b001000010101011 /
#2362500000
0,
b0010000101010111 .
b001000010101100 0
#2362750000
1,
b0010000101011000 .
b001000010101100 /
#2363000000
0,
b0010000101011001 .
b001000010101101 0
#2363250000
1,
b0010000101011010 .
b001000010101101 /
#2363500000
0,
b0010000101011011 .
b001000010101110 0
#2363750000
b01000110 (
1)
1,
b0010000101011100 .
b001000010101110 /
#2364000000
0,
b0010000101011101 .
b001000010101111 0
#2364250000
1,
b0010000101011110 .
b001000010101111 /
#2364500000
0,
b0010000101011111 .
b001000010110000 0
#2364750000
1,
b0010000101100000 .
b001000010110000 /
#2365000000
0,
b0010000101100001 .
b001000010110001 0
#2365250000
1,
b0010000101100010 .
b001000010110001 /
#2365500000
0,
b0010000101100011 .
b001000010110010 0
#2365750000
1,
b0010000101100100 .
b001000010110010 /
#2366000000
0,
b0010000101100101 .
b001000010110011 0
#2366250000
1,
b0010000101100110 .
b001000010110011 /
#2366500000
0,
b0010000101100111 .
b001000010110100 0
#2366750000
1,
b0010000101101000 .
b001000010110100 /
#2367000000
0,
b0010000101101001 .
b001000010110101 0
#2367250000
1,
b0010000101101010 .
b001000010110101 /
#2367500000
0,
b0010000101101011 .
b001000010110110 0
#2367750000
1,
b0010000101101100 .
b001000010110110 /
#2368000000
0,
b0010000101101101 .
b001000010110111 0
#2368250000
1,
b0010000101101110 .
b001000010110111 /
#2368500000
0,
b0010000101101111 .
b001000010111000 0
#2368750000
1,
b0010000101110000 .
b001000010111000 /
#2369000000
0,
b0010000101110001 .
b001000010111001 0
#2369250000
1,
b0010000101110010 .
b001000010111001 /
#2369500000
0,
b0010000101110011 .
b001000010111010 0
#2369750000
1,
b0010000101110100 .
b001000010111010 /
#2370000000
0,
b0010000101110101 .
b001000010111011 0
#2370250000
1,
b0010000101110110 .
b001000010111011 /
#2370500000
0,
b0010000101110111 .
b001000010111100 0
#2370750000
1,
b0010000101111000 .
b001000010111100 /
#2371000000
0,
b0010000101111001 .
b001000010111101 0
#2371250000
1,
b0010000101111010 .
b001000010111101 /
#2371500000
0,
b0010000101111011 .
b001000010111110 0
#2371750000
1,
b0010000101111100 .
b001000010111110 /
#2372000000
0,
b0010000101111101 .
b001000010111111 0
#2372250000
1,
b0010000101111110 .
b001000010111111 /
#2372500000
0,
b0010000101111111 .
b001000011000000 0
#2372750000
1,
b0010000110000000 .
b001000011000000 /
#2373000000
0,
b0010000110000001 .
b001000011000001 0
#2373250000
1,
b0010000110000010 .
b001000011000001 /
#2373500000
0,
b0010000110000011 .
b001000011000010 0
#2373750000
1,
b0010000110000100 .
b001000011000010 /
#2374000000
0,
b0010000110000101 .
b001000011000011 0
#2374250000
1,
b0010000110000110 .
b001000011000011 /
#2374500000
0,
b0010000110000111 .
b001000011000100 0
#2374750000
1,
b0010000110001000 .
b001000011000100 /
#2375000000
0,
b0010000110001001 .
b001000011000101 0
#2375250000
1,
b0010000110001010 .
b001000011000101 /
#2375500000
0,
b0010000110001011 .
b001000011000110 0
#2375750000
1,
b0010000110001100 .
b001000011000110 /
#2376000000
0,
b0010000110001101 .
b001000011000111 0
#2376250000
1,
b0010000110001110 .
b001000011000111 /
#2376500000
0,
b0010000110001111 .
b001000011001000 0
#2376750000
1,
b0010000110010000 .
b001000011001000 /
#2377000000
0,
b0010000110010001 .
b001000011001001 0
#2377250000
1,
b0010000110010010 .
b001000011001001 /
#2377500000
0,
b0010000110010011 .
b001000011001010 0
#2377750000
1,
b0010000110010100 .
b001000011001010 /
#2378000000
0,
b0010000110010101 .
b001000011001011 0
#2378250000
1,
b0010000110010110 .
b001000011001011 /
#2378500000
0,
b0010000110010111 .
b001000011001100 0
#2378750000
1,
b0010000110011000 .
b001000011001100 /
#2379000000
0)
0,
b0010000110011001 .
b001000011001101 0
#2379250000
1,
b0010000110011010 .
b001000011001101 /
#2379500000
0,
b0010000110011011 .
b001000011001110 0
#2379750000
1,
b0010000110011100 .
b001000011001110 /
#2380000000
0,
b0010000110011101 .
b001000011001111 0
#2380250000
1,
b0010000110011110 .
b001000011001111 /
#2380500000
0,
b0010000110011111 .
b001000011010000 0
#2380750000
1,
b0010000110100000 .
b001000011010000 /
#2381000000
0,
b0010000110100001 .
b001000011010001 0
#2381250000
1,
b0010000110100010 .
b001000011010001 /
#2381500000
0,
b0010000110100011 .
b001000011010010 0
#2381750000
1,
b0010000110100100 .
b001000011010010 /
#2382000000
0,
b0010000110100101 .
b001000011010011 0
#2382250000
1,
b0010000110100110 .
b001000011010011 /
#2382500000
0,
b0010000110100111 .
b001000011010100 0
#2382750000
1,
b0010000110101000 .
b001000011010100 /
#2383000000
0,
b0010000110101001 .
b001000011010101 0
#2383250000
1,
b0010000110101010 .
b001000011010101 /
#2383500000
0,
b0010000110101011 .
b001000011010110 0
#2383750000
1,
b0010000110101100 .
b001000011010110 /
#2384000000
0,
b0010000110101101 .
b001000011010111 0
#2384250000
1,
b0010000110101110 .
b001000011010111 /
#2384500000
0,
b0010000110101111 .
b001000011011000 0
#2384750000
1,
b0010000110110000 .
b001000011011000 /
#2385000000
0,
b0010000110110001 .
b001000011011001 0
#2385250000
1,
b0010000110110010 .
b001000011011001 /
#2385500000
0,
b0010000110110011 .
b001000011011010 0
#2385750000
1,
b0010000110110100 .
b001000011011010 /
#2386000000
0,
b0010000110110101 .
b001000011011011 0
#2386250000
1,
b0010000110110110 .
b001000011011011 /
#2386500000
0,
b0010000110110111 .
b001000011011100 0
#2386750000
1,
b0010000110111000 .
b001000011011100 /
#2387000000
0,
b0010000110111001 .
b001000011011101 0
#2387250000
1,
b0010000110111010 .
b001000011011101 /
#2387500000
0,
b0010000110111011 .
b001000011011110 0
#2387750000
1,
b0010000110111100 .
b001000011011110 /
#2388000000
0,
b0010000110111101 .
b001000011011111 0
#2388250000
1,
b0010000110111110 .
b001000011011111 /
#2388500000
0,
b0010000110111111 .
b001000011100000 0
#2388750000
1,
b0010000111000000 .
b001000011100000 /
#2389000000
0,
b0010000111000001 .
b001000011100001 0
#2389250000
1,
b0010000111000010 .
b001000011100001 /
#2389500000
0,
b0010000111000011 .
b001000011100010 0
#2389750000
1,
b0010000111000100 .
b001000011100010 /
#2390000000
0,
b0010000111000101 .
b001000011100011 0
#2390250000
1,
b0010000111000110 .
b001000011100011 /
#2390500000
0,
b0010000111000111 .
b001000011100100 0
#2390750000
1,
b0010000111001000 .
b001000011100100 /
#2391000000
0,
b0010000111001001 .
b001000011100101 0
#2391250000
1,
b0010000111001010 .
b001000011100101 /
#2391500000
0,
b0010000111001011 .
b001000011100110 0
#2391750000
1,
b0010000111001100 .
b001000011100110 /
#2392000000
0,
b0010000111001101 .
b001000011100111 0
#2392250000
1,
b0010000111001110 .
b001000011100111 /
#2392500000
0,
b0010000111001111 .
b001000011101000 0
#2392750000
1,
b0010000111010000 .
b001000011101000 /
#2393000000
0,
b0010000111010001 .
b001000011101001 0
#2393250000
1,
b0010000111010010 .
b001000011101001 /
#2393500000
0,
b0010000111010011 .
b001000011101010 0
#2393750000
1,
b0010000111010100 .
b001000011101010 /
#2394000000
0,
b0010000111010101 .
b001000011101011 0
#2394250000
b01000111 (
1)
1,
b0010000111010110 .
b001000011101011 /
#2394500000
0,
b0010000111010111 .
b001000011101100 0
#2394750000
1,
b0010000111011000 .
b001000011101100 /
#2395000000
0,
b0010000111011001 .
b001000011101101 0
#2395250000
1,
b0010000111011010 .
b001000011101101 /
#2395500000
0,
b0010000111011011 .
b001000011101110 0
#2395750000
1,
b0010000111011100 .
b001000011101110 /
#2396000000
0,
b0010000111011101 .
b001000011101111 0
#2396250000
1,
b0010000111011110 .
b001000011101111 /
#2396500000
0,
b0010000111011111 .
b001000011110000 0
#2396750000
1,
b0010000111100000 .
b001000011110000 /
#2397000000
0,
b0010000111100001 .
b001000011110001 0
#2397250000
1,
b0010000111100010 .
b001000011110001 /
#2397500000
0,
b0010000111100011 .
b001000011110010 0
#2397750000
1,
b0010000111100100 .
b001000011110010 /
#2398000000
0,
b0010000111100101 .
b001000011110011 0
#2398250000
1,
b0010000111100110 .
b001000011110011 /
#2398500000
0,
b0010000111100111 .
b001000011110100 0
#2398750000
1,
b0010000111101000 .
b001000011110100 /
#2399000000
0,
b0010000111101001 .
b001000011110101 0
#2399250000
1,
b0010000111101010 .
b001000011110101 /
#2399500000
0,
b0010000111101011 .
b001000011110110 0
#2399750000
1,
b0010000111101100 .
b001000011110110 /
#2400000000
0,
b0010000111101101 .
b001000011110111 0
#2400250000
1,
b0010000111101110 .
b001000011110111 /
#2400500000
0,
b0010000111101111 .
b001000011111000 0
#2400750000
1,
b0010000111110000 .
b001000011111000 /
#2401000000
0,
b0010000111110001 .
b001000011111001 0
#2401250000
1,
b0010000111110010 .
b001000011111001 /
#2401500000
0,
b0010000111110011 .
b001000011111010 0
#2401750000
1,
b0010000111110100 .
b001000011111010 /
#2402000000
0,
b0010000111110101 .
b001000011111011 0
#2402250000
1,
b0010000111110110 .
b001000011111011 /
#2402500000
0,
b0010000111110111 .
b001000011111100 0
#2402750000
1,
b0010000111111000 .
b001000011111100 /
#2403000000
0,
b0010000111111001 .
b001000011111101 0
#2403250000
1,
b0010000111111010 .
b001000011111101 /
#2403500000
0,
b0010000111111011 .
b001000011111110 0
#2403750000
1,
b0010000111111100 .
b001000011111110 /
#2404000000
0,
b0010000111111101 .
b001000011111111 0
#2404250000
1,
b0010000111111110 .
b001000011111111 /
#2404500000
0,
b0010000111111111 .
b001000100000000 0
#2404750000
1,
b0010001000000000 .
b001000100000000 /
#2405000000
0,
b0010001000000001 .
b001000100000001 0
#2405250000
1,
b0010001000000010 .
b001000100000001 /
#2405500000
0,
b0010001000000011 .
b001000100000010 0
#2405750000
1,
b0010001000000100 .
b001000100000010 /
#2406000000
0,
b0010001000000101 .
b001000100000011 0
#2406250000
1,
b0010001000000110 .
b001000100000011 /
#2406500000
0,
b0010001000000111 .
b001000100000100 0
#2406750000
1,
b0010001000001000 .
b001000100000100 /
#2407000000
0,
b0010001000001001 .
b001000100000101 0
#2407250000
1,
b0010001000001010 .
b001000100000101 /
#2407500000
0,
b0010001000001011 .
b001000100000110 0
#2407750000
1,
b0010001000001100 .
b001000100000110 /
#2408000000
0,
b0010001000001101 .
b001000100000111 0
#2408250000
1,
b0010001000001110 .
b001000100000111 /
#2408500000
0,
b0010001000001111 .
b001000100001000 0
#2408750000
1,
b0010001000010000 .
b001000100001000 /
#2409000000
0,
b0010001000010001 .
b001000100001001 0
#2409250000
1,
b0010001000010010 .
b001000100001001 /
#2409500000
0)
0,
b0010001000010011 .
b001000100001010 0
#2409750000
1,
b0010001000010100 .
b001000100001010 /
#2410000000
0,
b0010001000010101 .
b001000100001011 0
#2410250000
1,
b0010001000010110 .
b001000100001011 /
#2410500000
0,
b0010001000010111 .
b001000100001100 0
#2410750000
1,
b0010001000011000 .
b001000100001100 /
#2411000000
0,
b0010001000011001 .
b001000100001101 0
#2411250000
1,
b0010001000011010 .
b001000100001101 /
#2411500000
0,
b0010001000011011 .
b001000100001110 0
#2411750000
1,
b0010001000011100 .
b001000100001110 /
#2412000000
0,
b0010001000011101 .
b001000100001111 0
#2412250000
1,
b0010001000011110 .
b001000100001111 /
#2412500000
0,
b0010001000011111 .
b001000100010000 0
#2412750000
1,
b0010001000100000 .
b001000100010000 /
#2413000000
0,
b0010001000100001 .
b001000100010001 0
#2413250000
1,
b0010001000100010 .
b001000100010001 /
#2413500000
0,
b0010001000100011 .
b001000100010010 0
#2413750000
1,
b0010001000100100 .
b001000100010010 /
#2414000000
0,
b0010001000100101 .
b001000100010011 0
#2414250000
1,
b0010001000100110 .
b001000100010011 /
#2414500000
0,
b0010001000100111 .
b001000100010100 0
#2414750000
1,
b0010001000101000 .
b001000100010100 /
#2415000000
0,
b0010001000101001 .
b001000100010101 0
#2415250000
1,
b0010001000101010 .
b001000100010101 /
#2415500000
0,
b0010001000101011 .
b001000100010110 0
#2415750000
1,
b0010001000101100 .
b001000100010110 /
#2416000000
0,
b0010001000101101 .
b001000100010111 0
#2416250000
1,
b0010001000101110 .
b001000100010111 /
#2416500000
0,
b0010001000101111 .
b001000100011000 0
#2416750000
1,
b0010001000110000 .
b001000100011000 /
#2417000000
0,
b0010001000110001 .
b001000100011001 0
#2417250000
1,
b0010001000110010 .
b001000100011001 /
#2417500000
0,
b0010001000110011 .
b001000100011010 0
#2417750000
1,
b0010001000110100 .
b001000100011010 /
#2418000000
0,
b0010001000110101 .
b001000100011011 0
#2418250000
1,
b0010001000110110 .
b001000100011011 /
#2418500000
0,
b0010001000110111 .
b001000100011100 0
#2418750000
1,
b0010001000111000 .
b001000100011100 /
#2419000000
0,
b0010001000111001 .
b001000100011101 0
#2419250000
1,
b0010001000111010 .
b001000100011101 /
#2419500000
0,
b0010001000111011 .
b001000100011110 0
#2419750000
1,
b0010001000111100 .
b001000100011110 /
#2420000000
0,
b0010001000111101 .
b001000100011111 0
#2420250000
1,
b0010001000111110 .
b001000100011111 /
#2420500000
0,
b0010001000111111 .
b001000100100000 0
#2420750000
1,
b0010001001000000 .
b001000100100000 /
#2421000000
0,
b0010001001000001 .
b001000100100001 0
#2421250000
1,
b0010001001000010 .
b001000100100001 /
#2421500000
0,
b0010001001000011 .
b001000100100010 0
#2421750000
1,
b0010001001000100 .
b001000100100010 /
#2422000000
0,
b0010001001000101 .
b001000100100011 0
#2422250000
1,
b0010001001000110 .
b001000100100011 /
#2422500000
0,
b0010001001000111 .
b001000100100100 0
#2422750000
1,
b0010001001001000 .
b001000100100100 /
#2423000000
0,
b0010001001001001 .
b001000100100101 0
#2423250000
1,
b0010001001001010 .
b001000100100101 /
#2423500000
0,
b0010001001001011 .
b001000100100110 0
#2423750000
1,
b0010001001001100 .
b001000100100110 /
#2424000000
0,
b0010001001001101 .
b001000100100111 0
#2424250000
1,
b0010001001001110 .
b001000100100111 /
#2424500000
0,
b0010001001001111 .
b001000100101000 0
#2424750000
b01001000 (
1)
1,
b0010001001010000 .
b001000100101000 /
#2425000000
0,
b0010001001010001 .
b001000100101001 0
#2425250000
1,
b0010001001010010 .
b001000100101001 /
#2425500000
0,
b0010001001010011 .
b001000100101010 0
#2425750000
1,
b0010001001010100 .
b001000100101010 /
#2426000000
0,
b0010001001010101 .
b001000100101011 0
#2426250000
1,
b0010001001010110 .
b001000100101011 /
#2426500000
0,
b0010001001010111 .
b001000100101100 0
#2426750000
1,
b0010001001011000 .
b001000100101100 /
#2427000000
0,
b0010001001011001 .
b001000100101101 0
#2427250000
1,
b0010001001011010 .
b001000100101101 /
#2427500000
0,
b0010001001011011 .
b001000100101110 0
#2427750000
1,
b0010001001011100 .
b001000100101110 /
#2428000000
0,
b0010001001011101 .
b001000100101111 0
#2428250000
1,
b0010001001011110 .
b001000100101111 /
#2428500000
0,
b0010001001011111 .
b001000100110000 0
#2428750000
1,
b0010001001100000 .
b001000100110000 /
#2429000000
0,
b0010001001100001 .
b001000100110001 0
#2429250000
1,
b0010001001100010 .
b001000100110001 /
#2429500000
0,
b0010001001100011 .
b001000100110010 0
#2429750000
1,
b0010001001100100 .
b001000100110010 /
#2430000000
0,
b0010001001100101 .
b001000100110011 0
#2430250000
1,
b0010001001100110 .
b001000100110011 /
#2430500000
0,
b0010001001100111 .
b001000100110100 0
#2430750000
1,
b0010001001101000 .
b001000100110100 /
#2431000000
0,
b0010001001101001 .
b001000100110101 0
#2431250000
1,
b0010001001101010 .
b001000100110101 /
#2431500000
0,
b0010001001101011 .
b001000100110110 0
#2431750000
1,
b0010001001101100 .
b001000100110110 /
#2432000000
0,
b0010001001101101 .
b001000100110111 0
#2432250000
1,
b0010001001101110 .
b001000100110111 /
#2432500000
0,
b0010001001101111 .
b001000100111000 0
#2432750000
1,
b0010001001110000 .
b001000100111000 /
#2433000000
0,
b0010001001110001 .
b001000100111001 0
#2433250000
1,
b0010001001110010 .
b001000100111001 /
#2433500000
0,
b0010001001110011 .
b001000100111010 0
#2433750000
1,
b0010001001110100 .
b001000100111010 /
#2434000000
0,
b0010001001110101 .
b001000100111011 0
#2434250000
1,
b0010001001110110 .
b001000100111011 /
#2434500000
0,
b0010001001110111 .
b001000100111100 0
#2434750000
1,
b0010001001111000 .
b001000100111100 /
#2435000000
0,
b0010001001111001 .
b001000100111101 0
#2435250000
1,
b0010001001111010 .
b001000100111101 /
#2435500000
0,
b0010001001111011 .
b001000100111110 0
#2435750000
1,
b0010001001111100 .
b001000100111110 /
#2436000000
0,
b0010001001111101 .
b001000100111111 0
#2436250000
1,
b0010001001111110 .
b001000100111111 /
#2436500000
0,
b0010001001111111 .
b001000101000000 0
#2436750000
1,
b0010001010000000 .
b001000101000000 /
#2437000000
0,
b0010001010000001 .
b001000101000001 0
#2437250000
1,
b0010001010000010 .
b001000101000001 /
#2437500000
0,
b0010001010000011 .
b001000101000010 0
#2437750000
1,
b0010001010000100 .
b001000101000010 /
#2438000000
0,
b0010001010000101 .
b001000101000011 0
#2438250000
1,
b0010001010000110 .
b001000101000011 /
#2438500000
0,
b0010001010000111 .
b001000101000100 0
#2438750000
1,
b0010001010001000 .
b001000101000100 /
#2439000000
0,
b0010001010001001 .
b001000101000101 0
#2439250000
1,
b0010001010001010 .
b001000101000101 /
#2439500000
0,
b0010001010001011 .
b001000101000110 0
#2439750000
1,
b0010001010001100 .
b001000101000110 /
#2440000000
0)
0,
b0010001010001101 .
b001000101000111 0
#2440250000
1,
b0010001010001110 .
b001000101000111 /
#2440500000
0,
b0010001010001111 .
b001000101001000 0
#2440750000
1,
b0010001010010000 .
b001000101001000 /
#2441000000
0,
b0010001010010001 .
b001000101001001 0
#2441250000
1,
b0010001010010010 .
b001000101001001 /
#2441500000
0,
b0010001010010011 .
b001000101001010 0
#2441750000
1,
b0010001010010100 .
b001000101001010 /
#2442000000
0,
b0010001010010101 .
b001000101001011 0
#2442250000
1,
b0010001010010110 .
b001000101001011 /
#2442500000
0,
b0010001010010111 .
b001000101001100 0
#2442750000
1,
b0010001010011000 .
b001000101001100 /
#2443000000
0,
b0010001010011001 .
b001000101001101 0
#2443250000
1,
b0010001010011010 .
b001000101001101 /
#2443500000
0,
b0010001010011011 .
b001000101001110 0
#2443750000
1,
b0010001010011100 .
b001000101001110 /
#2444000000
0,
b0010001010011101 .
b001000101001111 0
#2444250000
1,
b0010001010011110 .
b001000101001111 /
#2444500000
0,
b0010001010011111 .
b001000101010000 0
#2444750000
1,
b0010001010100000 .
b001000101010000 /
#2445000000
0,
b0010001010100001 .
b001000101010001 0
#2445250000
1,
b0010001010100010 .
b001000101010001 /
#2445500000
0,
b0010001010100011 .
b001000101010010 0
#2445750000
1,
b0010001010100100 .
b001000101010010 /
#2446000000
0,
b0010001010100101 .
b001000101010011 0
#2446250000
1,
b0010001010100110 .
b001000101010011 /
#2446500000
0,
b0010001010100111 .
b001000101010100 0
#2446750000
1,
b0010001010101000 .
b001000101010100 /
#2447000000
0,
b0010001010101001 .
b001000101010101 0
#2447250000
1,
b0010001010101010 .
b001000101010101 /
#2447500000
0,
b0010001010101011 .
b001000101010110 0
#2447750000
1,
b0010001010101100 .
b001000101010110 /
#2448000000
0,
b0010001010101101 .
b001000101010111 0
#2448250000
1,
b0010001010101110 .
b001000101010111 /
#2448500000
0,
b0010001010101111 .
b001000101011000 0
#2448750000
1,
b0010001010110000 .
b001000101011000 /
#2449000000
0,
b0010001010110001 .
b001000101011001 0
#2449250000
1,
b0010001010110010 .
b001000101011001 /
#2449500000
0,
b0010001010110011 .
b001000101011010 0
#2449750000
1,
b0010001010110100 .
b001000101011010 /
#2450000000
0,
b0010001010110101 .
b001000101011011 0
#2450250000
1,
b0010001010110110 .
b001000101011011 /
#2450500000
0,
b0010001010110111 .
b001000101011100 0
#2450750000
1,
b0010001010111000 .
b001000101011100 /
#2451000000
0,
b0010001010111001 .
b001000101011101 0
#2451250000
1,
b0010001010111010 .
b001000101011101 /
#2451500000
0,
b0010001010111011 .
b001000101011110 0
#2451750000
1,
b0010001010111100 .
b001000101011110 /
#2452000000
0,
b0010001010111101 .
b001000101011111 0
#2452250000
1,
b0010001010111110 .
b001000101011111 /
#2452500000
0,
b0010001010111111 .
b001000101100000 0
#2452750000
1,
b0010001011000000 .
b001000101100000 /
#2453000000
0,
b0010001011000001 .
b001000101100001 0
#2453250000
1,
b0010001011000010 .
b001000101100001 /
#2453500000
0,
b0010001011000011 .
b001000101100010 0
#2453750000
1,
b0010001011000100 .
b001000101100010 /
#2454000000
0,
b0010001011000101 .
b001000101100011 0
#2454250000
1,
b0010001011000110 .
b001000101100011 /
#2454500000
0,
b0010001011000111 .
b001000101100100 0
#2454750000
1,
b0010001011001000 .
b001000101100100 /
#2455000000
0,
b0010001011001001 .
b001000101100101 0
#2455250000
b01001001 (
1)
1,
b0010001011001010 .
b001000101100101 /
#2455500000
0,
b0010001011001011 .
b001000101100110 0
#2455750000
1,
b0010001011001100 .
b001000101100110 /
#2456000000
0,
b0010001011001101 .
b001000101100111 0
#2456250000
1,
b0010001011001110 .
b001000101100111 /
#2456500000
0,
b0010001011001111 .
b001000101101000 0
#2456750000
1,
b0010001011010000 .
b001000101101000 /
#2457000000
0,
b0010001011010001 .
b001000101101001 0
#2457250000
1,
b0010001011010010 .
b001000101101001 /
#2457500000
0,
b0010001011010011 .
b001000101101010 0
#2457750000
1,
b0010001011010100 .
b001000101101010 /
#2458000000
0,
b0010001011010101 .
b001000101101011 0
#2458250000
1,
b0010001011010110 .
b001000101101011 /
#2458500000
0,
b0010001011010111 .
b001000101101100 0
#2458750000
1,
b0010001011011000 .
b001000101101100 /
#2459000000
0,
b0010001011011001 .
b001000101101101 0
#2459250000
1,
b0010001011011010 .
b001000101101101 /
#2459500000
0,
b0010001011011011 .
b001000101101110 0
#2459750000
1,
b0010001011011100 .
b001000101101110 /
#2460000000
0,
b0010001011011101 .
b001000101101111 0
#2460250000
1,
b0010001011011110 .
b001000101101111 /
#2460500000
0,
b0010001011011111 .
b001000101110000 0
#2460750000
1,
b0010001011100000 .
b001000101110000 /
#2461000000
0,
b0010001011100001 .
b001000101110001 0
#2461250000
1,
b0010001011100010 .
b001000101110001 /
#2461500000
0,
b0010001011100011 .
b001000101110010 0
#2461750000
1,
b0010001011100100 .
b001000101110010 /
#2462000000
0,
b0010001011100101 .
b001000101110011 0
#2462250000
1,
b0010001011100110 .
b001000101110011 /
#2462500000
0,
b0010001011100111 .
b001000101110100 0
#2462750000
1,
b0010001011101000 .
b001000101110100 /
#2463000000
0,
b0010001011101001 .
b001000101110101 0
#2463250000
1,
b0010001011101010 .
b001000101110101 /
#2463500000
0,
b0010001011101011 .
b001000101110110 0
#2463750000
1,
b0010001011101100 .
b001000101110110 /
#2464000000
0,
b0010001011101101 .
b001000101110111 0
#2464250000
1,
b0010001011101110 .
b001000101110111 /
#2464500000
0,
b0010001011101111 .
b001000101111000 0
#2464750000
1,
b0010001011110000 .
b001000101111000 /
#2465000000
0,
b0010001011110001 .
b001000101111001 0
#2465250000
1,
b0010001011110010 .
b001000101111001 /
#2465500000
0,
b0010001011110011 .
b001000101111010 0
#2465750000
1,
b0010001011110100 .
b001000101111010 /
#2466000000
0,
b0010001011110101 .
b001000101111011 0
#2466250000
1,
b0010001011110110 .
b001000101111011 /
#2466500000
0,
b0010001011110111 .
b001000101111100 0
#2466750000
1,
b0010001011111000 .
b001000101111100 /
#2467000000
0,
b0010001011111001 .
b001000101111101 0
#2467250000
1,
b0010001011111010 .
b001000101111101 /
#2467500000
0,
b0010001011111011 .
b001000101111110 0
#2467750000
1,
b0010001011111100 .
b001000101111110 /
#2468000000
0,
b0010001011111101 .
b001000101111111 0
#2468250000
1,
b0010001011111110 .
b001000101111111 /
#2468500000
0,
b0010001011111111 .
b001000110000000 0
#2468750000
1,
b0010001100000000 .
b001000110000000 /
#2469000000
0,
b0010001100000001 .
b001000110000001 0
#2469250000
1,
b0010001100000010 .
b001000110000001 /
#2469500000
0,
b0010001100000011 .
b001000110000010 0
#2469750000
1,
b0010001100000100 .
b001000110000010 /
#2470000000
0,
b0010001100000101 .
b001000110000011 0
#2470250000
1,
b0010001100000110 .
b001000110000011 /
#2470500000
0)
0,
b0010001100000111 .
b001000110000100 0
#2470750000
1,
b0010001100001000 .
b001000110000100 /
#2471000000
0,
b0010001100001001 .
b001000110000101 0
#2471250000
1,
b0010001100001010 .
b001000110000101 /
#2471500000
0,
b0010001100001011 .
b001000110000110 0
#2471750000
1,
b0010001100001100 .
b001000110000110 /
#2472000000
0,
b0010001100001101 .
b001000110000111 0
#2472250000
1,
b0010001100001110 .
b001000110000111 /
#2472500000
0,
b0010001100001111 .
b001000110001000 0
#2472750000
1,
b0010001100010000 .
b001000110001000 /
#2473000000
0,
b0010001100010001 .
b001000110001001 0
#2473250000
1,
b0010001100010010 .
b001000110001001 /
#2473500000
0,
b0010001100010011 .
b001000110001010 0
#2473750000
1,
b0010001100010100 .
b001000110001010 /
#2474000000
0,
b0010001100010101 .
b001000110001011 0
#2474250000
1,
b0010001100010110 .
b001000110001011 /
#2474500000
0,
b0010001100010111 .
b001000110001100 0
#2474750000
1,
b0010001100011000 .
b001000110001100 /
#2475000000
0,
b0010001100011001 .
b001000110001101 0
#2475250000
1,
b0010001100011010 .
b001000110001101 /
#2475500000
0,
b0010001100011011 .
b001000110001110 0
#2475750000
1,
b0010001100011100 .
b001000110001110 /
#2476000000
0,
b0010001100011101 .
b001000110001111 0
#2476250000
1,
b0010001100011110 .
b001000110001111 /
#2476500000
0,
b0010001100011111 .
b001000110010000 0
#2476750000
1,
b0010001100100000 .
b001000110010000 /
#2477000000
0,
b0010001100100001 .
b001000110010001 0
#2477250000
1,
b0010001100100010 .
b001000110010001 /
#2477500000
0,
b0010001100100011 .
b001000110010010 0
#2477750000
1,
b0010001100100100 .
b001000110010010 /
#2478000000
0,
b0010001100100101 .
b001000110010011 0
#2478250000
1,
b0010001100100110 .
b001000110010011 /
#2478500000
0,
b0010001100100111 .
b001000110010100 0
#2478750000
1,
b0010001100101000 .
b001000110010100 /
#2479000000
0,
b0010001100101001 .
b001000110010101 0
#2479250000
1,
b0010001100101010 .
b001000110010101 /
#2479500000
0,
b0010001100101011 .
b001000110010110 0
#2479750000
1,
b0010001100101100 .
b001000110010110 /
#2480000000
0,
b0010001100101101 .
b001000110010111 0
#2480250000
1,
b0010001100101110 .
b001000110010111 /
#2480500000
0,
b0010001100101111 .
b001000110011000 0
#2480750000
1,
b0010001100110000 .
b001000110011000 /
#2481000000
0,
b0010001100110001 .
b001000110011001 0
#2481250000
1,
b0010001100110010 .
b001000110011001 /
#2481500000
0,
b0010001100110011 .
b001000110011010 0
#2481750000
1,
b0010001100110100 .
b001000110011010 /
#2482000000
0,
b0010001100110101 .
b001000110011011 0
#2482250000
1,
b0010001100110110 .
b001000110011011 /
#2482500000
0,
b0010001100110111 .
b001000110011100 0
#2482750000
1,
b0010001100111000 .
b001000110011100 /
#2483000000
0,
b0010001100111001 .
b001000110011101 0
#2483250000
1,
b0010001100111010 .
b001000110011101 /
#2483500000
0,
b0010001100111011 .
b001000110011110 0
#2483750000
1,
b0010001100111100 .
b001000110011110 /
#2484000000
0,
b0010001100111101 .
b001000110011111 0
#2484250000
1,
b0010001100111110 .
b001000110011111 /
#2484500000
0,
b0010001100111111 .
b001000110100000 0
#2484750000
1,
b0010001101000000 .
b001000110100000 /
#2485000000
0,
b0010001101000001 .
b001000110100001 0
#2485250000
1,
b0010001101000010 .
b001000110100001 /
#2485500000
0,
b0010001101000011 .
b001000110100010 0
#2485750000
b01001010 (
1)
1,
b0010001101000100 .
b001000110100010 /
#2486000000
0,
b0010001101000101 .
b001000110100011 0
#2486250000
1,
b0010001101000110 .
b001000110100011 /
#2486500000
0,
b0010001101000111 .
b001000110100100 0
#2486750000
1,
b0010001101001000 .
b001000110100100 /
#2487000000
0,
b0010001101001001 .
b001000110100101 0
#2487250000
1,
b0010001101001010 .
b001000110100101 /
#2487500000
0,
b0010001101001011 .
b001000110100110 0
#2487750000
1,
b0010001101001100 .
b001000110100110 /
#2488000000
0,
b0010001101001101 .
b001000110100111 0
#2488250000
1,
b0010001101001110 .
b001000110100111 /
#2488500000
0,
b0010001101001111 .
b001000110101000 0
#2488750000
1,
b0010001101010000 .
b001000110101000 /
#2489000000
0,
b0010001101010001 .
b001000110101001 0
#2489250000
1,
b0010001101010010 .
b001000110101001 /
#2489500000
0,
b0010001101010011 .
b001000110101010 0
#2489750000
1,
b0010001101010100 .
b001000110101010 /
#2490000000
0,
b0010001101010101 .
b001000110101011 0
#2490250000
1,
b0010001101010110 .
b001000110101011 /
#2490500000
0,
b0010001101010111 .
b001000110101100 0
#2490750000
1,
b0010001101011000 .
b001000110101100 /
#2491000000
0,
b0010001101011001 .
b001000110101101 0
#2491250000
1,
b0010001101011010 .
b001000110101101 /
#2491500000
0,
b0010001101011011 .
b001000110101110 0
#2491750000
1,
b0010001101011100 .
b001000110101110 /
#2492000000
0,
b0010001101011101 .
b001000110101111 0
#2492250000
1,
b0010001101011110 .
b001000110101111 /
#2492500000
0,
b0010001101011111 .
b001000110110000 0
#2492750000
1,
b0010001101100000 .
b001000110110000 /
#2493000000
0,
b0010001101100001 .
b001000110110001 0
#2493250000
1,
b0010001101100010 .
b001000110110001 /
#2493500000
0,
b0010001101100011 .
b001000110110010 0
#2493750000
1,
b0010001101100100 .
b001000110110010 /
#2494000000
0,
b0010001101100101 .
b001000110110011 0
#2494250000
1,
b0010001101100110 .
b001000110110011 /
#2494500000
0,
b0010001101100111 .
b001000110110100 0
#2494750000
1,
b0010001101101000 .
b001000110110100 /
#2495000000
0,
b0010001101101001 .
b001000110110101 0
#2495250000
1,
b0010001101101010 .
b001000110110101 /
#2495500000
0,
b0010001101101011 .
b001000110110110 0
#2495750000
1,
b0010001101101100 .
b001000110110110 /
#2496000000
0,
b0010001101101101 .
b001000110110111 0
#2496250000
1,
b0010001101101110 .
b001000110110111 /
#2496500000
0,
b0010001101101111 .
b001000110111000 0
#2496750000
1,
b0010001101110000 .
b001000110111000 /
#2497000000
0,
b0010001101110001 .
b001000110111001 0
#2497250000
1,
b0010001101110010 .
b001000110111001 /
#2497500000
0,
b0010001101110011 .
b001000110111010 0
#2497750000
1,
b0010001101110100 .
b001000110111010 /
#2498000000
0,
b0010001101110101 .
b001000110111011 0
#2498250000
1,
b0010001101110110 .
b001000110111011 /
#2498500000
0,
b0010001101110111 .
b001000110111100 0
#2498750000
1,
b0010001101111000 .
b001000110111100 /
#2499000000
0,
b0010001101111001 .
b001000110111101 0
#2499250000
1,
b0010001101111010 .
b001000110111101 /
#2499500000
0,
b0010001101111011 .
b001000110111110 0
#2499750000
1,
b0010001101111100 .
b001000110111110 /
#2500000000
0,
b0010001101111101 .
b001000110111111 0
#2500250000
1,
b0010001101111110 .
b001000110111111 /
#2500500000
0,
b0010001101111111 .
b001000111000000 0
#2500750000
1,
b0010001110000000 .
b001000111000000 /
#2501000000
0)
0,
b0010001110000001 .
b001000111000001 0
#2501250000
1,
b0010001110000010 .
b001000111000001 /
#2501500000
0,
b0010001110000011 .
b001000111000010 0
#2501750000
1,
b0010001110000100 .
b001000111000010 /
#2502000000
0,
b0010001110000101 .
b001000111000011 0
#2502250000
1,
b0010001110000110 .
b001000111000011 /
#2502500000
0,
b0010001110000111 .
b001000111000100 0
#2502750000
1,
b0010001110001000 .
b001000111000100 /
#2503000000
0,
b0010001110001001 .
b001000111000101 0
#2503250000
1,
b0010001110001010 .
b001000111000101 /
#2503500000
0,
b0010001110001011 .
b001000111000110 0
#2503750000
1,
b0010001110001100 .
b001000111000110 /
#2504000000
0,
b0010001110001101 .
b001000111000111 0
#2504250000
1,
b0010001110001110 .
b001000111000111 /
#2504500000
0,
b0010001110001111 .
b001000111001000 0
#2504750000
1,
b0010001110010000 .
b001000111001000 /
#2505000000
0,
b0010001110010001 .
b001000111001001 0
#2505250000
1,
b0010001110010010 .
b001000111001001 /
#2505500000
0,
b0010001110010011 .
b001000111001010 0
#2505750000
1,
b0010001110010100 .
b001000111001010 /
#2506000000
0,
b0010001110010101 .
b001000111001011 0
#2506250000
1,
b0010001110010110 .
b001000111001011 /
#2506500000
0,
b0010001110010111 .
b001000111001100 0
#2506750000
1,
b0010001110011000 .
b001000111001100 /
#2507000000
0,
b0010001110011001 .
b001000111001101 0
#2507250000
1,
b0010001110011010 .
b001000111001101 /
#2507500000
0,
b0010001110011011 .
b001000111001110 0
#2507750000
1,
b0010001110011100 .
b001000111001110 /
#2508000000
0,
b0010001110011101 .
b001000111001111 0
#2508250000
1,
b0010001110011110 .
b001000111001111 /
#2508500000
0,
b0010001110011111 .
b001000111010000 0
#2508750000
1,
b0010001110100000 .
b001000111010000 /
#2509000000
0,
b0010001110100001 .
b001000111010001 0
#2509250000
1,
b0010001110100010 .
b001000111010001 /
#2509500000
0,
b0010001110100011 .
b001000111010010 0
#2509750000
1,
b0010001110100100 .
b001000111010010 /
#2510000000
0,
b0010001110100101 .
b001000111010011 0
#2510250000
1,
b0010001110100110 .
b001000111010011 /
#2510500000
0,
b0010001110100111 .
b001000111010100 0
#2510750000
1,
b0010001110101000 .
b001000111010100 /
#2511000000
0,
b0010001110101001 .
b001000111010101 0
#2511250000
1,
b0010001110101010 .
b001000111010101 /
#2511500000
0,
b0010001110101011 .
b001000111010110 0
#2511750000
1,
b0010001110101100 .
b001000111010110 /
#2512000000
0,
b0010001110101101 .
b001000111010111 0
#2512250000
1,
b0010001110101110 .
b001000111010111 /
#2512500000
0,
b0010001110101111 .
b001000111011000 0
#2512750000
1,
b0010001110110000 .
b001000111011000 /
#2513000000
0,
b0010001110110001 .
b001000111011001 0
#2513250000
1,
b0010001110110010 .
b001000111011001 /
#2513500000
0,
b0010001110110011 .
b001000111011010 0
#2513750000
1,
b0010001110110100 .
b001000111011010 /
#2514000000
0,
b0010001110110101 .
b001000111011011 0
#2514250000
1,
b0010001110110110 .
b001000111011011 /
#2514500000
0,
b0010001110110111 .
b001000111011100 0
#2514750000
1,
b0010001110111000 .
b001000111011100 /
#2515000000
0,
b0010001110111001 .
b001000111011101 0
#2515250000
1,
b0010001110111010 .
b001000111011101 /
#2515500000
0,
b0010001110111011 .
b001000111011110 0
#2515750000
1,
b0010001110111100 .
b001000111011110 /
#2516000000
0,
b0010001110111101 .
b001000111011111 0
#2516250000
b01001011 (
1)
1,
b0010001110111110 .
b001000111011111 /
#2516500000
0,
b0010001110111111 .
b001000111100000 0
#2516750000
1,
b0010001111000000 .
b001000111100000 /
#2517000000
0,
b0010001111000001 .
b001000111100001 0
#2517250000
1,
b0010001111000010 .
b001000111100001 /
#2517500000
0,
b0010001111000011 .
b001000111100010 0
#2517750000
1,
b0010001111000100 .
b001000111100010 /
#2518000000
0,
b0010001111000101 .
b001000111100011 0
#2518250000
1,
b0010001111000110 .
b001000111100011 /
#2518500000
0,
b0010001111000111 .
b001000111100100 0
#2518750000
1,
b0010001111001000 .
b001000111100100 /
#2519000000
0,
b0010001111001001 .
b001000111100101 0
#2519250000
1,
b0010001111001010 .
b001000111100101 /
#2519500000
0,
b0010001111001011 .
b001000111100110 0
#2519750000
1,
b0010001111001100 .
b001000111100110 /
#2520000000
0,
b0010001111001101 .
b001000111100111 0
#2520250000
1,
b0010001111001110 .
b001000111100111 /
#2520500000
0,
b0010001111001111 .
b001000111101000 0
#2520750000
1,
b0010001111010000 .
b001000111101000 /
#2521000000
0,
b0010001111010001 .
b001000111101001 0
#2521250000
1,
b0010001111010010 .
b001000111101001 /
#2521500000
0,
b0010001111010011 .
b001000111101010 0
#2521750000
1,
b0010001111010100 .
b001000111101010 /
#2522000000
0,
b0010001111010101 .
b001000111101011 0
#2522250000
1,
b0010001111010110 .
b001000111101011 /
#2522500000
0,
b0010001111010111 .
b001000111101100 0
#2522750000
1,
b0010001111011000 .
b001000111101100 /
#2523000000
0,
b0010001111011001 .
b001000111101101 0
#2523250000
1,
b0010001111011010 .
b001000111101101 /
#2523500000
0,
b0010001111011011 .
b001000111101110 0
#2523750000
1,
b0010001111011100 .
b001000111101110 /
#2524000000
0,
b0010001111011101 .
b001000111101111 0
#2524250000
1,
b0010001111011110 .
b001000111101111 /
#2524500000
0,
b0010001111011111 .
b001000111110000 0
#2524750000
1,
b0010001111100000 .
b001000111110000 /
#2525000000
0,
b0010001111100001 .
b001000111110001 0
#2525250000
1,
b0010001111100010 .
b001000111110001 /
#2525500000
0,
b0010001111100011 .
b001000111110010 0
#2525750000
1,
b0010001111100100 .
b001000111110010 /
#2526000000
0,
b0010001111100101 .
b001000111110011 0
#2526250000
1,
b0010001111100110 .
b001000111110011 /
#2526500000
0,
b0010001111100111 .
b001000111110100 0
#2526750000
1,
b0010001111101000 .
b001000111110100 /
#2527000000
0,
b0010001111101001 .
b001000111110101 0
#2527250000
1,
b0010001111101010 .
b001000111110101 /
#2527500000
0,
b0010001111101011 .
b001000111110110 0
#2527750000
1,
b0010001111101100 .
b001000111110110 /
#2528000000
0,
b0010001111101101 .
b001000111110111 0
#2528250000
1,
b0010001111101110 .
b001000111110111 /
#2528500000
0,
b0010001111101111 .
b001000111111000 0
#2528750000
1,
b0010001111110000 .
b001000111111000 /
#2529000000
0,
b0010001111110001 .
b001000111111001 0
#2529250000
1,
b0010001111110010 .
b001000111111001 /
#2529500000
0,
b0010001111110011 .
b001000111111010 0
#2529750000
1,
b0010001111110100 .
b001000111111010 /
#2530000000
0,
b0010001111110101 .
b001000111111011 0
#2530250000
1,
b0010001111110110 .
b001000111111011 /
#2530500000
0,
b0010001111110111 .
b001000111111100 0
#2530750000
1,
b0010001111111000 .
b001000111111100 /
#2531000000
0,
b0010001111111001 .
b001000111111101 0
#2531250000
1,
b0010001111111010 .
b001000111111101 /
#2531500000
0)
0,
b0010001111111011 .
b001000111111110 0
#2531750000
1,
b0010001111111100 .
b001000111111110 /
#2532000000
0,
b0010001111111101 .
b001000111111111 0
#2532250000
1,
b0010001111111110 .
b001000111111111 /
#2532500000
0,
b0010001111111111 .
b001001000000000 0
#2532750000
1,
b0010010000000000 .
b001001000000000 /
#2533000000
0,
b0010010000000001 .
b001001000000001 0
#2533250000
1,
b0010010000000010 .
b001001000000001 /
#2533500000
0,
b0010010000000011 .
b001001000000010 0
#2533750000
1,
b0010010000000100 .
b001001000000010 /
#2534000000
0,
b0010010000000101 .
b001001000000011 0
#2534250000
1,
b0010010000000110 .
b001001000000011 /
#2534500000
0,
b0010010000000111 .
b001001000000100 0
#2534750000
1,
b0010010000001000 .
b001001000000100 /
#2535000000
0,
b0010010000001001 .
b001001000000101 0
#2535250000
1,
b0010010000001010 .
b001001000000101 /
#2535500000
0,
b0010010000001011 .
b001001000000110 0
#2535750000
1,
b0010010000001100 .
b001001000000110 /
#2536000000
0,
b0010010000001101 .
b001001000000111 0
#2536250000
1,
b0010010000001110 .
b001001000000111 /
#2536500000
0,
b0010010000001111 .
b001001000001000 0
#2536750000
1,
b0010010000010000 .
b001001000001000 /
#2537000000
0,
b0010010000010001 .
b001001000001001 0
#2537250000
1,
b0010010000010010 .
b001001000001001 /
#2537500000
0,
b0010010000010011 .
b001001000001010 0
#2537750000
1,
b0010010000010100 .
b001001000001010 /
#2538000000
0,
b0010010000010101 .
b001001000001011 0
#2538250000
1,
b0010010000010110 .
b001001000001011 /
#2538500000
0,
b0010010000010111 .
b001001000001100 0
#2538750000
1,
b0010010000011000 .
b001001000001100 /
#2539000000
0,
b0010010000011001 .
b001001000001101 0
#2539250000
1,
b0010010000011010 .
b001001000001101 /
#2539500000
0,
b0010010000011011 .
b001001000001110 0
#2539750000
1,
b0010010000011100 .
b001001000001110 /
#2540000000
0,
b0010010000011101 .
b001001000001111 0
#2540250000
1,
b0010010000011110 .
b001001000001111 /
#2540500000
0,
b0010010000011111 .
b001001000010000 0
#2540750000
1,
b0010010000100000 .
b001001000010000 /
#2541000000
0,
b0010010000100001 .
b001001000010001 0
#2541250000
1,
b0010010000100010 .
b001001000010001 /
#2541500000
0,
b0010010000100011 .
b001001000010010 0
#2541750000
1,
b0010010000100100 .
b001001000010010 /
#2542000000
0,
b0010010000100101 .
b001001000010011 0
#2542250000
1,
b0010010000100110 .
b001001000010011 /
#2542500000
0,
b0010010000100111 .
b001001000010100 0
#2542750000
1,
b0010010000101000 .
b001001000010100 /
#2543000000
0,
b0010010000101001 .
b001001000010101 0
#2543250000
1,
b0010010000101010 .
b001001000010101 /
#2543500000
0,
b0010010000101011 .
b001001000010110 0
#2543750000
1,
b0010010000101100 .
b001001000010110 /
#2544000000
0,
b0010010000101101 .
b001001000010111 0
#2544250000
1,
b0010010000101110 .
b001001000010111 /
#2544500000
0,
b0010010000101111 .
b001001000011000 0
#2544750000
1,
b0010010000110000 .
b001001000011000 /
#2545000000
0,
b0010010000110001 .
b001001000011001 0
#2545250000
1,
b0010010000110010 .
b001001000011001 /
#2545500000
0,
b0010010000110011 .
b001001000011010 0
#2545750000
1,
b0010010000110100 .
b001001000011010 /
#2546000000
0,
b0010010000110101 .
b001001000011011 0
#2546250000
1,
b0010010000110110 .
b001001000011011 /
#2546500000
0,
b0010010000110111 .
b001001000011100 0
#2546750000
b01001100 (
1)
1,
b0010010000111000 .
b001001000011100 /
#2547000000
0,
b0010010000111001 .
b001001000011101 0
#2547250000
1,
b0010010000111010 .
b001001000011101 /
#2547500000
0,
b0010010000111011 .
b001001000011110 0
#2547750000
1,
b0010010000111100 .
b001001000011110 /
#2548000000
0,
b0010010000111101 .
b001001000011111 0
#2548250000
1,
b0010010000111110 .
b001001000011111 /
#2548500000
0,
b0010010000111111 .
b001001000100000 0
#2548750000
1,
b0010010001000000 .
b001001000100000 /
#2549000000
0,
b0010010001000001 .
b001001000100001 0
#2549250000
1,
b0010010001000010 .
b001001000100001 /
#2549500000
0,
b0010010001000011 .
b001001000100010 0
#2549750000
1,
b0010010001000100 .
b001001000100010 /
#2550000000
0,
b0010010001000101 .
b001001000100011 0
#2550250000
1,
b0010010001000110 .
b001001000100011 /
#2550500000
0,
b0010010001000111 .
b001001000100100 0
#2550750000
1,
b0010010001001000 .
b001001000100100 /
#2551000000
0,
b0010010001001001 .
b001001000100101 0
#2551250000
1,
b0010010001001010 .
b001001000100101 /
#2551500000
0,
b0010010001001011 .
b001001000100110 0
#2551750000
1,
b0010010001001100 .
b001001000100110 /
#2552000000
0,
b0010010001001101 .
b001001000100111 0
#2552250000
1,
b0010010001001110 .
b001001000100111 /
#2552500000
0,
b0010010001001111 .
b001001000101000 0
#2552750000
1,
b0010010001010000 .
b001001000101000 /
#2553000000
0,
b0010010001010001 .
b001001000101001 0
#2553250000
1,
b0010010001010010 .
b001001000101001 /
#2553500000
0,
b0010010001010011 .
b001001000101010 0
#2553750000
1,
b0010010001010100 .
b001001000101010 /
#2554000000
0,
b0010010001010101 .
b001001000101011 0
#2554250000
1,
b0010010001010110 .
b001001000101011 /
#2554500000
0,
b0010010001010111 .
b001001000101100 0
#2554750000
1,
b0010010001011000 .
b001001000101100 /
#2555000000
0,
b0010010001011001 .
b001001000101101 0
#2555250000
1,
b0010010001011010 .
b001001000101101 /
#2555500000
0,
b0010010001011011 .
b001001000101110 0
#2555750000
1,
b0010010001011100 .
b001001000101110 /
#2556000000
0,
b0010010001011101 .
b001001000101111 0
#2556250000
1,
b0010010001011110 .
b001001000101111 /
#2556500000
0,
b0010010001011111 .
b001001000110000 0
#2556750000
1,
b0010010001100000 .
b001001000110000 /
#2557000000
0,
b0010010001100001 .
b001001000110001 0
#2557250000
1,
b0010010001100010 .
b001001000110001 /
#2557500000
0,
b0010010001100011 .
b001001000110010 0
#2557750000
1,
b0010010001100100 .
b001001000110010 /
#2558000000
0,
b0010010001100101 .
b001001000110011 0
#2558250000
1,
b0010010001100110 .
b001001000110011 /
#2558500000
0,
b0010010001100111 .
b001001000110100 0
#2558750000
1,
b0010010001101000 .
b001001000110100 /
#2559000000
0,
b0010010001101001 .
b001001000110101 0
#2559250000
1,
b0010010001101010 .
b001001000110101 /
#2559500000
0,
b0010010001101011 .
b001001000110110 0
#2559750000
1,
b0010010001101100 .
b001001000110110 /
#2560000000
0,
b0010010001101101 .
b001001000110111 0
#2560250000
1,
b0010010001101110 .
b001001000110111 /
#2560500000
0,
b0010010001101111 .
b001001000111000 0
#2560750000
1,
b0010010001110000 .
b001001000111000 /
#2561000000
0,
b0010010001110001 .
b001001000111001 0
#2561250000
1,
b0010010001110010 .
b001001000111001 /
#2561500000
0,
b0010010001110011 .
b001001000111010 0
#2561750000
1,
b0010010001110100 .
b001001000111010 /
#2562000000
0)
0,
b0010010001110101 .
b001001000111011 0
#2562250000
1,
b0010010001110110 .
b001001000111011 /
#2562500000
0,
b0010010001110111 .
b001001000111100 0
#2562750000
1,
b0010010001111000 .
b001001000111100 /
#2563000000
0,
b0010010001111001 .
b001001000111101 0
#2563250000
1,
b0010010001111010 .
b001001000111101 /
#2563500000
0,
b0010010001111011 .
b001001000111110 0
#2563750000
1,
b0010010001111100 .
b001001000111110 /
#2564000000
0,
b0010010001111101 .
b001001000111111 0
#2564250000
1,
b0010010001111110 .
b001001000111111 /
#2564500000
0,
b0010010001111111 .
b001001001000000 0
#2564750000
1,
b0010010010000000 .
b001001001000000 /
#2565000000
0,
b0010010010000001 .
b001001001000001 0
#2565250000
1,
b0010010010000010 .
b001001001000001 /
#2565500000
0,
b0010010010000011 .
b001001001000010 0
#2565750000
1,
b0010010010000100 .
b001001001000010 /
#2566000000
0,
b0010010010000101 .
b001001001000011 0
#2566250000
1,
b0010010010000110 .
b001001001000011 /
#2566500000
0,
b0010010010000111 .
b001001001000100 0
#2566750000
1,
b0010010010001000 .
b001001001000100 /
#2567000000
0,
b0010010010001001 .
b001001001000101 0
#2567250000
1,
b0010010010001010 .
b001001001000101 /
#2567500000
0,
b0010010010001011 .
b001001001000110 0
#2567750000
1,
b0010010010001100 .
b001001001000110 /
#2568000000
0,
b0010010010001101 .
b001001001000111 0
#2568250000
1,
b0010010010001110 .
b001001001000111 /
#2568500000
0,
b0010010010001111 .
b001001001001000 0
#2568750000
1,
b0010010010010000 .
b001001001001000 /
#2569000000
0,
b0010010010010001 .
b001001001001001 0
#2569250000
1,
b0010010010010010 .
b001001001001001 /
#2569500000
0,
b0010010010010011 .
b001001001001010 0
#2569750000
1,
b0010010010010100 .
b001001001001010 /
#2570000000
0,
b0010010010010101 .
b001001001001011 0
#2570250000
1,
b0010010010010110 .
b001001001001011 /
#2570500000
0,
b0010010010010111 .
b001001001001100 0
#2570750000
1,
b0010010010011000 .
b001001001001100 /
#2571000000
0,
b0010010010011001 .
b001001001001101 0
#2571250000
1,
b0010010010011010 .
b001001001001101 /
#2571500000
0,
b0010010010011011 .
b001001001001110 0
#2571750000
1,
b0010010010011100 .
b001001001001110 /
#2572000000
0,
b0010010010011101 .
b001001001001111 0
#2572250000
1,
b0010010010011110 .
b001001001001111 /
#2572500000
0,
b0010010010011111 .
b001001001010000 0
#2572750000
1,
b0010010010100000 .
b001001001010000 /
#2573000000
0,
b0010010010100001 .
b001001001010001 0
#2573250000
1,
b0010010010100010 .
b001001001010001 /
#2573500000
0,
b0010010010100011 .
b001001001010010 0
#2573750000
1,
b0010010010100100 .
b001001001010010 /
#2574000000
0,
b0010010010100101 .
b001001001010011 0
#2574250000
1,
b0010010010100110 .
b001001001010011 /
#2574500000
0,
b0010010010100111 .
b001001001010100 0
#2574750000
1,
b0010010010101000 .
b001001001010100 /
#2575000000
0,
b0010010010101001 .
b001001001010101 0
#2575250000
1,
b0010010010101010 .
b001001001010101 /
#2575500000
0,
b0010010010101011 .
b001001001010110 0
#2575750000
1,
b0010010010101100 .
b001001001010110 /
#2576000000
0,
b0010010010101101 .
b001001001010111 0
#2576250000
1,
b0010010010101110 .
b001001001010111 /
#2576500000
0,
b0010010010101111 .
b001001001011000 0
#2576750000
1,
b0010010010110000 .
b001001001011000 /
#2577000000
0,
b0010010010110001 .
b001001001011001 0
#2577250000
b01001101 (
1)
1,
b0010010010110010 .
b001001001011001 /
#2577500000
0,
b0010010010110011 .
b001001001011010 0
#2577750000
1,
b0010010010110100 .
b001001001011010 /
#2578000000
0,
b0010010010110101 .
b001001001011011 0
#2578250000
1,
b0010010010110110 .
b001001001011011 /
#2578500000
0,
b0010010010110111 .
b001001001011100 0
#2578750000
1,
b0010010010111000 .
b001001001011100 /
#2579000000
0,
b0010010010111001 .
b001001001011101 0
#2579250000
1,
b0010010010111010 .
b001001001011101 /
#2579500000
0,
b0010010010111011 .
b001001001011110 0
#2579750000
1,
b0010010010111100 .
b001001001011110 /
#2580000000
0,
b0010010010111101 .
b001001001011111 0
#2580250000
1,
b0010010010111110 .
b001001001011111 /
#2580500000
0,
b0010010010111111 .
b001001001100000 0
#2580750000
1,
b0010010011000000 .
b001001001100000 /
#2581000000
0,
b0010010011000001 .
b001001001100001 0
#2581250000
1,
b0010010011000010 .
b001001001100001 /
#2581500000
0,
b0010010011000011 .
b001001001100010 0
#2581750000
1,
b0010010011000100 .
b001001001100010 /
#2582000000
0,
b0010010011000101 .
b001001001100011 0
#2582250000
1,
b0010010011000110 .
b001001001100011 /
#2582500000
0,
b0010010011000111 .
b001001001100100 0
#2582750000
1,
b0010010011001000 .
b001001001100100 /
#2583000000
0,
b0010010011001001 .
b001001001100101 0
#2583250000
1,
b0010010011001010 .
b001001001100101 /
#2583500000
0,
b0010010011001011 .
b001001001100110 0
#2583750000
1,
b0010010011001100 .
b001001001100110 /
#2584000000
0,
b0010010011001101 .
b001001001100111 0
#2584250000
1,
b0010010011001110 .
b001001001100111 /
#2584500000
0,
b0010010011001111 .
b001001001101000 0
#2584750000
1,
b0010010011010000 .
b001001001101000 /
#2585000000
0,
b0010010011010001 .
b001001001101001 0
#2585250000
1,
b0010010011010010 .
b001001001101001 /
#2585500000
0,
b0010010011010011 .
b001001001101010 0
#2585750000
1,
b0010010011010100 .
b001001001101010 /
#2586000000
0,
b0010010011010101 .
b001001001101011 0
#2586250000
1,
b0010010011010110 .
b001001001101011 /
#2586500000
0,
b0010010011010111 .
b001001001101100 0
#2586750000
1,
b0010010011011000 .
b001001001101100 /
#2587000000
0,
b0010010011011001 .
b001001001101101 0
#2587250000
1,
b0010010011011010 .
b001001001101101 /
#2587500000
0,
b0010010011011011 .
b001001001101110 0
#2587750000
1,
b0010010011011100 .
b001001001101110 /
#2588000000
0,
b0010010011011101 .
b001001001101111 0
#2588250000
1,
b0010010011011110 .
b001001001101111 /
#2588500000
0,
b0010010011011111 .
b001001001110000 0
#2588750000
1,
b0010010011100000 .
b001001001110000 /
#2589000000
0,
b0010010011100001 .
b001001001110001 0
#2589250000
1,
b0010010011100010 .
b001001001110001 /
#2589500000
0,
b0010010011100011 .
b001001001110010 0
#2589750000
1,
b0010010011100100 .
b001001001110010 /
#2590000000
0,
b0010010011100101 .
b001001001110011 0
#2590250000
1,
b0010010011100110 .
b001001001110011 /
#2590500000
0,
b0010010011100111 .
b001001001110100 0
#2590750000
1,
b0010010011101000 .
b001001001110100 /
#2591000000
0,
b0010010011101001 .
b001001001110101 0
#2591250000
1,
b0010010011101010 .
b001001001110101 /
#2591500000
0,
b0010010011101011 .
b001001001110110 0
#2591750000
1,
b0010010011101100 .
b001001001110110 /
#2592000000
0,
b0010010011101101 .
b001001001110111 0
#2592250000
1,
b0010010011101110 .
b001001001110111 /
#2592500000
0)
0,
b0010010011101111 .
b001001001111000 0
#2592750000
1,
b0010010011110000 .
b001001001111000 /
#2593000000
0,
b0010010011110001 .
b001001001111001 0
#2593250000
1,
b0010010011110010 .
b001001001111001 /
#2593500000
0,
b0010010011110011 .
b001001001111010 0
#2593750000
1,
b0010010011110100 .
b001001001111010 /
#2594000000
0,
b0010010011110101 .
b001001001111011 0
#2594250000
1,
b0010010011110110 .
b001001001111011 /
#2594500000
0,
b0010010011110111 .
b001001001111100 0
#2594750000
1,
b0010010011111000 .
b001001001111100 /
#2595000000
0,
b0010010011111001 .
b001001001111101 0
#2595250000
1,
b0010010011111010 .
b001001001111101 /
#2595500000
0,
b0010010011111011 .
b001001001111110 0
#2595750000
1,
b0010010011111100 .
b001001001111110 /
#2596000000
0,
b0010010011111101 .
b001001001111111 0
#2596250000
1,
b0010010011111110 .
b001001001111111 /
#2596500000
0,
b0010010011111111 .
b001001010000000 0
#2596750000
1,
b0010010100000000 .
b001001010000000 /
#2597000000
0,
b0010010100000001 .
b001001010000001 0
#2597250000
1,
b0010010100000010 .
b001001010000001 /
#2597500000
0,
b0010010100000011 .
b001001010000010 0
#2597750000
1,
b0010010100000100 .
b001001010000010 /
#2598000000
0,
b0010010100000101 .
b001001010000011 0
#2598250000
1,
b0010010100000110 .
b001001010000011 /
#2598500000
0,
b0010010100000111 .
b001001010000100 0
#2598750000
1,
b0010010100001000 .
b001001010000100 /
#2599000000
0,
b0010010100001001 .
b001001010000101 0
#2599250000
1,
b0010010100001010 .
b001001010000101 /
#2599500000
0,
b0010010100001011 .
b001001010000110 0
#2599750000
1,
b0010010100001100 .
b001001010000110 /
#2600000000
0,
b0010010100001101 .
b001001010000111 0
#2600250000
1,
b0010010100001110 .
b001001010000111 /
#2600500000
0,
b0010010100001111 .
b001001010001000 0
#2600750000
1,
b0010010100010000 .
b001001010001000 /
#2601000000
0,
b0010010100010001 .
b001001010001001 0
#2601250000
1,
b0010010100010010 .
b001001010001001 /
#2601500000
0,
b0010010100010011 .
b001001010001010 0
#2601750000
1,
b0010010100010100 .
b001001010001010 /
#2602000000
0,
b0010010100010101 .
b001001010001011 0
#2602250000
1,
b0010010100010110 .
b001001010001011 /
#2602500000
0,
b0010010100010111 .
b001001010001100 0
#2602750000
1,
b0010010100011000 .
b001001010001100 /
#2603000000
0,
b0010010100011001 .
b001001010001101 0
#2603250000
1,
b0010010100011010 .
b001001010001101 /
#2603500000
0,
b0010010100011011 .
b001001010001110 0
#2603750000
1,
b0010010100011100 .
b001001010001110 /
#2604000000
0,
b0010010100011101 .
b001001010001111 0
#2604250000
1,
b0010010100011110 .
b001001010001111 /
#2604500000
0,
b0010010100011111 .
b001001010010000 0
#2604750000
1,
b0010010100100000 .
b001001010010000 /
#2605000000
0,
b0010010100100001 .
b001001010010001 0
#2605250000
1,
b0010010100100010 .
b001001010010001 /
#2605500000
0,
b0010010100100011 .
b001001010010010 0
#2605750000
1,
b0010010100100100 .
b001001010010010 /
#2606000000
0,
b0010010100100101 .
b001001010010011 0
#2606250000
1,
b0010010100100110 .
b001001010010011 /
#2606500000
0,
b0010010100100111 .
b001001010010100 0
#2606750000
1,
b0010010100101000 .
b001001010010100 /
#2607000000
0,
b0010010100101001 .
b001001010010101 0
#2607250000
1,
b0010010100101010 .
b001001010010101 /
#2607500000
0,
b0010010100101011 .
b001001010010110 0
#2607750000
b01001110 (
1)
1,
b0010010100101100 .
b001001010010110 /
#2608000000
0,
b0010010100101101 .
b001001010010111 0
#2608250000
1,
b0010010100101110 .
b001001010010111 /
#2608500000
0,
b0010010100101111 .
b001001010011000 0
#2608750000
1,
b0010010100110000 .
b001001010011000 /
#2609000000
0,
b0010010100110001 .
b001001010011001 0
#2609250000
1,
b0010010100110010 .
b001001010011001 /
#2609500000
0,
b0010010100110011 .
b001001010011010 0
#2609750000
1,
b0010010100110100 .
b001001010011010 /
#2610000000
0,
b0010010100110101 .
b001001010011011 0
#2610250000
1,
b0010010100110110 .
b001001010011011 /
#2610500000
0,
b0010010100110111 .
b001001010011100 0
#2610750000
1,
b0010010100111000 .
b001001010011100 /
#2611000000
0,
b0010010100111001 .
b001001010011101 0
#2611250000
1,
b0010010100111010 .
b001001010011101 /
#2611500000
0,
b0010010100111011 .
b001001010011110 0
#2611750000
1,
b0010010100111100 .
b001001010011110 /
#2612000000
0,
b0010010100111101 .
b001001010011111 0
#2612250000
1,
b0010010100111110 .
b001001010011111 /
#2612500000
0,
b0010010100111111 .
b001001010100000 0
#2612750000
1,
b0010010101000000 .
b001001010100000 /
#2613000000
0,
b0010010101000001 .
b001001010100001 0
#2613250000
1,
b0010010101000010 .
b001001010100001 /
#2613500000
0,
b0010010101000011 .
b001001010100010 0
#2613750000
1,
b0010010101000100 .
b001001010100010 /
#2614000000
0,
b0010010101000101 .
b001001010100011 0
#2614250000
1,
b0010010101000110 .
b001001010100011 /
#2614500000
0,
b0010010101000111 .
b001001010100100 0
#2614750000
1,
b0010010101001000 .
b001001010100100 /
#2615000000
0,
b0010010101001001 .
b001001010100101 0
#2615250000
1,
b0010010101001010 .
b001001010100101 /
#2615500000
0,
b0010010101001011 .
b001001010100110 0
#2615750000
1,
b0010010101001100 .
b001001010100110 /
#2616000000
0,
b0010010101001101 .
b001001010100111 0
#2616250000
1,
b0010010101001110 .
b001001010100111 /
#2616500000
0,
b0010010101001111 .
b001001010101000 0
#2616750000
1,
b0010010101010000 .
b001001010101000 /
#2617000000
0,
b0010010101010001 .
b001001010101001 0
#2617250000
1,
b0010010101010010 .
b001001010101001 /
#2617500000
0,
b0010010101010011 .
b001001010101010 0
#2617750000
1,
b0010010101010100 .
b001001010101010 /
#2618000000
0,
b0010010101010101 .
b001001010101011 0
#2618250000
1,
b0010010101010110 .
b001001010101011 /
#2618500000
0,
b0010010101010111 .
b001001010101100 0
#2618750000
1,
b0010010101011000 .
b001001010101100 /
#2619000000
0,
b0010010101011001 .
b001001010101101 0
#2619250000
1,
b0010010101011010 .
b001001010101101 /
#2619500000
0,
b0010010101011011 .
b001001010101110 0
#2619750000
1,
b0010010101011100 .
b001001010101110 /
#2620000000
0,
b0010010101011101 .
b001001010101111 0
#2620250000
1,
b0010010101011110 .
b001001010101111 /
#2620500000
0,
b0010010101011111 .
b001001010110000 0
#2620750000
1,
b0010010101100000 .
b001001010110000 /
#2621000000
0,
b0010010101100001 .
b001001010110001 0
#2621250000
1,
b0010010101100010 .
b001001010110001 /
#2621500000
0,
b0010010101100011 .
b001001010110010 0
#2621750000
1,
b0010010101100100 .
b001001010110010 /
#2622000000
0,
b0010010101100101 .
b001001010110011 0
#2622250000
1,
b0010010101100110 .
b001001010110011 /
#2622500000
0,
b0010010101100111 .
b001001010110100 0
#2622750000
1,
b0010010101101000 .
b001001010110100 /
#2623000000
0)
0,
b0010010101101001 .
b001001010110101 0
#2623250000
1,
b0010010101101010 .
b001001010110101 /
#2623500000
0,
b0010010101101011 .
b001001010110110 0
#2623750000
1,
b0010010101101100 .
b001001010110110 /
#2624000000
0,
b0010010101101101 .
b001001010110111 0
#2624250000
1,
b0010010101101110 .
b001001010110111 /
#2624500000
0,
b0010010101101111 .
b001001010111000 0
#2624750000
1,
b0010010101110000 .
b001001010111000 /
#2625000000
0,
b0010010101110001 .
b001001010111001 0
#2625250000
1,
b0010010101110010 .
b001001010111001 /
#2625500000
0,
b0010010101110011 .
b001001010111010 0
#2625750000
1,
b0010010101110100 .
b001001010111010 /
#2626000000
0,
b0010010101110101 .
b001001010111011 0
#2626250000
1,
b0010010101110110 .
b001001010111011 /
#2626500000
0,
b0010010101110111 .
b001001010111100 0
#2626750000
1,
b0010010101111000 .
b001001010111100 /
#2627000000
0,
b0010010101111001 .
b001001010111101 0
#2627250000
1,
b0010010101111010 .
b001001010111101 /
#2627500000
0,
b0010010101111011 .
b001001010111110 0
#2627750000
1,
b0010010101111100 .
b001001010111110 /
#2628000000
0,
b0010010101111101 .
b001001010111111 0
#2628250000
1,
b0010010101111110 .
b001001010111111 /
#2628500000
0,
b0010010101111111 .
b001001011000000 0
#2628750000
1,
b0010010110000000 .
b001001011000000 /
#2629000000
0,
b0010010110000001 .
b001001011000001 0
#2629250000
1,
b0010010110000010 .
b001001011000001 /
#2629500000
0,
b0010010110000011 .
b001001011000010 0
#2629750000
1,
b0010010110000100 .
b001001011000010 /
#2630000000
0,
b0010010110000101 .
b001001011000011 0
#2630250000
1,
b0010010110000110 .
b001001011000011 /
#2630500000
0,
b0010010110000111 .
b001001011000100 0
#2630750000
1,
b0010010110001000 .
b001001011000100 /
#2631000000
0,
b0010010110001001 .
b001001011000101 0
#2631250000
1,
b0010010110001010 .
b001001011000101 /
#2631500000
0,
b0010010110001011 .
b001001011000110 0
#2631750000
1,
b0010010110001100 .
b001001011000110 /
#2632000000
0,
b0010010110001101 .
b001001011000111 0
#2632250000
1,
b0010010110001110 .
b001001011000111 /
#2632500000
0,
b0010010110001111 .
b001001011001000 0
#2632750000
1,
b0010010110010000 .
b001001011001000 /
#2633000000
0,
b0010010110010001 .
b001001011001001 0
#2633250000
1,
b0010010110010010 .
b001001011001001 /
#2633500000
0,
b0010010110010011 .
b001001011001010 0
#2633750000
1,
b0010010110010100 .
b001001011001010 /
#2634000000
0,
b0010010110010101 .
b001001011001011 0
#2634250000
1,
b0010010110010110 .
b001001011001011 /
#2634500000
0,
b0010010110010111 .
b001001011001100 0
#2634750000
1,
b0010010110011000 .
b001001011001100 /
#2635000000
0,
b0010010110011001 .
b001001011001101 0
#2635250000
1,
b0010010110011010 .
b001001011001101 /
#2635500000
0,
b0010010110011011 .
b001001011001110 0
#2635750000
1,
b0010010110011100 .
b001001011001110 /
#2636000000
0,
b0010010110011101 .
b001001011001111 0
#2636250000
1,
b0010010110011110 .
b001001011001111 /
#2636500000
0,
b0010010110011111 .
b001001011010000 0
#2636750000
1,
b0010010110100000 .
b001001011010000 /
#2637000000
0,
b0010010110100001 .
b001001011010001 0
#2637250000
1,
b0010010110100010 .
b001001011010001 /
#2637500000
0,
b0010010110100011 .
b001001011010010 0
#2637750000
1,
b0010010110100100 .
b001001011010010 /
#2638000000
0,
b0010010110100101 .
b001001011010011 0
#2638250000
b01001111 (
1)
1,
b0010010110100110 .
b001001011010011 /
#2638500000
0,
b0010010110100111 .
b001001011010100 0
#2638750000
1,
b0010010110101000 .
b001001011010100 /
#2639000000
0,
b0010010110101001 .
b001001011010101 0
#2639250000
1,
b0010010110101010 .
b001001011010101 /
#2639500000
0,
b0010010110101011 .
b001001011010110 0
#2639750000
1,
b0010010110101100 .
b001001011010110 /
#2640000000
0,
b0010010110101101 .
b001001011010111 0
#2640250000
1,
b0010010110101110 .
b001001011010111 /
#2640500000
0,
b0010010110101111 .
b001001011011000 0
#2640750000
1,
b0010010110110000 .
b001001011011000 /
#2641000000
0,
b0010010110110001 .
b001001011011001 0
#2641250000
1,
b0010010110110010 .
b001001011011001 /
#2641500000
0,
b0010010110110011 .
b001001011011010 0
#2641750000
1,
b0010010110110100 .
b001001011011010 /
#2642000000
0,
b0010010110110101 .
b001001011011011 0
#2642250000
1,
b0010010110110110 .
b001001011011011 /
#2642500000
0,
b0010010110110111 .
b001001011011100 0
#2642750000
1,
b0010010110111000 .
b001001011011100 /
#2643000000
0,
b0010010110111001 .
b001001011011101 0
#2643250000
1,
b0010010110111010 .
b001001011011101 /
#2643500000
0,
b0010010110111011 .
b001001011011110 0
#2643750000
1,
b0010010110111100 .
b001001011011110 /
#2644000000
0,
b0010010110111101 .
b001001011011111 0
#2644250000
1,
b0010010110111110 .
b001001011011111 /
#2644500000
0,
b0010010110111111 .
b001001011100000 0
#2644750000
1,
b0010010111000000 .
b001001011100000 /
#2645000000
0,
b0010010111000001 .
b001001011100001 0
#2645250000
1,
b0010010111000010 .
b001001011100001 /
#2645500000
0,
b0010010111000011 .
b001001011100010 0
#2645750000
1,
b0010010111000100 .
b001001011100010 /
#2646000000
0,
b0010010111000101 .
b001001011100011 0
#2646250000
1,
b0010010111000110 .
b001001011100011 /
#2646500000
0,
b0010010111000111 .
b001001011100100 0
#2646750000
1,
b0010010111001000 .
b001001011100100 /
#2647000000
0,
b0010010111001001 .
b001001011100101 0
#2647250000
1,
b0010010111001010 .
b001001011100101 /
#2647500000
0,
b0010010111001011 .
b001001011100110 0
#2647750000
1,
b0010010111001100 .
b001001011100110 /
#2648000000
0,
b0010010111001101 .
b001001011100111 0
#2648250000
1,
b0010010111001110 .
b001001011100111 /
#2648500000
0,
b0010010111001111 .
b001001011101000 0
#2648750000
1,
b0010010111010000 .
b001001011101000 /
#2649000000
0,
b0010010111010001 .
b001001011101001 0
#2649250000
1,
b0010010111010010 .
b001001011101001 /
#2649500000
0,
b0010010111010011 .
b001001011101010 0
#2649750000
1,
b0010010111010100 .
b001001011101010 /
#2650000000
0,
b0010010111010101 .
b001001011101011 0
#2650250000
1,
b0010010111010110 .
b001001011101011 /
#2650500000
0,
b0010010111010111 .
b001001011101100 0
#2650750000
1,
b0010010111011000 .
b001001011101100 /
#2651000000
0,
b0010010111011001 .
b001001011101101 0
#2651250000
1,
b0010010111011010 .
b001001011101101 /
#2651500000
0,
b0010010111011011 .
b001001011101110 0
#2651750000
1,
b0010010111011100 .
b001001011101110 /
#2652000000
0,
b0010010111011101 .
b001001011101111 0
#2652250000
1,
b0010010111011110 .
b001001011101111 /
#2652500000
0,
b0010010111011111 .
b001001011110000 0
#2652750000
1,
b0010010111100000 .
b001001011110000 /
#2653000000
0,
b0010010111100001 .
b001001011110001 0
#2653250000
1,
b0010010111100010 .
b001001011110001 /
#2653500000
0)
0,
b0010010111100011 .
b001001011110010 0
#2653750000
1,
b0010010111100100 .
b001001011110010 /
#2654000000
0,
b0010010111100101 .
b001001011110011 0
#2654250000
1,
b0010010111100110 .
b001001011110011 /
#2654500000
0,
b0010010111100111 .
b001001011110100 0
#2654750000
1,
b0010010111101000 .
b001001011110100 /
#2655000000
0,
b0010010111101001 .
b001001011110101 0
#2655250000
1,
b0010010111101010 .
b001001011110101 /
#2655500000
0,
b0010010111101011 .
b001001011110110 0
#2655750000
1,
b0010010111101100 .
b001001011110110 /
#2656000000
0,
b0010010111101101 .
b001001011110111 0
#2656250000
1,
b0010010111101110 .
b001001011110111 /
#2656500000
0,
b0010010111101111 .
b001001011111000 0
#2656750000
1,
b0010010111110000 .
b001001011111000 /
#2657000000
0,
b0010010111110001 .
b001001011111001 0
#2657250000
1,
b0010010111110010 .
b001001011111001 /
#2657500000
0,
b0010010111110011 .
b001001011111010 0
#2657750000
1,
b0010010111110100 .
b001001011111010 /
#2658000000
0,
b0010010111110101 .
b001001011111011 0
#2658250000
1,
b0010010111110110 .
b001001011111011 /
#2658500000
0,
b0010010111110111 .
b001001011111100 0
#2658750000
1,
b0010010111111000 .
b001001011111100 /
#2659000000
0,
b0010010111111001 .
b001001011111101 0
#2659250000
1,
b0010010111111010 .
b001001011111101 /
#2659500000
0,
b0010010111111011 .
b001001011111110 0
#2659750000
1,
b0010010111111100 .
b001001011111110 /
#2660000000
0,
b0010010111111101 .
b001001011111111 0
#2660250000
1,
b0010010111111110 .
b001001011111111 /
#2660500000
0,
b0010010111111111 .
b001001100000000 0
#2660750000
1,
b0010011000000000 .
b001001100000000 /
#2661000000
0,
b0010011000000001 .
b001001100000001 0
#2661250000
1,
b0010011000000010 .
b001001100000001 /
#2661500000
0,
b0010011000000011 .
b001001100000010 0
#2661750000
1,
b0010011000000100 .
b001001100000010 /
#2662000000
0,
b0010011000000101 .
b001001100000011 0
#2662250000
1,
b0010011000000110 .
b001001100000011 /
#2662500000
0,
b0010011000000111 .
b001001100000100 0
#2662750000
1,
b0010011000001000 .
b001001100000100 /
#2663000000
0,
b0010011000001001 .
b001001100000101 0
#2663250000
1,
b0010011000001010 .
b001001100000101 /
#2663500000
0,
b0010011000001011 .
b001001100000110 0
#2663750000
1,
b0010011000001100 .
b001001100000110 /
#2664000000
0,
b0010011000001101 .
b001001100000111 0
#2664250000
1,
b0010011000001110 .
b001001100000111 /
#2664500000
0,
b0010011000001111 .
b001001100001000 0
#2664750000
1,
b0010011000010000 .
b001001100001000 /
#2665000000
0,
b0010011000010001 .
b001001100001001 0
#2665250000
1,
b0010011000010010 .
b001001100001001 /
#2665500000
0,
b0010011000010011 .
b001001100001010 0
#2665750000
1,
b0010011000010100 .
b001001100001010 /
#2666000000
0,
b0010011000010101 .
b001001100001011 0
#2666250000
1,
b0010011000010110 .
b001001100001011 /
#2666500000
0,
b0010011000010111 .
b001001100001100 0
#2666750000
1,
b0010011000011000 .
b001001100001100 /
#2667000000
0,
b0010011000011001 .
b001001100001101 0
#2667250000
1,
b0010011000011010 .
b001001100001101 /
#2667500000
0,
b0010011000011011 .
b001001100001110 0
#2667750000
1,
b0010011000011100 .
b001001100001110 /
#2668000000
0,
b0010011000011101 .
b001001100001111 0
#2668250000
1,
b0010011000011110 .
b001001100001111 /
#2668500000
0,
b0010011000011111 .
b001001100010000 0
#2668750000
b01010000 (
1)
1,
b0010011000100000 .
b001001100010000 /
#2669000000
0,
b0010011000100001 .
b001001100010001 0
#2669250000
1,
b0010011000100010 .
b001001100010001 /
#2669500000
0,
b0010011000100011 .
b001001100010010 0
#2669750000
1,
b0010011000100100 .
b001001100010010 /
#2670000000
0,
b0010011000100101 .
b001001100010011 0
#2670250000
1,
b0010011000100110 .
b001001100010011 /
#2670500000
0,
b0010011000100111 .
b001001100010100 0
#2670750000
1,
b0010011000101000 .
b001001100010100 /
#2671000000
0,
b0010011000101001 .
b001001100010101 0
#2671250000
1,
b0010011000101010 .
b001001100010101 /
#2671500000
0,
b0010011000101011 .
b001001100010110 0
#2671750000
1,
b0010011000101100 .
b001001100010110 /
#2672000000
0,
b0010011000101101 .
b001001100010111 0
#2672250000
1,
b0010011000101110 .
b001001100010111 /
#2672500000
0,
b0010011000101111 .
b001001100011000 0
#2672750000
1,
b0010011000110000 .
b001001100011000 /
#2673000000
0,
b0010011000110001 .
b001001100011001 0
#2673250000
1,
b0010011000110010 .
b001001100011001 /
#2673500000
0,
b0010011000110011 .
b001001100011010 0
#2673750000
1,
b0010011000110100 .
b001001100011010 /
#2674000000
0,
b0010011000110101 .
b001001100011011 0
#2674250000
1,
b0010011000110110 .
b001001100011011 /
#2674500000
0,
b0010011000110111 .
b001001100011100 0
#2674750000
1,
b0010011000111000 .
b001001100011100 /
#2675000000
0,
b0010011000111001 .
b001001100011101 0
#2675250000
1,
b0010011000111010 .
b001001100011101 /
#2675500000
0,
b0010011000111011 .
b001001100011110 0
#2675750000
1,
b0010011000111100 .
b001001100011110 /
#2676000000
0,
b0010011000111101 .
b001001100011111 0
#2676250000
1,
b0010011000111110 .
b001001100011111 /
#2676500000
0,
b0010011000111111 .
b001001100100000 0
#2676750000
1,
b0010011001000000 .
b001001100100000 /
#2677000000
0,
b0010011001000001 .
b001001100100001 0
#2677250000
1,
b0010011001000010 .
b001001100100001 /
#2677500000
0,
b0010011001000011 .
b001001100100010 0
#2677750000
1,
b0010011001000100 .
b001001100100010 /
#2678000000
0,
b0010011001000101 .
b001001100100011 0
#2678250000
1,
b0010011001000110 .
b001001100100011 /
#2678500000
0,
b0010011001000111 .
b001001100100100 0
#2678750000
1,
b0010011001001000 .
b001001100100100 /
#2679000000
0,
b0010011001001001 .
b001001100100101 0
#2679250000
1,
b0010011001001010 .
b001001100100101 /
#2679500000
0,
b0010011001001011 .
b001001100100110 0
#2679750000
1,
b0010011001001100 .
b001001100100110 /
#2680000000
0,
b0010011001001101 .
b001001100100111 0
#2680250000
1,
b0010011001001110 .
b001001100100111 /
#2680500000
0,
b0010011001001111 .
b001001100101000 0
#2680750000
1,
b0010011001010000 .
b001001100101000 /
#2681000000
0,
b0010011001010001 .
b001001100101001 0
#2681250000
1,
b0010011001010010 .
b001001100101001 /
#2681500000
0,
b0010011001010011 .
b001001100101010 0
#2681750000
1,
b0010011001010100 .
b001001100101010 /
#2682000000
0,
b0010011001010101 .
b001001100101011 0
#2682250000
1,
b0010011001010110 .
b001001100101011 /
#2682500000
0,
b0010011001010111 .
b001001100101100 0
#2682750000
1,
b0010011001011000 .
b001001100101100 /
#2683000000
0,
b0010011001011001 .
b001001100101101 0
#2683250000
1,
b0010011001011010 .
b001001100101101 /
#2683500000
0,
b0010011001011011 .
b001001100101110 0
#2683750000
1,
b0010011001011100 .
b001001100101110 /
#2684000000
0)
0,
b0010011001011101 .
b001001100101111 0
#2684250000
1,
b0010011001011110 .
b001001100101111 /
#2684500000
0,
b0010011001011111 .
b001001100110000 0
#2684750000
1,
b0010011001100000 .
b001001100110000 /
#2685000000
0,
b0010011001100001 .
b001001100110001 0
#2685250000
1,
b0010011001100010 .
b001001100110001 /
#2685500000
0,
b0010011001100011 .
b001001100110010 0
#2685750000
1,
b0010011001100100 .
b001001100110010 /
#2686000000
0,
b0010011001100101 .
b001001100110011 0
#2686250000
1,
b0010011001100110 .
b001001100110011 /
#2686500000
0,
b0010011001100111 .
b001001100110100 0
#2686750000
1,
b0010011001101000 .
b001001100110100 /
#2687000000
0,
b0010011001101001 .
b001001100110101 0
#2687250000
1,
b0010011001101010 .
b001001100110101 /
#2687500000
0,
b0010011001101011 .
b001001100110110 0
#2687750000
1,
b0010011001101100 .
b001001100110110 /
#2688000000
0,
b0010011001101101 .
b001001100110111 0
#2688250000
1,
b0010011001101110 .
b001001100110111 /
#2688500000
0,
b0010011001101111 .
b001001100111000 0
#2688750000
1,
b0010011001110000 .
b001001100111000 /
#2689000000
0,
b0010011001110001 .
b001001100111001 0
#2689250000
1,
b0010011001110010 .
b001001100111001 /
#2689500000
0,
b0010011001110011 .
b001001100111010 0
#2689750000
1,
b0010011001110100 .
b001001100111010 /
#2690000000
0,
b0010011001110101 .
b001001100111011 0
#2690250000
1,
b0010011001110110 .
b001001100111011 /
#2690500000
0,
b0010011001110111 .
b001001100111100 0
#2690750000
1,
b0010011001111000 .
b001001100111100 /
#2691000000
0,
b0010011001111001 .
b001001100111101 0
#2691250000
1,
b0010011001111010 .
b001001100111101 /
#2691500000
0,
b0010011001111011 .
b001001100111110 0
#2691750000
1,
b0010011001111100 .
b001001100111110 /
#2692000000
0,
b0010011001111101 .
b001001100111111 0
#2692250000
1,
b0010011001111110 .
b001001100111111 /
#2692500000
0,
b0010011001111111 .
b001001101000000 0
#2692750000
1,
b0010011010000000 .
b001001101000000 /
#2693000000
0,
b0010011010000001 .
b001001101000001 0
#2693250000
1,
b0010011010000010 .
b001001101000001 /
#2693500000
0,
b0010011010000011 .
b001001101000010 0
#2693750000
1,
b0010011010000100 .
b001001101000010 /
#2694000000
0,
b0010011010000101 .
b001001101000011 0
#2694250000
1,
b0010011010000110 .
b001001101000011 /
#2694500000
0,
b0010011010000111 .
b001001101000100 0
#2694750000
1,
b0010011010001000 .
b001001101000100 /
#2695000000
0,
b0010011010001001 .
b001001101000101 0
#2695250000
1,
b0010011010001010 .
b001001101000101 /
#2695500000
0,
b0010011010001011 .
b001001101000110 0
#2695750000
1,
b0010011010001100 .
b001001101000110 /
#2696000000
0,
b0010011010001101 .
b001001101000111 0
#2696250000
1,
b0010011010001110 .
b001001101000111 /
#2696500000
0,
b0010011010001111 .
b001001101001000 0
#2696750000
1,
b0010011010010000 .
b001001101001000 /
#2697000000
0,
b0010011010010001 .
b001001101001001 0
#2697250000
1,
b0010011010010010 .
b001001101001001 /
#2697500000
0,
b0010011010010011 .
b001001101001010 0
#2697750000
1,
b0010011010010100 .
b001001101001010 /
#2698000000
0,
b0010011010010101 .
b001001101001011 0
#2698250000
1,
b0010011010010110 .
b001001101001011 /
#2698500000
0,
b0010011010010111 .
b001001101001100 0
#2698750000
1,
b0010011010011000 .
b001001101001100 /
#2699000000
0,
b0010011010011001 .
b001001101001101 0
#2699250000
b01010001 (
1)
1,
b0010011010011010 .
b001001101001101 /
#2699500000
0,
b0010011010011011 .
b001001101001110 0
#2699750000
1,
b0010011010011100 .
b001001101001110 /
#2700000000
0,
b0010011010011101 .
b001001101001111 0
#2700250000
1,
b0010011010011110 .
b001001101001111 /
#2700500000
0,
b0010011010011111 .
b001001101010000 0
#2700750000
1,
b0010011010100000 .
b001001101010000 /
#2701000000
0,
b0010011010100001 .
b001001101010001 0
#2701250000
1,
b0010011010100010 .
b001001101010001 /
#2701500000
0,
b0010011010100011 .
b001001101010010 0
#2701750000
1,
b0010011010100100 .
b001001101010010 /
#2702000000
0,
b0010011010100101 .
b001001101010011 0
#2702250000
1,
b0010011010100110 .
b001001101010011 /
#2702500000
0,
b0010011010100111 .
b001001101010100 0
#2702750000
1,
b0010011010101000 .
b001001101010100 /
#2703000000
0,
b0010011010101001 .
b001001101010101 0
#2703250000
1,
b0010011010101010 .
b001001101010101 /
#2703500000
0,
b0010011010101011 .
b001001101010110 0
#2703750000
1,
b0010011010101100 .
b001001101010110 /
#2704000000
0,
b0010011010101101 .
b001001101010111 0
#2704250000
1,
b0010011010101110 .
b001001101010111 /
#2704500000
0,
b0010011010101111 .
b001001101011000 0
#2704750000
1,
b0010011010110000 .
b001001101011000 /
#2705000000
0,
b0010011010110001 .
b001001101011001 0
#2705250000
1,
b0010011010110010 .
b001001101011001 /
#2705500000
0,
b0010011010110011 .
b001001101011010 0
#2705750000
1,
b0010011010110100 .
b001001101011010 /
#2706000000
0,
b0010011010110101 .
b001001101011011 0
#2706250000
1,
b0010011010110110 .
b001001101011011 /
#2706500000
0,
b0010011010110111 .
b001001101011100 0
#2706750000
1,
b0010011010111000 .
b001001101011100 /
#2707000000
0,
b0010011010111001 .
b001001101011101 0
#2707250000
1,
b0010011010111010 .
b001001101011101 /
#2707500000
0,
b0010011010111011 .
b001001101011110 0
#2707750000
1,
b0010011010111100 .
b001001101011110 /
#2708000000
0,
b0010011010111101 .
b001001101011111 0
#2708250000
1,
b0010011010111110 .
b001001101011111 /
#2708500000
0,
b0010011010111111 .
b001001101100000 0
#2708750000
1,
b0010011011000000 .
b001001101100000 /
#2709000000
0,
b0010011011000001 .
b001001101100001 0
#2709250000
1,
b0010011011000010 .
b001001101100001 /
#2709500000
0,
b0010011011000011 .
b001001101100010 0
#2709750000
1,
b0010011011000100 .
b001001101100010 /
#2710000000
0,
b0010011011000101 .
b001001101100011 0
#2710250000
1,
b0010011011000110 .
b001001101100011 /
#2710500000
0,
b0010011011000111 .
b001001101100100 0
#2710750000
1,
b0010011011001000 .
b001001101100100 /
#2711000000
0,
b0010011011001001 .
b001001101100101 0
#2711250000
1,
b0010011011001010 .
b001001101100101 /
#2711500000
0,
b0010011011001011 .
b001001101100110 0
#2711750000
1,
b0010011011001100 .
b001001101100110 /
#2712000000
0,
b0010011011001101 .
b001001101100111 0
#2712250000
1,
b0010011011001110 .
b001001101100111 /
#2712500000
0,
b0010011011001111 .
b001001101101000 0
#2712750000
1,
b0010011011010000 .
b001001101101000 /
#2713000000
0,
b0010011011010001 .
b001001101101001 0
#2713250000
1,
b0010011011010010 .
b001001101101001 /
#2713500000
0,
b0010011011010011 .
b001001101101010 0
#2713750000
1,
b0010011011010100 .
b001001101101010 /
#2714000000
0,
b0010011011010101 .
b001001101101011 0
#2714250000
1,
b0010011011010110 .
b001001101101011 /
#2714500000
0)
0,
b0010011011010111 .
b001001101101100 0
#2714750000
1,
b0010011011011000 .
b001001101101100 /
#2715000000
0,
b0010011011011001 .
b001001101101101 0
#2715250000
1,
b0010011011011010 .
b001001101101101 /
#2715500000
0,
b0010011011011011 .
b001001101101110 0
#2715750000
1,
b0010011011011100 .
b001001101101110 /
#2716000000
0,
b0010011011011101 .
b001001101101111 0
#2716250000
1,
b0010011011011110 .
b001001101101111 /
#2716500000
0,
b0010011011011111 .
b001001101110000 0
#2716750000
1,
b0010011011100000 .
b001001101110000 /
#2717000000
0,
b0010011011100001 .
b001001101110001 0
#2717250000
1,
b0010011011100010 .
b001001101110001 /
#2717500000
0,
b0010011011100011 .
b001001101110010 0
#2717750000
1,
b0010011011100100 .
b001001101110010 /
#2718000000
0,
b0010011011100101 .
b001001101110011 0
#2718250000
1,
b0010011011100110 .
b001001101110011 /
#2718500000
0,
b0010011011100111 .
b001001101110100 0
#2718750000
1,
b0010011011101000 .
b001001101110100 /
#2719000000
0,
b0010011011101001 .
b001001101110101 0
#2719250000
1,
b0010011011101010 .
b001001101110101 /
#2719500000
0,
b0010011011101011 .
b001001101110110 0
#2719750000
1,
b0010011011101100 .
b001001101110110 /
#2720000000
0,
b0010011011101101 .
b001001101110111 0
#2720250000
1,
b0010011011101110 .
b001001101110111 /
#2720500000
0,
b0010011011101111 .
b001001101111000 0
#2720750000
1,
b0010011011110000 .
b001001101111000 /
#2721000000
0,
b0010011011110001 .
b001001101111001 0
#2721250000
1,
b0010011011110010 .
b001001101111001 /
#2721500000
0,
b0010011011110011 .
b001001101111010 0
#2721750000
1,
b0010011011110100 .
b001001101111010 /
#2722000000
0,
b0010011011110101 .
b001001101111011 0
#2722250000
1,
b0010011011110110 .
b001001101111011 /
#2722500000
0,
b0010011011110111 .
b001001101111100 0
#2722750000
1,
b0010011011111000 .
b001001101111100 /
#2723000000
0,
b0010011011111001 .
b001001101111101 0
#2723250000
1,
b0010011011111010 .
b001001101111101 /
#2723500000
0,
b0010011011111011 .
b001001101111110 0
#2723750000
1,
b0010011011111100 .
b001001101111110 /
#2724000000
0,
b0010011011111101 .
b001001101111111 0
#2724250000
1,
b0010011011111110 .
b001001101111111 /
#2724500000
0,
b0010011011111111 .
b001001110000000 0
#2724750000
1,
b0010011100000000 .
b001001110000000 /
#2725000000
0,
b0010011100000001 .
b001001110000001 0
#2725250000
1,
b0010011100000010 .
b001001110000001 /
#2725500000
0,
b0010011100000011 .
b001001110000010 0
#2725750000
1,
b0010011100000100 .
b001001110000010 /
#2726000000
0,
b0010011100000101 .
b001001110000011 0
#2726250000
1,
b0010011100000110 .
b001001110000011 /
#2726500000
0,
b0010011100000111 .
b001001110000100 0
#2726750000
1,
b0010011100001000 .
b001001110000100 /
#2727000000
0,
b0010011100001001 .
b001001110000101 0
#2727250000
1,
b0010011100001010 .
b001001110000101 /
#2727500000
0,
b0010011100001011 .
b001001110000110 0
#2727750000
1,
b0010011100001100 .
b001001110000110 /
#2728000000
0,
b0010011100001101 .
b001001110000111 0
#2728250000
1,
b0010011100001110 .
b001001110000111 /
#2728500000
0,
b0010011100001111 .
b001001110001000 0
#2728750000
1,
b0010011100010000 .
b001001110001000 /
#2729000000
0,
b0010011100010001 .
b001001110001001 0
#2729250000
1,
b0010011100010010 .
b001001110001001 /
#2729500000
0,
b0010011100010011 .
b001001110001010 0
#2729750000
b01010010 (
1)
1,
b0010011100010100 .
b001001110001010 /
#2730000000
0,
b0010011100010101 .
b001001110001011 0
#2730250000
1,
b0010011100010110 .
b001001110001011 /
#2730500000
0,
b0010011100010111 .
b001001110001100 0
#2730750000
1,
b0010011100011000 .
b001001110001100 /
#2731000000
0,
b0010011100011001 .
b001001110001101 0
#2731250000
1,
b0010011100011010 .
b001001110001101 /
#2731500000
0,
b0010011100011011 .
b001001110001110 0
#2731750000
1,
b0010011100011100 .
b001001110001110 /
#2732000000
0,
b0010011100011101 .
b001001110001111 0
#2732250000
1,
b0010011100011110 .
b001001110001111 /
#2732500000
0,
b0010011100011111 .
b001001110010000 0
#2732750000
1,
b0010011100100000 .
b001001110010000 /
#2733000000
0,
b0010011100100001 .
b001001110010001 0
#2733250000
1,
b0010011100100010 .
b001001110010001 /
#2733500000
0,
b0010011100100011 .
b001001110010010 0
#2733750000
1,
b0010011100100100 .
b001001110010010 /
#2734000000
0,
b0010011100100101 .
b001001110010011 0
#2734250000
1,
b0010011100100110 .
b001001110010011 /
#2734500000
0,
b0010011100100111 .
b001001110010100 0
#2734750000
1,
b0010011100101000 .
b001001110010100 /
#2735000000
0,
b0010011100101001 .
b001001110010101 0
#2735250000
1,
b0010011100101010 .
b001001110010101 /
#2735500000
0,
b0010011100101011 .
b001001110010110 0
#2735750000
1,
b0010011100101100 .
b001001110010110 /
#2736000000
0,
b0010011100101101 .
b001001110010111 0
#2736250000
1,
b0010011100101110 .
b001001110010111 /
#2736500000
0,
b0010011100101111 .
b001001110011000 0
#2736750000
1,
b0010011100110000 .
b001001110011000 /
#2737000000
0,
b0010011100110001 .
b001001110011001 0
#2737250000
1,
b0010011100110010 .
b001001110011001 /
#2737500000
0,
b0010011100110011 .
b001001110011010 0
#2737750000
1,
b0010011100110100 .
b001001110011010 /
#2738000000
0,
b0010011100110101 .
b001001110011011 0
#2738250000
1,
b0010011100110110 .
b001001110011011 /
#2738500000
0,
b0010011100110111 .
b001001110011100 0
#2738750000
1,
b0010011100111000 .
b001001110011100 /
#2739000000
0,
b0010011100111001 .
b001001110011101 0
#2739250000
1,
b0010011100111010 .
b001001110011101 /
#2739500000
0,
b0010011100111011 .
b001001110011110 0
#2739750000
1,
b0010011100111100 .
b001001110011110 /
#2740000000
0,
b0010011100111101 .
b001001110011111 0
#2740250000
1,
b0010011100111110 .
b001001110011111 /
#2740500000
0,
b0010011100111111 .
b001001110100000 0
#2740750000
1,
b0010011101000000 .
b001001110100000 /
#2741000000
0,
b0010011101000001 .
b001001110100001 0
#2741250000
1,
b0010011101000010 .
b001001110100001 /
#2741500000
0,
b0010011101000011 .
b001001110100010 0
#2741750000
1,
b0010011101000100 .
b001001110100010 /
#2742000000
0,
b0010011101000101 .
b001001110100011 0
#2742250000
1,
b0010011101000110 .
b001001110100011 /
#2742500000
0,
b0010011101000111 .
b001001110100100 0
#2742750000
1,
b0010011101001000 .
b001001110100100 /
#2743000000
0,
b0010011101001001 .
b001001110100101 0
#2743250000
1,
b0010011101001010 .
b001001110100101 /
#2743500000
0,
b0010011101001011 .
b001001110100110 0
#2743750000
1,
b0010011101001100 .
b001001110100110 /
#2744000000
0,
b0010011101001101 .
b001001110100111 0
#2744250000
1,
b0010011101001110 .
b001001110100111 /
#2744500000
0,
b0010011101001111 .
b001001110101000 0
#2744750000
1,
b0010011101010000 .
b001001110101000 /
#2745000000
0)
0,
b0010011101010001 .
b001001110101001 0
#2745250000
1,
b0010011101010010 .
b001001110101001 /
#2745500000
0,
b0010011101010011 .
b001001110101010 0
#2745750000
1,
b0010011101010100 .
b001001110101010 /
#2746000000
0,
b0010011101010101 .
b001001110101011 0
#2746250000
1,
b0010011101010110 .
b001001110101011 /
#2746500000
0,
b0010011101010111 .
b001001110101100 0
#2746750000
1,
b0010011101011000 .
b001001110101100 /
#2747000000
0,
b0010011101011001 .
b001001110101101 0
#2747250000
1,
b0010011101011010 .
b001001110101101 /
#2747500000
0,
b0010011101011011 .
b001001110101110 0
#2747750000
1,
b0010011101011100 .
b001001110101110 /
#2748000000
0,
b0010011101011101 .
b001001110101111 0
#2748250000
1,
b0010011101011110 .
b001001110101111 /
#2748500000
0,
b0010011101011111 .
b001001110110000 0
#2748750000
1,
b0010011101100000 .
b001001110110000 /
#2749000000
0,
b0010011101100001 .
b001001110110001 0
#2749250000
1,
b0010011101100010 .
b001001110110001 /
#2749500000
0,
b0010011101100011 .
b001001110110010 0
#2749750000
1,
b0010011101100100 .
b001001110110010 /
#2750000000
0,
b0010011101100101 .
b001001110110011 0
#2750250000
1,
b0010011101100110 .
b001001110110011 /
#2750500000
0,
b0010011101100111 .
b001001110110100 0
#2750750000
1,
b0010011101101000 .
b001001110110100 /
#2751000000
0,
b0010011101101001 .
b001001110110101 0
#2751250000
1,
b0010011101101010 .
b001001110110101 /
#2751500000
0,
b0010011101101011 .
b001001110110110 0
#2751750000
1,
b0010011101101100 .
b001001110110110 /
#2752000000
0,
b0010011101101101 .
b001001110110111 0
#2752250000
1,
b0010011101101110 .
b001001110110111 /
#2752500000
0,
b0010011101101111 .
b001001110111000 0
#2752750000
1,
b0010011101110000 .
b001001110111000 /
#2753000000
0,
b0010011101110001 .
b001001110111001 0
#2753250000
1,
b0010011101110010 .
b001001110111001 /
#2753500000
0,
b0010011101110011 .
b001001110111010 0
#2753750000
1,
b0010011101110100 .
b001001110111010 /
#2754000000
0,
b0010011101110101 .
b001001110111011 0
#2754250000
1,
b0010011101110110 .
b001001110111011 /
#2754500000
0,
b0010011101110111 .
b001001110111100 0
#2754750000
1,
b0010011101111000 .
b001001110111100 /
#2755000000
0,
b0010011101111001 .
b001001110111101 0
#2755250000
1,
b0010011101111010 .
b001001110111101 /
#2755500000
0,
b0010011101111011 .
b001001110111110 0
#2755750000
1,
b0010011101111100 .
b001001110111110 /
#2756000000
0,
b0010011101111101 .
b001001110111111 0
#2756250000
1,
b0010011101111110 .
b001001110111111 /
#2756500000
0,
b0010011101111111 .
b001001111000000 0
#2756750000
1,
b0010011110000000 .
b001001111000000 /
#2757000000
0,
b0010011110000001 .
b001001111000001 0
#2757250000
1,
b0010011110000010 .
b001001111000001 /
#2757500000
0,
b0010011110000011 .
b001001111000010 0
#2757750000
1,
b0010011110000100 .
b001001111000010 /
#2758000000
0,
b0010011110000101 .
b001001111000011 0
#2758250000
1,
b0010011110000110 .
b001001111000011 /
#2758500000
0,
b0010011110000111 .
b001001111000100 0
#2758750000
1,
b0010011110001000 .
b001001111000100 /
#2759000000
0,
b0010011110001001 .
b001001111000101 0
#2759250000
1,
b0010011110001010 .
b001001111000101 /
#2759500000
0,
b0010011110001011 .
b001001111000110 0
#2759750000
1,
b0010011110001100 .
b001001111000110 /
#2760000000
0,
b0010011110001101 .
b001001111000111 0
#2760250000
b01010011 (
1)
1,
b0010011110001110 .
b001001111000111 /
#2760500000
0,
b0010011110001111 .
b001001111001000 0
#2760750000
1,
b0010011110010000 .
b001001111001000 /
#2761000000
0,
b0010011110010001 .
b001001111001001 0
#2761250000
1,
b0010011110010010 .
b001001111001001 /
#2761500000
0,
b0010011110010011 .
b001001111001010 0
#2761750000
1,
b0010011110010100 .
b001001111001010 /
#2762000000
0,
b0010011110010101 .
b001001111001011 0
#2762250000
1,
b0010011110010110 .
b001001111001011 /
#2762500000
0,
b0010011110010111 .
b001001111001100 0
#2762750000
1,
b0010011110011000 .
b001001111001100 /
#2763000000
0,
b0010011110011001 .
b001001111001101 0
#2763250000
1,
b0010011110011010 .
b001001111001101 /
#2763500000
0,
b0010011110011011 .
b001001111001110 0
#2763750000
1,
b0010011110011100 .
b001001111001110 /
#2764000000
0,
b0010011110011101 .
b001001111001111 0
#2764250000
1,
b0010011110011110 .
b001001111001111 /
#2764500000
0,
b0010011110011111 .
b001001111010000 0
#2764750000
1,
b0010011110100000 .
b001001111010000 /
#2765000000
0,
b0010011110100001 .
b001001111010001 0
#2765250000
1,
b0010011110100010 .
b001001111010001 /
#2765500000
0,
b0010011110100011 .
b001001111010010 0
#2765750000
1,
b0010011110100100 .
b001001111010010 /
#2766000000
0,
b0010011110100101 .
b001001111010011 0
#2766250000
1,
b0010011110100110 .
b001001111010011 /
#2766500000
0,
b0010011110100111 .
b001001111010100 0
#2766750000
1,
b0010011110101000 .
b001001111010100 /
#2767000000
0,
b0010011110101001 .
b001001111010101 0
#2767250000
1,
b0010011110101010 .
b001001111010101 /
#2767500000
0,
b0010011110101011 .
b001001111010110 0
#2767750000
1,
b0010011110101100 .
b001001111010110 /
#2768000000
0,
b0010011110101101 .
b001001111010111 0
#2768250000
1,
b0010011110101110 .
b001001111010111 /
#2768500000
0,
b0010011110101111 .
b001001111011000 0
#2768750000
1,
b0010011110110000 .
b001001111011000 /
#2769000000
0,
b0010011110110001 .
b001001111011001 0
#2769250000
1,
b0010011110110010 .
b001001111011001 /
#2769500000
0,
b0010011110110011 .
b001001111011010 0
#2769750000
1,
b0010011110110100 .
b001001111011010 /
#2770000000
0,
b0010011110110101 .
b001001111011011 0
#2770250000
1,
b0010011110110110 .
b001001111011011 /
#2770500000
0,
b0010011110110111 .
b001001111011100 0
#2770750000
1,
b0010011110111000 .
b001001111011100 /
#2771000000
0,
b0010011110111001 .
b001001111011101 0
#2771250000
1,
b0010011110111010 .
b001001111011101 /
#2771500000
0,
b0010011110111011 .
b001001111011110 0
#2771750000
1,
b0010011110111100 .
b001001111011110 /
#2772000000
0,
b0010011110111101 .
b001001111011111 0
#2772250000
1,
b0010011110111110 .
b001001111011111 /
#2772500000
0,
b0010011110111111 .
b001001111100000 0
#2772750000
1,
b0010011111000000 .
b001001111100000 /
#2773000000
0,
b0010011111000001 .
b001001111100001 0
#2773250000
1,
b0010011111000010 .
b001001111100001 /
#2773500000
0,
b0010011111000011 .
b001001111100010 0
#2773750000
1,
b0010011111000100 .
b001001111100010 /
#2774000000
0,
b0010011111000101 .
b001001111100011 0
#2774250000
1,
b0010011111000110 .
b001001111100011 /
#2774500000
0,
b0010011111000111 .
b001001111100100 0
#2774750000
1,
b0010011111001000 .
b001001111100100 /
#2775000000
0,
b0010011111001001 .
b001001111100101 0
#2775250000
1,
b0010011111001010 .
b001001111100101 /
#2775500000
0)
0,
b0010011111001011 .
b001001111100110 0
#2775750000
1,
b0010011111001100 .
b001001111100110 /
#2776000000
0,
b0010011111001101 .
b001001111100111 0
#2776250000
1,
b0010011111001110 .
b001001111100111 /
#2776500000
0,
b0010011111001111 .
b001001111101000 0
#2776750000
1,
b0010011111010000 .
b001001111101000 /
#2777000000
0,
b0010011111010001 .
b001001111101001 0
#2777250000
1,
b0010011111010010 .
b001001111101001 /
#2777500000
0,
b0010011111010011 .
b001001111101010 0
#2777750000
1,
b0010011111010100 .
b001001111101010 /
#2778000000
0,
b0010011111010101 .
b001001111101011 0
#2778250000
1,
b0010011111010110 .
b001001111101011 /
#2778500000
0,
b0010011111010111 .
b001001111101100 0
#2778750000
1,
b0010011111011000 .
b001001111101100 /
#2779000000
0,
b0010011111011001 .
b001001111101101 0
#2779250000
1,
b0010011111011010 .
b001001111101101 /
#2779500000
0,
b0010011111011011 .
b001001111101110 0
#2779750000
1,
b0010011111011100 .
b001001111101110 /
#2780000000
0,
b0010011111011101 .
b001001111101111 0
#2780250000
1,
b0010011111011110 .
b001001111101111 /
#2780500000
0,
b0010011111011111 .
b001001111110000 0
#2780750000
1,
b0010011111100000 .
b001001111110000 /
#2781000000
0,
b0010011111100001 .
b001001111110001 0
#2781250000
1,
b0010011111100010 .
b001001111110001 /
#2781500000
0,
b0010011111100011 .
b001001111110010 0
#2781750000
1,
b0010011111100100 .
b001001111110010 /
#2782000000
0,
b0010011111100101 .
b001001111110011 0
#2782250000
1,
b0010011111100110 .
b001001111110011 /
#2782500000
0,
b0010011111100111 .
b001001111110100 0
#2782750000
1,
b0010011111101000 .
b001001111110100 /
#2783000000
0,
b0010011111101001 .
b001001111110101 0
#2783250000
1,
b0010011111101010 .
b001001111110101 /
#2783500000
0,
b0010011111101011 .
b001001111110110 0
#2783750000
1,
b0010011111101100 .
b001001111110110 /
#2784000000
0,
b0010011111101101 .
b001001111110111 0
#2784250000
1,
b0010011111101110 .
b001001111110111 /
#2784500000
0,
b0010011111101111 .
b001001111111000 0
#2784750000
1,
b0010011111110000 .
b001001111111000 /
#2785000000
0,
b0010011111110001 .
b001001111111001 0
#2785250000
1,
b0010011111110010 .
b001001111111001 /
#2785500000
0,
b0010011111110011 .
b001001111111010 0
#2785750000
1,
b0010011111110100 .
b001001111111010 /
#2786000000
0,
b0010011111110101 .
b001001111111011 0
#2786250000
1,
b0010011111110110 .
b001001111111011 /
#2786500000
0,
b0010011111110111 .
b001001111111100 0
#2786750000
1,
b0010011111111000 .
b001001111111100 /
#2787000000
0,
b0010011111111001 .
b001001111111101 0
#2787250000
1,
b0010011111111010 .
b001001111111101 /
#2787500000
0,
b0010011111111011 .
b001001111111110 0
#2787750000
1,
b0010011111111100 .
b001001111111110 /
#2788000000
0,
b0010011111111101 .
b001001111111111 0
#2788250000
1,
b0010011111111110 .
b001001111111111 /
#2788500000
0,
b0010011111111111 .
b001010000000000 0
#2788750000
1,
b0010100000000000 .
b001010000000000 /
#2789000000
0,
b0010100000000001 .
b001010000000001 0
#2789250000
1,
b0010100000000010 .
b001010000000001 /
#2789500000
0,
b0010100000000011 .
b001010000000010 0
#2789750000
1,
b0010100000000100 .
b001010000000010 /
#2790000000
0,
b0010100000000101 .
b001010000000011 0
#2790250000
1,
b0010100000000110 .
b001010000000011 /
#2790500000
0,
b0010100000000111 .
b001010000000100 0
#2790750000
b01010100 (
1)
1,
b0010100000001000 .
b001010000000100 /
#2791000000
0,
b0010100000001001 .
b001010000000101 0
#2791250000
1,
b0010100000001010 .
b001010000000101 /
#2791500000
0,
b0010100000001011 .
b001010000000110 0
#2791750000
1,
b0010100000001100 .
b001010000000110 /
#2792000000
0,
b0010100000001101 .
b001010000000111 0
#2792250000
1,
b0010100000001110 .
b001010000000111 /
#2792500000
0,
b0010100000001111 .
b001010000001000 0
#2792750000
1,
b0010100000010000 .
b001010000001000 /
#2793000000
0,
b0010100000010001 .
b001010000001001 0
#2793250000
1,
b0010100000010010 .
b001010000001001 /
#2793500000
0,
b0010100000010011 .
b001010000001010 0
#2793750000
1,
b0010100000010100 .
b001010000001010 /
#2794000000
0,
b0010100000010101 .
b001010000001011 0
#2794250000
1,
b0010100000010110 .
b001010000001011 /
#2794500000
0,
b0010100000010111 .
b001010000001100 0
#2794750000
1,
b0010100000011000 .
b001010000001100 /
#2795000000
0,
b0010100000011001 .
b001010000001101 0
#2795250000
1,
b0010100000011010 .
b001010000001101 /
#2795500000
0,
b0010100000011011 .
b001010000001110 0
#2795750000
1,
b0010100000011100 .
b001010000001110 /
#2796000000
0,
b0010100000011101 .
b001010000001111 0
#2796250000
1,
b0010100000011110 .
b001010000001111 /
#2796500000
0,
b0010100000011111 .
b001010000010000 0
#2796750000
1,
b0010100000100000 .
b001010000010000 /
#2797000000
0,
b0010100000100001 .
b001010000010001 0
#2797250000
1,
b0010100000100010 .
b001010000010001 /
#2797500000
0,
b0010100000100011 .
b001010000010010 0
#2797750000
1,
b0010100000100100 .
b001010000010010 /
#2798000000
0,
b0010100000100101 .
b001010000010011 0
#2798250000
1,
b0010100000100110 .
b001010000010011 /
#2798500000
0,
b0010100000100111 .
b001010000010100 0
#2798750000
1,
b0010100000101000 .
b001010000010100 /
#2799000000
0,
b0010100000101001 .
b001010000010101 0
#2799250000
1,
b0010100000101010 .
b001010000010101 /
#2799500000
0,
b0010100000101011 .
b001010000010110 0
#2799750000
1,
b0010100000101100 .
b001010000010110 /
#2800000000
0,
b0010100000101101 .
b001010000010111 0
#2800250000
1,
b0010100000101110 .
b001010000010111 /
#2800500000
0,
b0010100000101111 .
b001010000011000 0
#2800750000
1,
b0010100000110000 .
b001010000011000 /
#2801000000
0,
b0010100000110001 .
b001010000011001 0
#2801250000
1,
b0010100000110010 .
b001010000011001 /
#2801500000
0,
b0010100000110011 .
b001010000011010 0
#2801750000
1,
b0010100000110100 .
b001010000011010 /
#2802000000
0,
b0010100000110101 .
b001010000011011 0
#2802250000
1,
b0010100000110110 .
b001010000011011 /
#2802500000
0,
b0010100000110111 .
b001010000011100 0
#2802750000
1,
b0010100000111000 .
b001010000011100 /
#2803000000
0,
b0010100000111001 .
b001010000011101 0
#2803250000
1,
b0010100000111010 .
b001010000011101 /
#2803500000
0,
b0010100000111011 .
b001010000011110 0
#2803750000
1,
b0010100000111100 .
b001010000011110 /
#2804000000
0,
b0010100000111101 .
b001010000011111 0
#2804250000
1,
b0010100000111110 .
b001010000011111 /
#2804500000
0,
b0010100000111111 .
b001010000100000 0
#2804750000
1,
b0010100001000000 .
b001010000100000 /
#2805000000
0,
b0010100001000001 .
b001010000100001 0
#2805250000
1,
b0010100001000010 .
b001010000100001 /
#2805500000
0,
b0010100001000011 .
b001010000100010 0
#2805750000
1,
b0010100001000100 .
b001010000100010 /
#2806000000
0)
0,
b0010100001000101 .
b001010000100011 0
#2806250000
1,
b0010100001000110 .
b001010000100011 /
#2806500000
0,
b0010100001000111 .
b001010000100100 0
#2806750000
1,
b0010100001001000 .
b001010000100100 /
#2807000000
0,
b0010100001001001 .
b001010000100101 0
#2807250000
1,
b0010100001001010 .
b001010000100101 /
#2807500000
0,
b0010100001001011 .
b001010000100110 0
#2807750000
1,
b0010100001001100 .
b001010000100110 /
#2808000000
0,
b0010100001001101 .
b001010000100111 0
#2808250000
1,
b0010100001001110 .
b001010000100111 /
#2808500000
0,
b0010100001001111 .
b001010000101000 0
#2808750000
1,
b0010100001010000 .
b001010000101000 /
#2809000000
0,
b0010100001010001 .
b001010000101001 0
#2809250000
1,
b0010100001010010 .
b001010000101001 /
#2809500000
0,
b0010100001010011 .
b001010000101010 0
#2809750000
1,
b0010100001010100 .
b001010000101010 /
#2810000000
0,
b0010100001010101 .
b001010000101011 0
#2810250000
1,
b0010100001010110 .
b001010000101011 /
#2810500000
0,
b0010100001010111 .
b001010000101100 0
#2810750000
1,
b0010100001011000 .
b001010000101100 /
#2811000000
0,
b0010100001011001 .
b001010000101101 0
#2811250000
1,
b0010100001011010 .
b001010000101101 /
#2811500000
0,
b0010100001011011 .
b001010000101110 0
#2811750000
1,
b0010100001011100 .
b001010000101110 /
#2812000000
0,
b0010100001011101 .
b001010000101111 0
#2812250000
1,
b0010100001011110 .
b001010000101111 /
#2812500000
0,
b0010100001011111 .
b001010000110000 0
#2812750000
1,
b0010100001100000 .
b001010000110000 /
#2813000000
0,
b0010100001100001 .
b001010000110001 0
#2813250000
1,
b0010100001100010 .
b001010000110001 /
#2813500000
0,
b0010100001100011 .
b001010000110010 0
#2813750000
1,
b0010100001100100 .
b001010000110010 /
#2814000000
0,
b0010100001100101 .
b001010000110011 0
#2814250000
1,
b0010100001100110 .
b001010000110011 /
#2814500000
0,
b0010100001100111 .
b001010000110100 0
#2814750000
1,
b0010100001101000 .
b001010000110100 /
#2815000000
0,
b0010100001101001 .
b001010000110101 0
#2815250000
1,
b0010100001101010 .
b001010000110101 /
#2815500000
0,
b0010100001101011 .
b001010000110110 0
#2815750000
1,
b0010100001101100 .
b001010000110110 /
#2816000000
0,
b0010100001101101 .
b001010000110111 0
#2816250000
1,
b0010100001101110 .
b001010000110111 /
#2816500000
0,
b0010100001101111 .
b001010000111000 0
#2816750000
1,
b0010100001110000 .
b001010000111000 /
#2817000000
0,
b0010100001110001 .
b001010000111001 0
#2817250000
1,
b0010100001110010 .
b001010000111001 /
#2817500000
0,
b0010100001110011 .
b001010000111010 0
#2817750000
1,
b0010100001110100 .
b001010000111010 /
#2818000000
0,
b0010100001110101 .
b001010000111011 0
#2818250000
1,
b0010100001110110 .
b001010000111011 /
#2818500000
0,
b0010100001110111 .
b001010000111100 0
#2818750000
1,
b0010100001111000 .
b001010000111100 /
#2819000000
0,
b0010100001111001 .
b001010000111101 0
#2819250000
1,
b0010100001111010 .
b001010000111101 /
#2819500000
0,
b0010100001111011 .
b001010000111110 0
#2819750000
1,
b0010100001111100 .
b001010000111110 /
#2820000000
0,
b0010100001111101 .
b001010000111111 0
#2820250000
1,
b0010100001111110 .
b001010000111111 /
#2820500000
0,
b0010100001111111 .
b001010001000000 0
#2820750000
1,
b0010100010000000 .
b001010001000000 /
#2821000000
0,
b0010100010000001 .
b001010001000001 0
#2821250000
b01010101 (
1)
1,
b0010100010000010 .
b001010001000001 /
#2821500000
0,
b0010100010000011 .
b001010001000010 0
#2821750000
1,
b0010100010000100 .
b001010001000010 /
#2822000000
0,
b0010100010000101 .
b001010001000011 0
#2822250000
1,
b0010100010000110 .
b001010001000011 /
#2822500000
0,
b0010100010000111 .
b001010001000100 0
#2822750000
1,
b0010100010001000 .
b001010001000100 /
#2823000000
0,
b0010100010001001 .
b001010001000101 0
#2823250000
1,
b0010100010001010 .
b001010001000101 /
#2823500000
0,
b0010100010001011 .
b001010001000110 0
#2823750000
1,
b0010100010001100 .
b001010001000110 /
#2824000000
0,
b0010100010001101 .
b001010001000111 0
#2824250000
1,
b0010100010001110 .
b001010001000111 /
#2824500000
0,
b0010100010001111 .
b001010001001000 0
#2824750000
1,
b0010100010010000 .
b001010001001000 /
#2825000000
0,
b0010100010010001 .
b001010001001001 0
#2825250000
1,
b0010100010010010 .
b001010001001001 /
#2825500000
0,
b0010100010010011 .
b001010001001010 0
#2825750000
1,
b0010100010010100 .
b001010001001010 /
#2826000000
0,
b0010100010010101 .
b001010001001011 0
#2826250000
1,
b0010100010010110 .
b001010001001011 /
#2826500000
0,
b0010100010010111 .
b001010001001100 0
#2826750000
1,
b0010100010011000 .
b001010001001100 /
#2827000000
0,
b0010100010011001 .
b001010001001101 0
#2827250000
1,
b0010100010011010 .
b001010001001101 /
#2827500000
0,
b0010100010011011 .
b001010001001110 0
#2827750000
1,
b0010100010011100 .
b001010001001110 /
#2828000000
0,
b0010100010011101 .
b001010001001111 0
#2828250000
1,
b0010100010011110 .
b001010001001111 /
#2828500000
0,
b0010100010011111 .
b001010001010000 0
#2828750000
1,
b0010100010100000 .
b001010001010000 /
#2829000000
0,
b0010100010100001 .
b001010001010001 0
#2829250000
1,
b0010100010100010 .
b001010001010001 /
#2829500000
0,
b0010100010100011 .
b001010001010010 0
#2829750000
1,
b0010100010100100 .
b001010001010010 /
#2830000000
0,
b0010100010100101 .
b001010001010011 0
#2830250000
1,
b0010100010100110 .
b001010001010011 /
#2830500000
0,
b0010100010100111 .
b001010001010100 0
#2830750000
1,
b0010100010101000 .
b001010001010100 /
#2831000000
0,
b0010100010101001 .
b001010001010101 0
#2831250000
1,
b0010100010101010 .
b001010001010101 /
#2831500000
0,
b0010100010101011 .
b001010001010110 0
#2831750000
1,
b0010100010101100 .
b001010001010110 /
#2832000000
0,
b0010100010101101 .
b001010001010111 0
#2832250000
1,
b0010100010101110 .
b001010001010111 /
#2832500000
0,
b0010100010101111 .
b001010001011000 0
#2832750000
1,
b0010100010110000 .
b001010001011000 /
#2833000000
0,
b0010100010110001 .
b001010001011001 0
#2833250000
1,
b0010100010110010 .
b001010001011001 /
#2833500000
0,
b0010100010110011 .
b001010001011010 0
#2833750000
1,
b0010100010110100 .
b001010001011010 /
#2834000000
0,
b0010100010110101 .
b001010001011011 0
#2834250000
1,
b0010100010110110 .
b001010001011011 /
#2834500000
0,
b0010100010110111 .
b001010001011100 0
#2834750000
1,
b0010100010111000 .
b001010001011100 /
#2835000000
0,
b0010100010111001 .
b001010001011101 0
#2835250000
1,
b0010100010111010 .
b001010001011101 /
#2835500000
0,
b0010100010111011 .
b001010001011110 0
#2835750000
1,
b0010100010111100 .
b001010001011110 /
#2836000000
0,
b0010100010111101 .
b001010001011111 0
#2836250000
1,
b0010100010111110 .
b001010001011111 /
#2836500000
0)
0,
b0010100010111111 .
b001010001100000 0
#2836750000
1,
b0010100011000000 .
b001010001100000 /
#2837000000
0,
b0010100011000001 .
b001010001100001 0
#2837250000
1,
b0010100011000010 .
b001010001100001 /
#2837500000
0,
b0010100011000011 .
b001010001100010 0
#2837750000
1,
b0010100011000100 .
b001010001100010 /
#2838000000
0,
b0010100011000101 .
b001010001100011 0
#2838250000
1,
b0010100011000110 .
b001010001100011 /
#2838500000
0,
b0010100011000111 .
b001010001100100 0
#2838750000
1,
b0010100011001000 .
b001010001100100 /
#2839000000
0,
b0010100011001001 .
b001010001100101 0
#2839250000
1,
b0010100011001010 .
b001010001100101 /
#2839500000
0,
b0010100011001011 .
b001010001100110 0
#2839750000
1,
b0010100011001100 .
b001010001100110 /
#2840000000
0,
b0010100011001101 .
b001010001100111 0
#2840250000
1,
b0010100011001110 .
b001010001100111 /
#2840500000
0,
b0010100011001111 .
b001010001101000 0
#2840750000
1,
b0010100011010000 .
b001010001101000 /
#2841000000
0,
b0010100011010001 .
b001010001101001 0
#2841250000
1,
b0010100011010010 .
b001010001101001 /
#2841500000
0,
b0010100011010011 .
b001010001101010 0
#2841750000
1,
b0010100011010100 .
b001010001101010 /
#2842000000
0,
b0010100011010101 .
b001010001101011 0
#2842250000
1,
b0010100011010110 .
b001010001101011 /
#2842500000
0,
b0010100011010111 .
b001010001101100 0
#2842750000
1,
b0010100011011000 .
b001010001101100 /
#2843000000
0,
b0010100011011001 .
b001010001101101 0
#2843250000
1,
b0010100011011010 .
b001010001101101 /
#2843500000
0,
b0010100011011011 .
b001010001101110 0
#2843750000
1,
b0010100011011100 .
b001010001101110 /
#2844000000
0,
b0010100011011101 .
b001010001101111 0
#2844250000
1,
b0010100011011110 .
b001010001101111 /
#2844500000
0,
b0010100011011111 .
b001010001110000 0
#2844750000
1,
b0010100011100000 .
b001010001110000 /
#2845000000
0,
b0010100011100001 .
b001010001110001 0
#2845250000
1,
b0010100011100010 .
b001010001110001 /
#2845500000
0,
b0010100011100011 .
b001010001110010 0
#2845750000
1,
b0010100011100100 .
b001010001110010 /
#2846000000
0,
b0010100011100101 .
b001010001110011 0
#2846250000
1,
b0010100011100110 .
b001010001110011 /
#2846500000
0,
b0010100011100111 .
b001010001110100 0
#2846750000
1,
b0010100011101000 .
b001010001110100 /
#2847000000
0,
b0010100011101001 .
b001010001110101 0
#2847250000
1,
b0010100011101010 .
b001010001110101 /
#2847500000
0,
b0010100011101011 .
b001010001110110 0
#2847750000
1,
b0010100011101100 .
b001010001110110 /
#2848000000
0,
b0010100011101101 .
b001010001110111 0
#2848250000
1,
b0010100011101110 .
b001010001110111 /
#2848500000
0,
b0010100011101111 .
b001010001111000 0
#2848750000
1,
b0010100011110000 .
b001010001111000 /
#2849000000
0,
b0010100011110001 .
b001010001111001 0
#2849250000
1,
b0010100011110010 .
b001010001111001 /
#2849500000
0,
b0010100011110011 .
b001010001111010 0
#2849750000
1,
b0010100011110100 .
b001010001111010 /
#2850000000
0,
b0010100011110101 .
b001010001111011 0
#2850250000
1,
b0010100011110110 .
b001010001111011 /
#2850500000
0,
b0010100011110111 .
b001010001111100 0
#2850750000
1,
b0010100011111000 .
b001010001111100 /
#2851000000
0,
b0010100011111001 .
b001010001111101 0
#2851250000
1,
b0010100011111010 .
b001010001111101 /
#2851500000
0,
b0010100011111011 .
b001010001111110 0
#2851750000
b01010110 (
1)
1,
b0010100011111100 .
b001010001111110 /
#2852000000
0,
b0010100011111101 .
b001010001111111 0
#2852250000
1,
b0010100011111110 .
b001010001111111 /
#2852500000
0,
b0010100011111111 .
b001010010000000 0
#2852750000
1,
b0010100100000000 .
b001010010000000 /
#2853000000
0,
b0010100100000001 .
b001010010000001 0
#2853250000
1,
b0010100100000010 .
b001010010000001 /
#2853500000
0,
b0010100100000011 .
b001010010000010 0
#2853750000
1,
b0010100100000100 .
b001010010000010 /
#2854000000
0,
b0010100100000101 .
b001010010000011 0
#2854250000
1,
b0010100100000110 .
b001010010000011 /
#2854500000
0,
b0010100100000111 .
b001010010000100 0
#2854750000
1,
b0010100100001000 .
b001010010000100 /
#2855000000
0,
b0010100100001001 .
b001010010000101 0
#2855250000
1,
b0010100100001010 .
b001010010000101 /
#2855500000
0,
b0010100100001011 .
b001010010000110 0
#2855750000
1,
b0010100100001100 .
b001010010000110 /
#2856000000
0,
b0010100100001101 .
b001010010000111 0
#2856250000
1,
b0010100100001110 .
b001010010000111 /
#2856500000
0,
b0010100100001111 .
b001010010001000 0
#2856750000
1,
b0010100100010000 .
b001010010001000 /
#2857000000
0,
b0010100100010001 .
b001010010001001 0
#2857250000
1,
b0010100100010010 .
b001010010001001 /
#2857500000
0,
b0010100100010011 .
b001010010001010 0
#2857750000
1,
b0010100100010100 .
b001010010001010 /
#2858000000
0,
b0010100100010101 .
b001010010001011 0
#2858250000
1,
b0010100100010110 .
b001010010001011 /
#2858500000
0,
b0010100100010111 .
b001010010001100 0
#2858750000
1,
b0010100100011000 .
b001010010001100 /
#2859000000
0,
b0010100100011001 .
b001010010001101 0
#2859250000
1,
b0010100100011010 .
b001010010001101 /
#2859500000
0,
b0010100100011011 .
b001010010001110 0
#2859750000
1,
b0010100100011100 .
b001010010001110 /
#2860000000
0,
b0010100100011101 .
b001010010001111 0
#2860250000
1,
b0010100100011110 .
b001010010001111 /
#2860500000
0,
b0010100100011111 .
b001010010010000 0
#2860750000
1,
b0010100100100000 .
b001010010010000 /
#2861000000
0,
b0010100100100001 .
b001010010010001 0
#2861250000
1,
b0010100100100010 .
b001010010010001 /
#2861500000
0,
b0010100100100011 .
b001010010010010 0
#2861750000
1,
b0010100100100100 .
b001010010010010 /
#2862000000
0,
b0010100100100101 .
b001010010010011 0
#2862250000
1,
b0010100100100110 .
b001010010010011 /
#2862500000
0,
b0010100100100111 .
b001010010010100 0
#2862750000
1,
b0010100100101000 .
b001010010010100 /
#2863000000
0,
b0010100100101001 .
b001010010010101 0
#2863250000
1,
b0010100100101010 .
b001010010010101 /
#2863500000
0,
b0010100100101011 .
b001010010010110 0
#2863750000
1,
b0010100100101100 .
b001010010010110 /
#2864000000
0,
b0010100100101101 .
b001010010010111 0
#2864250000
1,
b0010100100101110 .
b001010010010111 /
#2864500000
0,
b0010100100101111 .
b001010010011000 0
#2864750000
1,
b0010100100110000 .
b001010010011000 /
#2865000000
0,
b0010100100110001 .
b001010010011001 0
#2865250000
1,
b0010100100110010 .
b001010010011001 /
#2865500000
0,
b0010100100110011 .
b001010010011010 0
#2865750000
1,
b0010100100110100 .
b001010010011010 /
#2866000000
0,
b0010100100110101 .
b001010010011011 0
#2866250000
1,
b0010100100110110 .
b001010010011011 /
#2866500000
0,
b0010100100110111 .
b001010010011100 0
#2866750000
1,
b0010100100111000 .
b001010010011100 /
#2867000000
0)
0,
b0010100100111001 .
b001010010011101 0
#2867250000
1,
b0010100100111010 .
b001010010011101 /
#2867500000
0,
b0010100100111011 .
b001010010011110 0
#2867750000
1,
b0010100100111100 .
b001010010011110 /
#2868000000
0,
b0010100100111101 .
b001010010011111 0
#2868250000
1,
b0010100100111110 .
b001010010011111 /
#2868500000
0,
b0010100100111111 .
b001010010100000 0
#2868750000
1,
b0010100101000000 .
b001010010100000 /
#2869000000
0,
b0010100101000001 .
b001010010100001 0
#2869250000
1,
b0010100101000010 .
b001010010100001 /
#2869500000
0,
b0010100101000011 .
b001010010100010 0
#2869750000
1,
b0010100101000100 .
b001010010100010 /
#2870000000
0,
b0010100101000101 .
b001010010100011 0
#2870250000
1,
b0010100101000110 .
b001010010100011 /
#2870500000
0,
b0010100101000111 .
b001010010100100 0
#2870750000
1,
b0010100101001000 .
b001010010100100 /
#2871000000
0,
b0010100101001001 .
b001010010100101 0
#2871250000
1,
b0010100101001010 .
b001010010100101 /
#2871500000
0,
b0010100101001011 .
b001010010100110 0
#2871750000
1,
b0010100101001100 .
b001010010100110 /
#2872000000
0,
b0010100101001101 .
b001010010100111 0
#2872250000
1,
b0010100101001110 .
b001010010100111 /
#2872500000
0,
b0010100101001111 .
b001010010101000 0
#2872750000
1,
b0010100101010000 .
b001010010101000 /
#2873000000
0,
b0010100101010001 .
b001010010101001 0
#2873250000
1,
b0010100101010010 .
b001010010101001 /
#2873500000
0,
b0010100101010011 .
b001010010101010 0
#2873750000
1,
b0010100101010100 .
b001010010101010 /
#2874000000
0,
b0010100101010101 .
b001010010101011 0
#2874250000
1,
b0010100101010110 .
b001010010101011 /
#2874500000
0,
b0010100101010111 .
b001010010101100 0
#2874750000
1,
b0010100101011000 .
b001010010101100 /
#2875000000
0,
b0010100101011001 .
b001010010101101 0
#2875250000
1,
b0010100101011010 .
b001010010101101 /
#2875500000
0,
b0010100101011011 .
b001010010101110 0
#2875750000
1,
b0010100101011100 .
b001010010101110 /
#2876000000
0,
b0010100101011101 .
b001010010101111 0
#2876250000
1,
b0010100101011110 .
b001010010101111 /
#2876500000
0,
b0010100101011111 .
b001010010110000 0
#2876750000
1,
b0010100101100000 .
b001010010110000 /
#2877000000
0,
b0010100101100001 .
b001010010110001 0
#2877250000
1,
b0010100101100010 .
b001010010110001 /
#2877500000
0,
b0010100101100011 .
b001010010110010 0
#2877750000
1,
b0010100101100100 .
b001010010110010 /
#2878000000
0,
b0010100101100101 .
b001010010110011 0
#2878250000
1,
b0010100101100110 .
b001010010110011 /
#2878500000
0,
b0010100101100111 .
b001010010110100 0
#2878750000
1,
b0010100101101000 .
b001010010110100 /
#2879000000
0,
b0010100101101001 .
b001010010110101 0
#2879250000
1,
b0010100101101010 .
b001010010110101 /
#2879500000
0,
b0010100101101011 .
b001010010110110 0
#2879750000
1,
b0010100101101100 .
b001010010110110 /
#2880000000
0,
b0010100101101101 .
b001010010110111 0
#2880250000
1,
b0010100101101110 .
b001010010110111 /
#2880500000
0,
b0010100101101111 .
b001010010111000 0
#2880750000
1,
b0010100101110000 .
b001010010111000 /
#2881000000
0,
b0010100101110001 .
b001010010111001 0
#2881250000
1,
b0010100101110010 .
b001010010111001 /
#2881500000
0,
b0010100101110011 .
b001010010111010 0
#2881750000
1,
b0010100101110100 .
b001010010111010 /
#2882000000
0,
b0010100101110101 .
b001010010111011 0
#2882250000
b01010111 (
1)
1,
b0010100101110110 .
b001010010111011 /
#2882500000
0,
b0010100101110111 .
b001010010111100 0
#2882750000
1,
b0010100101111000 .
b001010010111100 /
#2883000000
0,
b0010100101111001 .
b001010010111101 0
#2883250000
1,
b0010100101111010 .
b001010010111101 /
#2883500000
0,
b0010100101111011 .
b001010010111110 0
#2883750000
1,
b0010100101111100 .
b001010010111110 /
#2884000000
0,
b0010100101111101 .
b001010010111111 0
#2884250000
1,
b0010100101111110 .
b001010010111111 /
#2884500000
0,
b0010100101111111 .
b001010011000000 0
#2884750000
1,
b0010100110000000 .
b001010011000000 /
#2885000000
0,
b0010100110000001 .
b001010011000001 0
#2885250000
1,
b0010100110000010 .
b001010011000001 /
#2885500000
0,
b0010100110000011 .
b001010011000010 0
#2885750000
1,
b0010100110000100 .
b001010011000010 /
#2886000000
0,
b0010100110000101 .
b001010011000011 0
#2886250000
1,
b0010100110000110 .
b001010011000011 /
#2886500000
0,
b0010100110000111 .
b001010011000100 0
#2886750000
1,
b0010100110001000 .
b001010011000100 /
#2887000000
0,
b0010100110001001 .
b001010011000101 0
#2887250000
1,
b0010100110001010 .
b001010011000101 /
#2887500000
0,
b0010100110001011 .
b001010011000110 0
#2887750000
1,
b0010100110001100 .
b001010011000110 /
#2888000000
0,
b0010100110001101 .
b001010011000111 0
#2888250000
1,
b0010100110001110 .
b001010011000111 /
#2888500000
0,
b0010100110001111 .
b001010011001000 0
#2888750000
1,
b0010100110010000 .
b001010011001000 /
#2889000000
0,
b0010100110010001 .
b001010011001001 0
#2889250000
1,
b0010100110010010 .
b001010011001001 /
#2889500000
0,
b0010100110010011 .
b001010011001010 0
#2889750000
1,
b0010100110010100 .
b001010011001010 /
#2890000000
0,
b0010100110010101 .
b001010011001011 0
#2890250000
1,
b0010100110010110 .
b001010011001011 /
#2890500000
0,
b0010100110010111 .
b001010011001100 0
#2890750000
1,
b0010100110011000 .
b001010011001100 /
#2891000000
0,
b0010100110011001 .
b001010011001101 0
#2891250000
1,
b0010100110011010 .
b001010011001101 /
#2891500000
0,
b0010100110011011 .
b001010011001110 0
#2891750000
1,
b0010100110011100 .
b001010011001110 /
#2892000000
0,
b0010100110011101 .
b001010011001111 0
#2892250000
1,
b0010100110011110 .
b001010011001111 /
#2892500000
0,
b0010100110011111 .
b001010011010000 0
#2892750000
1,
b0010100110100000 .
b001010011010000 /
#2893000000
0,
b0010100110100001 .
b001010011010001 0
#2893250000
1,
b0010100110100010 .
b001010011010001 /
#2893500000
0,
b0010100110100011 .
b001010011010010 0
#2893750000
1,
b0010100110100100 .
b001010011010010 /
#2894000000
0,
b0010100110100101 .
b001010011010011 0
#2894250000
1,
b0010100110100110 .
b001010011010011 /
#2894500000
0,
b0010100110100111 .
b001010011010100 0
#2894750000
1,
b0010100110101000 .
b001010011010100 /
#2895000000
0,
b0010100110101001 .
b001010011010101 0
#2895250000
1,
b0010100110101010 .
b001010011010101 /
#2895500000
0,
b0010100110101011 .
b001010011010110 0
#2895750000
1,
b0010100110101100 .
b001010011010110 /
#2896000000
0,
b0010100110101101 .
b001010011010111 0
#2896250000
1,
b0010100110101110 .
b001010011010111 /
#2896500000
0,
b0010100110101111 .
b001010011011000 0
#2896750000
1,
b0010100110110000 .
b001010011011000 /
#2897000000
0,
b0010100110110001 .
b001010011011001 0
#2897250000
1,
b0010100110110010 .
b001010011011001 /
#2897500000
0)
0,
b0010100110110011 .
b001010011011010 0
#2897750000
1,
b0010100110110100 .
b001010011011010 /
#2898000000
0,
b0010100110110101 .
b001010011011011 0
#2898250000
1,
b0010100110110110 .
b001010011011011 /
#2898500000
0,
b0010100110110111 .
b001010011011100 0
#2898750000
1,
b0010100110111000 .
b001010011011100 /
#2899000000
0,
b0010100110111001 .
b001010011011101 0
#2899250000
1,
b0010100110111010 .
b001010011011101 /
#2899500000
0,
b0010100110111011 .
b001010011011110 0
#2899750000
1,
b0010100110111100 .
b001010011011110 /
#2900000000
0,
b0010100110111101 .
b001010011011111 0
#2900250000
1,
b0010100110111110 .
b001010011011111 /
#2900500000
0,
b0010100110111111 .
b001010011100000 0
#2900750000
1,
b0010100111000000 .
b001010011100000 /
#2901000000
0,
b0010100111000001 .
b001010011100001 0
#2901250000
1,
b0010100111000010 .
b001010011100001 /
#2901500000
0,
b0010100111000011 .
b001010011100010 0
#2901750000
1,
b0010100111000100 .
b001010011100010 /
#2902000000
0,
b0010100111000101 .
b001010011100011 0
#2902250000
1,
b0010100111000110 .
b001010011100011 /
#2902500000
0,
b0010100111000111 .
b001010011100100 0
#2902750000
1,
b0010100111001000 .
b001010011100100 /
#2903000000
0,
b0010100111001001 .
b001010011100101 0
#2903250000
1,
b0010100111001010 .
b001010011100101 /
#2903500000
0,
b0010100111001011 .
b001010011100110 0
#2903750000
1,
b0010100111001100 .
b001010011100110 /
#2904000000
0,
b0010100111001101 .
b001010011100111 0
#2904250000
1,
b0010100111001110 .
b001010011100111 /
#2904500000
0,
b0010100111001111 .
b001010011101000 0
#2904750000
1,
b0010100111010000 .
b001010011101000 /
#2905000000
0,
b0010100111010001 .
b001010011101001 0
#2905250000
1,
b0010100111010010 .
b001010011101001 /
#2905500000
0,
b0010100111010011 .
b001010011101010 0
#2905750000
1,
b0010100111010100 .
b001010011101010 /
#2906000000
0,
b0010100111010101 .
b001010011101011 0
#2906250000
1,
b0010100111010110 .
b001010011101011 /
#2906500000
0,
b0010100111010111 .
b001010011101100 0
#2906750000
1,
b0010100111011000 .
b001010011101100 /
#2907000000
0,
b0010100111011001 .
b001010011101101 0
#2907250000
1,
b0010100111011010 .
b001010011101101 /
#2907500000
0,
b0010100111011011 .
b001010011101110 0
#2907750000
1,
b0010100111011100 .
b001010011101110 /
#2908000000
0,
b0010100111011101 .
b001010011101111 0
#2908250000
1,
b0010100111011110 .
b001010011101111 /
#2908500000
0,
b0010100111011111 .
b001010011110000 0
#2908750000
1,
b0010100111100000 .
b001010011110000 /
#2909000000
0,
b0010100111100001 .
b001010011110001 0
#2909250000
1,
b0010100111100010 .
b001010011110001 /
#2909500000
0,
b0010100111100011 .
b001010011110010 0
#2909750000
1,
b0010100111100100 .
b001010011110010 /
#2910000000
0,
b0010100111100101 .
b001010011110011 0
#2910250000
1,
b0010100111100110 .
b001010011110011 /
#2910500000
0,
b0010100111100111 .
b001010011110100 0
#2910750000
1,
b0010100111101000 .
b001010011110100 /
#2911000000
0,
b0010100111101001 .
b001010011110101 0
#2911250000
1,
b0010100111101010 .
b001010011110101 /
#2911500000
0,
b0010100111101011 .
b001010011110110 0
#2911750000
1,
b0010100111101100 .
b001010011110110 /
#2912000000
0,
b0010100111101101 .
b001010011110111 0
#2912250000
1,
b0010100111101110 .
b001010011110111 /
#2912500000
0,
b0010100111101111 .
b001010011111000 0
#2912750000
b01011000 (
1)
1,
b0010100111110000 .
b001010011111000 /
#2913000000
0,
b0010100111110001 .
b001010011111001 0
#2913250000
1,
b0010100111110010 .
b001010011111001 /
#2913500000
0,
b0010100111110011 .
b001010011111010 0
#2913750000
1,
b0010100111110100 .
b001010011111010 /
#2914000000
0,
b0010100111110101 .
b001010011111011 0
#2914250000
1,
b0010100111110110 .
b001010011111011 /
#2914500000
0,
b0010100111110111 .
b001010011111100 0
#2914750000
1,
b0010100111111000 .
b001010011111100 /
#2915000000
0,
b0010100111111001 .
b001010011111101 0
#2915250000
1,
b0010100111111010 .
b001010011111101 /
#2915500000
0,
b0010100111111011 .
b001010011111110 0
#2915750000
1,
b0010100111111100 .
b001010011111110 /
#2916000000
0,
b0010100111111101 .
b001010011111111 0
#2916250000
1,
b0010100111111110 .
b001010011111111 /
#2916500000
0,
b0010100111111111 .
b001010100000000 0
#2916750000
1,
b0010101000000000 .
b001010100000000 /
#2917000000
0,
b0010101000000001 .
b001010100000001 0
#2917250000
1,
b0010101000000010 .
b001010100000001 /
#2917500000
0,
b0010101000000011 .
b001010100000010 0
#2917750000
1,
b0010101000000100 .
b001010100000010 /
#2918000000
0,
b0010101000000101 .
b001010100000011 0
#2918250000
1,
b0010101000000110 .
b001010100000011 /
#2918500000
0,
b0010101000000111 .
b001010100000100 0
#2918750000
1,
b0010101000001000 .
b001010100000100 /
#2919000000
0,
b0010101000001001 .
b001010100000101 0
#2919250000
1,
b0010101000001010 .
b001010100000101 /
#2919500000
0,
b0010101000001011 .
b001010100000110 0
#2919750000
1,
b0010101000001100 .
b001010100000110 /
#2920000000
0,
b0010101000001101 .
b001010100000111 0
#2920250000
1,
b0010101000001110 .
b001010100000111 /
#2920500000
0,
b0010101000001111 .
b001010100001000 0
#2920750000
1,
b0010101000010000 .
b001010100001000 /
#2921000000
0,
b0010101000010001 .
b001010100001001 0
#2921250000
1,
b0010101000010010 .
b001010100001001 /
#2921500000
0,
b0010101000010011 .
b001010100001010 0
#2921750000
1,
b0010101000010100 .
b001010100001010 /
#2922000000
0,
b0010101000010101 .
b001010100001011 0
#2922250000
1,
b0010101000010110 .
b001010100001011 /
#2922500000
0,
b0010101000010111 .
b001010100001100 0
#2922750000
1,
b0010101000011000 .
b001010100001100 /
#2923000000
0,
b0010101000011001 .
b001010100001101 0
#2923250000
1,
b0010101000011010 .
b001010100001101 /
#2923500000
0,
b0010101000011011 .
b001010100001110 0
#2923750000
1,
b0010101000011100 .
b001010100001110 /
#2924000000
0,
b0010101000011101 .
b001010100001111 0
#2924250000
1,
b0010101000011110 .
b001010100001111 /
#2924500000
0,
b0010101000011111 .
b001010100010000 0
#2924750000
1,
b0010101000100000 .
b001010100010000 /
#2925000000
0,
b0010101000100001 .
b001010100010001 0
#2925250000
1,
b0010101000100010 .
b001010100010001 /
#2925500000
0,
b0010101000100011 .
b001010100010010 0
#2925750000
1,
b0010101000100100 .
b001010100010010 /
#2926000000
0,
b0010101000100101 .
b001010100010011 0
#2926250000
1,
b0010101000100110 .
b001010100010011 /
#2926500000
0,
b0010101000100111 .
b001010100010100 0
#2926750000
1,
b0010101000101000 .
b001010100010100 /
#2927000000
0,
b0010101000101001 .
b001010100010101 0
#2927250000
1,
b0010101000101010 .
b001010100010101 /
#2927500000
0,
b0010101000101011 .
b001010100010110 0
#2927750000
1,
b0010101000101100 .
b001010100010110 /
#2928000000
0)
0,
b0010101000101101 .
b001010100010111 0
#2928250000
1,
b0010101000101110 .
b001010100010111 /
#2928500000
0,
b0010101000101111 .
b001010100011000 0
#2928750000
1,
b0010101000110000 .
b001010100011000 /
#2929000000
0,
b0010101000110001 .
b001010100011001 0
#2929250000
1,
b0010101000110010 .
b001010100011001 /
#2929500000
0,
b0010101000110011 .
b001010100011010 0
#2929750000
1,
b0010101000110100 .
b001010100011010 /
#2930000000
0,
b0010101000110101 .
b001010100011011 0
#2930250000
1,
b0010101000110110 .
b001010100011011 /
#2930500000
0,
b0010101000110111 .
b001010100011100 0
#2930750000
1,
b0010101000111000 .
b001010100011100 /
#2931000000
0,
b0010101000111001 .
b001010100011101 0
#2931250000
1,
b0010101000111010 .
b001010100011101 /
#2931500000
0,
b0010101000111011 .
b001010100011110 0
#2931750000
1,
b0010101000111100 .
b001010100011110 /
#2932000000
0,
b0010101000111101 .
b001010100011111 0
#2932250000
1,
b0010101000111110 .
b001010100011111 /
#2932500000
0,
b0010101000111111 .
b001010100100000 0
#2932750000
1,
b0010101001000000 .
b001010100100000 /
#2933000000
0,
b0010101001000001 .
b001010100100001 0
#2933250000
1,
b0010101001000010 .
b001010100100001 /
#2933500000
0,
b0010101001000011 .
b001010100100010 0
#2933750000
1,
b0010101001000100 .
b001010100100010 /
#2934000000
0,
b0010101001000101 .
b001010100100011 0
#2934250000
1,
b0010101001000110 .
b001010100100011 /
#2934500000
0,
b0010101001000111 .
b001010100100100 0
#2934750000
1,
b0010101001001000 .
b001010100100100 /
#2935000000
0,
b0010101001001001 .
b001010100100101 0
#2935250000
1,
b0010101001001010 .
b001010100100101 /
#2935500000
0,
b0010101001001011 .
b001010100100110 0
#2935750000
1,
b0010101001001100 .
b001010100100110 /
#2936000000
0,
b0010101001001101 .
b001010100100111 0
#2936250000
1,
b0010101001001110 .
b001010100100111 /
#2936500000
0,
b0010101001001111 .
b001010100101000 0
#2936750000
1,
b0010101001010000 .
b001010100101000 /
#2937000000
0,
b0010101001010001 .
b001010100101001 0
#2937250000
1,
b0010101001010010 .
b001010100101001 /
#2937500000
0,
b0010101001010011 .
b001010100101010 0
#2937750000
1,
b0010101001010100 .
b001010100101010 /
#2938000000
0,
b0010101001010101 .
b001010100101011 0
#2938250000
1,
b0010101001010110 .
b001010100101011 /
#2938500000
0,
b0010101001010111 .
b001010100101100 0
#2938750000
1,
b0010101001011000 .
b001010100101100 /
#2939000000
0,
b0010101001011001 .
b001010100101101 0
#2939250000
1,
b0010101001011010 .
b001010100101101 /
#2939500000
0,
b0010101001011011 .
b001010100101110 0
#2939750000
1,
b0010101001011100 .
b001010100101110 /
#2940000000
0,
b0010101001011101 .
b001010100101111 0
#2940250000
1,
b0010101001011110 .
b001010100101111 /
#2940500000
0,
b0010101001011111 .
b001010100110000 0
#2940750000
1,
b0010101001100000 .
b001010100110000 /
#2941000000
0,
b0010101001100001 .
b001010100110001 0
#2941250000
1,
b0010101001100010 .
b001010100110001 /
#2941500000
0,
b0010101001100011 .
b001010100110010 0
#2941750000
1,
b0010101001100100 .
b001010100110010 /
#2942000000
0,
b0010101001100101 .
b001010100110011 0
#2942250000
1,
b0010101001100110 .
b001010100110011 /
#2942500000
0,
b0010101001100111 .
b001010100110100 0
#2942750000
1,
b0010101001101000 .
b001010100110100 /
#2943000000
0,
b0010101001101001 .
b001010100110101 0
#2943250000
b01011001 (
1)
1,
b0010101001101010 .
b001010100110101 /
#2943500000
0,
b0010101001101011 .
b001010100110110 0
#2943750000
1,
b0010101001101100 .
b001010100110110 /
#2944000000
0,
b0010101001101101 .
b001010100110111 0
#2944250000
1,
b0010101001101110 .
b001010100110111 /
#2944500000
0,
b0010101001101111 .
b001010100111000 0
#2944750000
1,
b0010101001110000 .
b001010100111000 /
#2945000000
0,
b0010101001110001 .
b001010100111001 0
#2945250000
1,
b0010101001110010 .
b001010100111001 /
#2945500000
0,
b0010101001110011 .
b001010100111010 0
#2945750000
1,
b0010101001110100 .
b001010100111010 /
#2946000000
0,
b0010101001110101 .
b001010100111011 0
#2946250000
1,
b0010101001110110 .
b001010100111011 /
#2946500000
0,
b0010101001110111 .
b001010100111100 0
#2946750000
1,
b0010101001111000 .
b001010100111100 /
#2947000000
0,
b0010101001111001 .
b001010100111101 0
#2947250000
1,
b0010101001111010 .
b001010100111101 /
#2947500000
0,
b0010101001111011 .
b001010100111110 0
#2947750000
1,
b0010101001111100 .
b001010100111110 /
#2948000000
0,
b0010101001111101 .
b001010100111111 0
#2948250000
1,
b0010101001111110 .
b001010100111111 /
#2948500000
0,
b0010101001111111 .
b001010101000000 0
#2948750000
1,
b0010101010000000 .
b001010101000000 /
#2949000000
0,
b0010101010000001 .
b001010101000001 0
#2949250000
1,
b0010101010000010 .
b001010101000001 /
#2949500000
0,
b0010101010000011 .
b001010101000010 0
#2949750000
1,
b0010101010000100 .
b001010101000010 /
#2950000000
0,
b0010101010000101 .
b001010101000011 0
#2950250000
1,
b0010101010000110 .
b001010101000011 /
#2950500000
0,
b0010101010000111 .
b001010101000100 0
#2950750000
1,
b0010101010001000 .
b001010101000100 /
#2951000000
0,
b0010101010001001 .
b001010101000101 0
#2951250000
1,
b0010101010001010 .
b001010101000101 /
#2951500000
0,
b0010101010001011 .
b001010101000110 0
#2951750000
1,
b0010101010001100 .
b001010101000110 /
#2952000000
0,
b0010101010001101 .
b001010101000111 0
#2952250000
1,
b0010101010001110 .
b001010101000111 /
#2952500000
0,
b0010101010001111 .
b001010101001000 0
#2952750000
1,
b0010101010010000 .
b001010101001000 /
#2953000000
0,
b0010101010010001 .
b001010101001001 0
#2953250000
1,
b0010101010010010 .
b001010101001001 /
#2953500000
0,
b0010101010010011 .
b001010101001010 0
#2953750000
1,
b0010101010010100 .
b001010101001010 /
#2954000000
0,
b0010101010010101 .
b001010101001011 0
#2954250000
1,
b0010101010010110 .
b001010101001011 /
#2954500000
0,
b0010101010010111 .
b001010101001100 0
#2954750000
1,
b0010101010011000 .
b001010101001100 /
#2955000000
0,
b0010101010011001 .
b001010101001101 0
#2955250000
1,
b0010101010011010 .
b001010101001101 /
#2955500000
0,
b0010101010011011 .
b001010101001110 0
#2955750000
1,
b0010101010011100 .
b001010101001110 /
#2956000000
0,
b0010101010011101 .
b001010101001111 0
#2956250000
1,
b0010101010011110 .
b001010101001111 /
#2956500000
0,
b0010101010011111 .
b001010101010000 0
#2956750000
1,
b0010101010100000 .
b001010101010000 /
#2957000000
0,
b0010101010100001 .
b001010101010001 0
#2957250000
1,
b0010101010100010 .
b001010101010001 /
#2957500000
0,
b0010101010100011 .
b001010101010010 0
#2957750000
1,
b0010101010100100 .
b001010101010010 /
#2958000000
0,
b0010101010100101 .
b001010101010011 0
#2958250000
1,
b0010101010100110 .
b001010101010011 /
#2958500000
0)
0,
b0010101010100111 .
b001010101010100 0
#2958750000
1,
b0010101010101000 .
b001010101010100 /
#2959000000
0,
b0010101010101001 .
b001010101010101 0
#2959250000
1,
b0010101010101010 .
b001010101010101 /
#2959500000
0,
b0010101010101011 .
b001010101010110 0
#2959750000
1,
b0010101010101100 .
b001010101010110 /
#2960000000
0,
b0010101010101101 .
b001010101010111 0
#2960250000
1,
b0010101010101110 .
b001010101010111 /
#2960500000
0,
b0010101010101111 .
b001010101011000 0
#2960750000
1,
b0010101010110000 .
b001010101011000 /
#2961000000
0,
b0010101010110001 .
b001010101011001 0
#2961250000
1,
b0010101010110010 .
b001010101011001 /
#2961500000
0,
b0010101010110011 .
b001010101011010 0
#2961750000
1,
b0010101010110100 .
b001010101011010 /
#2962000000
0,
b0010101010110101 .
b001010101011011 0
#2962250000
1,
b0010101010110110 .
b001010101011011 /
#2962500000
0,
b0010101010110111 .
b001010101011100 0
#2962750000
1,
b0010101010111000 .
b001010101011100 /
#2963000000
0,
b0010101010111001 .
b001010101011101 0
#2963250000
1,
b0010101010111010 .
b001010101011101 /
#2963500000
0,
b0010101010111011 .
b001010101011110 0
#2963750000
1,
b0010101010111100 .
b001010101011110 /
#2964000000
0,
b0010101010111101 .
b001010101011111 0
#2964250000
1,
b0010101010111110 .
b001010101011111 /
#2964500000
0,
b0010101010111111 .
b001010101100000 0
#2964750000
1,
b0010101011000000 .
b001010101100000 /
#2965000000
0,
b0010101011000001 .
b001010101100001 0
#2965250000
1,
b0010101011000010 .
b001010101100001 /
#2965500000
0,
b0010101011000011 .
b001010101100010 0
#2965750000
1,
b0010101011000100 .
b001010101100010 /
#2966000000
0,
b0010101011000101 .
b001010101100011 0
#2966250000
1,
b0010101011000110 .
b001010101100011 /
#2966500000
0,
b0010101011000111 .
b001010101100100 0
#2966750000
1,
b0010101011001000 .
b001010101100100 /
#2967000000
0,
b0010101011001001 .
b001010101100101 0
#2967250000
1,
b0010101011001010 .
b001010101100101 /
#2967500000
0,
b0010101011001011 .
b001010101100110 0
#2967750000
1,
b0010101011001100 .
b001010101100110 /
#2968000000
0,
b0010101011001101 .
b001010101100111 0
#2968250000
1,
b0010101011001110 .
b001010101100111 /
#2968500000
0,
b0010101011001111 .
b001010101101000 0
#2968750000
1,
b0010101011010000 .
b001010101101000 /
#2969000000
0,
b0010101011010001 .
b001010101101001 0
#2969250000
1,
b0010101011010010 .
b001010101101001 /
#2969500000
0,
b0010101011010011 .
b001010101101010 0
#2969750000
1,
b0010101011010100 .
b001010101101010 /
#2970000000
0,
b0010101011010101 .
b001010101101011 0
#2970250000
1,
b0010101011010110 .
b001010101101011 /
#2970500000
0,
b0010101011010111 .
b001010101101100 0
#2970750000
1,
b0010101011011000 .
b001010101101100 /
#2971000000
0,
b0010101011011001 .
b001010101101101 0
#2971250000
1,
b0010101011011010 .
b001010101101101 /
#2971500000
0,
b0010101011011011 .
b001010101101110 0
#2971750000
1,
b0010101011011100 .
b001010101101110 /
#2972000000
0,
b0010101011011101 .
b001010101101111 0
#2972250000
1,
b0010101011011110 .
b001010101101111 /
#2972500000
0,
b0010101011011111 .
b001010101110000 0
#2972750000
1,
b0010101011100000 .
b001010101110000 /
#2973000000
0,
b0010101011100001 .
b001010101110001 0
#2973250000
1,
b0010101011100010 .
b001010101110001 /
#2973500000
0,
b0010101011100011 .
b001010101110010 0
#2973750000
b01011010 (
1)
1,
b0010101011100100 .
b001010101110010 /
#2974000000
0,
b0010101011100101 .
b001010101110011 0
#2974250000
1,
b0010101011100110 .
b001010101110011 /
#2974500000
0,
b0010101011100111 .
b001010101110100 0
#2974750000
1,
b0010101011101000 .
b001010101110100 /
#2975000000
0,
b0010101011101001 .
b001010101110101 0
#2975250000
1,
b0010101011101010 .
b001010101110101 /
#2975500000
0,
b0010101011101011 .
b001010101110110 0
#2975750000
1,
b0010101011101100 .
b001010101110110 /
#2976000000
0,
b0010101011101101 .
b001010101110111 0
#2976250000
1,
b0010101011101110 .
b001010101110111 /
#2976500000
0,
b0010101011101111 .
b001010101111000 0
#2976750000
1,
b0010101011110000 .
b001010101111000 /
#2977000000
0,
b0010101011110001 .
b001010101111001 0
#2977250000
1,
b0010101011110010 .
b001010101111001 /
#2977500000
0,
b0010101011110011 .
b001010101111010 0
#2977750000
1,
b0010101011110100 .
b001010101111010 /
#2978000000
0,
b0010101011110101 .
b001010101111011 0
#2978250000
1,
b0010101011110110 .
b001010101111011 /
#2978500000
0,
b0010101011110111 .
b001010101111100 0
#2978750000
1,
b0010101011111000 .
b001010101111100 /
#2979000000
0,
b0010101011111001 .
b001010101111101 0
#2979250000
1,
b0010101011111010 .
b001010101111101 /
#2979500000
0,
b0010101011111011 .
b001010101111110 0
#2979750000
1,
b0010101011111100 .
b001010101111110 /
#2980000000
0,
b0010101011111101 .
b001010101111111 0
#2980250000
1,
b0010101011111110 .
b001010101111111 /
#2980500000
0,
b0010101011111111 .
b001010110000000 0
#2980750000
1,
b0010101100000000 .
b001010110000000 /
#2981000000
0,
b0010101100000001 .
b001010110000001 0
#2981250000
1,
b0010101100000010 .
b001010110000001 /
#2981500000
0,
b0010101100000011 .
b001010110000010 0
#2981750000
1,
b0010101100000100 .
b001010110000010 /
#2982000000
0,
b0010101100000101 .
b001010110000011 0
#2982250000
1,
b0010101100000110 .
b001010110000011 /
#2982500000
0,
b0010101100000111 .
b001010110000100 0
#2982750000
1,
b0010101100001000 .
b001010110000100 /
#2983000000
0,
b0010101100001001 .
b001010110000101 0
#2983250000
1,
b0010101100001010 .
b001010110000101 /
#2983500000
0,
b0010101100001011 .
b001010110000110 0
#2983750000
1,
b0010101100001100 .
b001010110000110 /
#2984000000
0,
b0010101100001101 .
b001010110000111 0
#2984250000
1,
b0010101100001110 .
b001010110000111 /
#2984500000
0,
b0010101100001111 .
b001010110001000 0
#2984750000
1,
b0010101100010000 .
b001010110001000 /
#2985000000
0,
b0010101100010001 .
b001010110001001 0
#2985250000
1,
b0010101100010010 .
b001010110001001 /
#2985500000
0,
b0010101100010011 .
b001010110001010 0
#2985750000
1,
b0010101100010100 .
b001010110001010 /
#2986000000
0,
b0010101100010101 .
b001010110001011 0
#2986250000
1,
b0010101100010110 .
b001010110001011 /
#2986500000
0,
b0010101100010111 .
b001010110001100 0
#2986750000
1,
b0010101100011000 .
b001010110001100 /
#2987000000
0,
b0010101100011001 .
b001010110001101 0
#2987250000
1,
b0010101100011010 .
b001010110001101 /
#2987500000
0,
b0010101100011011 .
b001010110001110 0
#2987750000
1,
b0010101100011100 .
b001010110001110 /
#2988000000
0,
b0010101100011101 .
b001010110001111 0
#2988250000
1,
b0010101100011110 .
b001010110001111 /
#2988500000
0,
b0010101100011111 .
b001010110010000 0
#2988750000
1,
b0010101100100000 .
b001010110010000 /
#2989000000
0)
0,
b0010101100100001 .
b001010110010001 0
#2989250000
1,
b0010101100100010 .
b001010110010001 /
#2989500000
0,
b0010101100100011 .
b001010110010010 0
#2989750000
1,
b0010101100100100 .
b001010110010010 /
#2990000000
0,
b0010101100100101 .
b001010110010011 0
#2990250000
1,
b0010101100100110 .
b001010110010011 /
#2990500000
0,
b0010101100100111 .
b001010110010100 0
#2990750000
1,
b0010101100101000 .
b001010110010100 /
#2991000000
0,
b0010101100101001 .
b001010110010101 0
#2991250000
1,
b0010101100101010 .
b001010110010101 /
#2991500000
0,
b0010101100101011 .
b001010110010110 0
#2991750000
1,
b0010101100101100 .
b001010110010110 /
#2992000000
0,
b0010101100101101 .
b001010110010111 0
#2992250000
1,
b0010101100101110 .
b001010110010111 /
#2992500000
0,
b0010101100101111 .
b001010110011000 0
#2992750000
1,
b0010101100110000 .
b001010110011000 /
#2993000000
0,
b0010101100110001 .
b001010110011001 0
#2993250000
1,
b0010101100110010 .
b001010110011001 /
#2993500000
0,
b0010101100110011 .
b001010110011010 0
#2993750000
1,
b0010101100110100 .
b001010110011010 /
#2994000000
0,
b0010101100110101 .
b001010110011011 0
#2994250000
1,
b0010101100110110 .
b001010110011011 /
#2994500000
0,
b0010101100110111 .
b001010110011100 0
#2994750000
1,
b0010101100111000 .
b001010110011100 /
#2995000000
0,
b0010101100111001 .
b001010110011101 0
#2995250000
1,
b0010101100111010 .
b001010110011101 /
#2995500000
0,
b0010101100111011 .
b001010110011110 0
#2995750000
1,
b0010101100111100 .
b001010110011110 /
#2996000000
0,
b0010101100111101 .
b001010110011111 0
#2996250000
1,
b0010101100111110 .
b001010110011111 /
#2996500000
0,
b0010101100111111 .
b001010110100000 0
#2996750000
1,
b0010101101000000 .
b001010110100000 /
#2997000000
0,
b0010101101000001 .
b001010110100001 0
#2997250000
1,
b0010101101000010 .
b001010110100001 /
#2997500000
0,
b0010101101000011 .
b001010110100010 0
#2997750000
1,
b0010101101000100 .
b001010110100010 /
#2998000000
0,
b0010101101000101 .
b001010110100011 0
#2998250000
1,
b0010101101000110 .
b001010110100011 /
#2998500000
0,
b0010101101000111 .
b001010110100100 0
#2998750000
1,
b0010101101001000 .
b001010110100100 /
#2999000000
0,
b0010101101001001 .
b001010110100101 0
#2999250000
1,
b0010101101001010 .
b001010110100101 /
#2999500000
0,
b0010101101001011 .
b001010110100110 0
#2999750000
1,
b0010101101001100 .
b001010110100110 /
#3000000000
0,
b0010101101001101 .
b001010110100111 0
#3000250000
1,
b0010101101001110 .
b001010110100111 /
#3000500000
0,
b0010101101001111 .
b001010110101000 0
#3000750000
1,
b0010101101010000 .
b001010110101000 /
#3001000000
0,
b0010101101010001 .
b001010110101001 0
#3001250000
1,
b0010101101010010 .
b001010110101001 /
#3001500000
0,
b0010101101010011 .
b001010110101010 0
#3001750000
1,
b0010101101010100 .
b001010110101010 /
#3002000000
0,
b0010101101010101 .
b001010110101011 0
#3002250000
1,
b0010101101010110 .
b001010110101011 /
#3002500000
0,
b0010101101010111 .
b001010110101100 0
#3002750000
1,
b0010101101011000 .
b001010110101100 /
#3003000000
0,
b0010101101011001 .
b001010110101101 0
#3003250000
1,
b0010101101011010 .
b001010110101101 /
#3003500000
0,
b0010101101011011 .
b001010110101110 0
#3003750000
1,
b0010101101011100 .
b001010110101110 /
#3004000000
0,
b0010101101011101 .
b001010110101111 0
#3004250000
b01011011 (
1)
1,
b0010101101011110 .
b001010110101111 /
#3004500000
0,
b0010101101011111 .
b001010110110000 0
#3004750000
1,
b0010101101100000 .
b001010110110000 /
#3005000000
0,
b0010101101100001 .
b001010110110001 0
#3005250000
1,
b0010101101100010 .
b001010110110001 /
#3005500000
0,
b0010101101100011 .
b001010110110010 0
#3005750000
1,
b0010101101100100 .
b001010110110010 /
#3006000000
0,
b0010101101100101 .
b001010110110011 0
#3006250000
1,
b0010101101100110 .
b001010110110011 /
#3006500000
0,
b0010101101100111 .
b001010110110100 0
#3006750000
1,
b0010101101101000 .
b001010110110100 /
#3007000000
0,
b0010101101101001 .
b001010110110101 0
#3007250000
1,
b0010101101101010 .
b001010110110101 /
#3007500000
0,
b0010101101101011 .
b001010110110110 0
#3007750000
1,
b0010101101101100 .
b001010110110110 /
#3008000000
0,
b0010101101101101 .
b001010110110111 0
#3008250000
1,
b0010101101101110 .
b001010110110111 /
#3008500000
0,
b0010101101101111 .
b001010110111000 0
#3008750000
1,
b0010101101110000 .
b001010110111000 /
#3009000000
0,
b0010101101110001 .
b001010110111001 0
#3009250000
1,
b0010101101110010 .
b001010110111001 /
#3009500000
0,
b0010101101110011 .
b001010110111010 0
#3009750000
1,
b0010101101110100 .
b001010110111010 /
#3010000000
0,
b0010101101110101 .
b001010110111011 0
#3010250000
1,
b0010101101110110 .
b001010110111011 /
#3010500000
0,
b0010101101110111 .
b001010110111100 0
#3010750000
1,
b0010101101111000 .
b001010110111100 /
#3011000000
0,
b0010101101111001 .
b001010110111101 0
#3011250000
1,
b0010101101111010 .
b001010110111101 /
#3011500000
0,
b0010101101111011 .
b001010110111110 0
#3011750000
1,
b0010101101111100 .
b001010110111110 /
#3012000000
0,
b0010101101111101 .
b001010110111111 0
#3012250000
1,
b0010101101111110 .
b001010110111111 /
#3012500000
0,
b0010101101111111 .
b001010111000000 0
#3012750000
1,
b0010101110000000 .
b001010111000000 /
#3013000000
0,
b0010101110000001 .
b001010111000001 0
#3013250000
1,
b0010101110000010 .
b001010111000001 /
#3013500000
0,
b0010101110000011 .
b001010111000010 0
#3013750000
1,
b0010101110000100 .
b001010111000010 /
#3014000000
0,
b0010101110000101 .
b001010111000011 0
#3014250000
1,
b0010101110000110 .
b001010111000011 /
#3014500000
0,
b0010101110000111 .
b001010111000100 0
#3014750000
1,
b0010101110001000 .
b001010111000100 /
#3015000000
0,
b0010101110001001 .
b001010111000101 0
#3015250000
1,
b0010101110001010 .
b001010111000101 /
#3015500000
0,
b0010101110001011 .
b001010111000110 0
#3015750000
1,
b0010101110001100 .
b001010111000110 /
#3016000000
0,
b0010101110001101 .
b001010111000111 0
#3016250000
1,
b0010101110001110 .
b001010111000111 /
#3016500000
0,
b0010101110001111 .
b001010111001000 0
#3016750000
1,
b0010101110010000 .
b001010111001000 /
#3017000000
0,
b0010101110010001 .
b001010111001001 0
#3017250000
1,
b0010101110010010 .
b001010111001001 /
#3017500000
0,
b0010101110010011 .
b001010111001010 0
#3017750000
1,
b0010101110010100 .
b001010111001010 /
#3018000000
0,
b0010101110010101 .
b001010111001011 0
#3018250000
1,
b0010101110010110 .
b001010111001011 /
#3018500000
0,
b0010101110010111 .
b001010111001100 0
#3018750000
1,
b0010101110011000 .
b001010111001100 /
#3019000000
0,
b0010101110011001 .
b001010111001101 0
#3019250000
1,
b0010101110011010 .
b001010111001101 /
#3019500000
0)
0,
b0010101110011011 .
b001010111001110 0
#3019750000
1,
b0010101110011100 .
b001010111001110 /
#3020000000
0,
b0010101110011101 .
b001010111001111 0
#3020250000
1,
b0010101110011110 .
b001010111001111 /
#3020500000
0,
b0010101110011111 .
b001010111010000 0
#3020750000
1,
b0010101110100000 .
b001010111010000 /
#3021000000
0,
b0010101110100001 .
b001010111010001 0
#3021250000
1,
b0010101110100010 .
b001010111010001 /
#3021500000
0,
b0010101110100011 .
b001010111010010 0
#3021750000
1,
b0010101110100100 .
b001010111010010 /
#3022000000
0,
b0010101110100101 .
b001010111010011 0
#3022250000
1,
b0010101110100110 .
b001010111010011 /
#3022500000
0,
b0010101110100111 .
b001010111010100 0
#3022750000
1,
b0010101110101000 .
b001010111010100 /
#3023000000
0,
b0010101110101001 .
b001010111010101 0
#3023250000
1,
b0010101110101010 .
b001010111010101 /
#3023500000
0,
b0010101110101011 .
b001010111010110 0
#3023750000
1,
b0010101110101100 .
b001010111010110 /
#3024000000
0,
b0010101110101101 .
b001010111010111 0
#3024250000
1,
b0010101110101110 .
b001010111010111 /
#3024500000
0,
b0010101110101111 .
b001010111011000 0
#3024750000
1,
b0010101110110000 .
b001010111011000 /
#3025000000
0,
b0010101110110001 .
b001010111011001 0
#3025250000
1,
b0010101110110010 .
b001010111011001 /
#3025500000
0,
b0010101110110011 .
b001010111011010 0
#3025750000
1,
b0010101110110100 .
b001010111011010 /
#3026000000
0,
b0010101110110101 .
b001010111011011 0
#3026250000
1,
b0010101110110110 .
b001010111011011 /
#3026500000
0,
b0010101110110111 .
b001010111011100 0
#3026750000
1,
b0010101110111000 .
b001010111011100 /
#3027000000
0,
b0010101110111001 .
b001010111011101 0
#3027250000
1,
b0010101110111010 .
b001010111011101 /
#3027500000
0,
b0010101110111011 .
b001010111011110 0
#3027750000
1,
b0010101110111100 .
b001010111011110 /
#3028000000
0,
b0010101110111101 .
b001010111011111 0
#3028250000
1,
b0010101110111110 .
b001010111011111 /
#3028500000
0,
b0010101110111111 .
b001010111100000 0
#3028750000
1,
b0010101111000000 .
b001010111100000 /
#3029000000
0,
b0010101111000001 .
b001010111100001 0
#3029250000
1,
b0010101111000010 .
b001010111100001 /
#3029500000
0,
b0010101111000011 .
b001010111100010 0
#3029750000
1,
b0010101111000100 .
b001010111100010 /
#3030000000
0,
b0010101111000101 .
b001010111100011 0
#3030250000
1,
b0010101111000110 .
b001010111100011 /
#3030500000
0,
b0010101111000111 .
b001010111100100 0
#3030750000
1,
b0010101111001000 .
b001010111100100 /
#3031000000
0,
b0010101111001001 .
b001010111100101 0
#3031250000
1,
b0010101111001010 .
b001010111100101 /
#3031500000
0,
b0010101111001011 .
b001010111100110 0
#3031750000
1,
b0010101111001100 .
b001010111100110 /
#3032000000
0,
b0010101111001101 .
b001010111100111 0
#3032250000
1,
b0010101111001110 .
b001010111100111 /
#3032500000
0,
b0010101111001111 .
b001010111101000 0
#3032750000
1,
b0010101111010000 .
b001010111101000 /
#3033000000
0,
b0010101111010001 .
b001010111101001 0
#3033250000
1,
b0010101111010010 .
b001010111101001 /
#3033500000
0,
b0010101111010011 .
b001010111101010 0
#3033750000
1,
b0010101111010100 .
b001010111101010 /
#3034000000
0,
b0010101111010101 .
b001010111101011 0
#3034250000
1,
b0010101111010110 .
b001010111101011 /
#3034500000
0,
b0010101111010111 .
b001010111101100 0
#3034750000
b01011100 (
1)
1,
b0010101111011000 .
b001010111101100 /
#3035000000
0,
b0010101111011001 .
b001010111101101 0
#3035250000
1,
b0010101111011010 .
b001010111101101 /
#3035500000
0,
b0010101111011011 .
b001010111101110 0
#3035750000
1,
b0010101111011100 .
b001010111101110 /
#3036000000
0,
b0010101111011101 .
b001010111101111 0
#3036250000
1,
b0010101111011110 .
b001010111101111 /
#3036500000
0,
b0010101111011111 .
b001010111110000 0
#3036750000
1,
b0010101111100000 .
b001010111110000 /
#3037000000
0,
b0010101111100001 .
b001010111110001 0
#3037250000
1,
b0010101111100010 .
b001010111110001 /
#3037500000
0,
b0010101111100011 .
b001010111110010 0
#3037750000
1,
b0010101111100100 .
b001010111110010 /
#3038000000
0,
b0010101111100101 .
b001010111110011 0
#3038250000
1,
b0010101111100110 .
b001010111110011 /
#3038500000
0,
b0010101111100111 .
b001010111110100 0
#3038750000
1,
b0010101111101000 .
b001010111110100 /
#3039000000
0,
b0010101111101001 .
b001010111110101 0
#3039250000
1,
b0010101111101010 .
b001010111110101 /
#3039500000
0,
b0010101111101011 .
b001010111110110 0
#3039750000
1,
b0010101111101100 .
b001010111110110 /
#3040000000
0,
b0010101111101101 .
b001010111110111 0
#3040250000
1,
b0010101111101110 .
b001010111110111 /
#3040500000
0,
b0010101111101111 .
b001010111111000 0
#3040750000
1,
b0010101111110000 .
b001010111111000 /
#3041000000
0,
b0010101111110001 .
b001010111111001 0
#3041250000
1,
b0010101111110010 .
b001010111111001 /
#3041500000
0,
b0010101111110011 .
b001010111111010 0
#3041750000
1,
b0010101111110100 .
b001010111111010 /
#3042000000
0,
b0010101111110101 .
b001010111111011 0
#3042250000
1,
b0010101111110110 .
b001010111111011 /
#3042500000
0,
b0010101111110111 .
b001010111111100 0
#3042750000
1,
b0010101111111000 .
b001010111111100 /
#3043000000
0,
b0010101111111001 .
b001010111111101 0
#3043250000
1,
b0010101111111010 .
b001010111111101 /
#3043500000
0,
b0010101111111011 .
b001010111111110 0
#3043750000
1,
b0010101111111100 .
b001010111111110 /
#3044000000
0,
b0010101111111101 .
b001010111111111 0
#3044250000
1,
b0010101111111110 .
b001010111111111 /
#3044500000
0,
b0010101111111111 .
b001011000000000 0
#3044750000
1,
b0010110000000000 .
b001011000000000 /
#3045000000
0,
b0010110000000001 .
b001011000000001 0
#3045250000
1,
b0010110000000010 .
b001011000000001 /
#3045500000
0,
b0010110000000011 .
b001011000000010 0
#3045750000
1,
b0010110000000100 .
b001011000000010 /
#3046000000
0,
b0010110000000101 .
b001011000000011 0
#3046250000
1,
b0010110000000110 .
b001011000000011 /
#3046500000
0,
b0010110000000111 .
b001011000000100 0
#3046750000
1,
b0010110000001000 .
b001011000000100 /
#3047000000
0,
b0010110000001001 .
b001011000000101 0
#3047250000
1,
b0010110000001010 .
b001011000000101 /
#3047500000
0,
b0010110000001011 .
b001011000000110 0
#3047750000
1,
b0010110000001100 .
b001011000000110 /
#3048000000
0,
b0010110000001101 .
b001011000000111 0
#3048250000
1,
b0010110000001110 .
b001011000000111 /
#3048500000
0,
b0010110000001111 .
b001011000001000 0
#3048750000
1,
b0010110000010000 .
b001011000001000 /
#3049000000
0,
b0010110000010001 .
b001011000001001 0
#3049250000
1,
b0010110000010010 .
b001011000001001 /
#3049500000
0,
b0010110000010011 .
b001011000001010 0
#3049750000
1,
b0010110000010100 .
b001011000001010 /
#3050000000
0)
0,
b0010110000010101 .
b001011000001011 0
#3050250000
1,
b0010110000010110 .
b001011000001011 /
#3050500000
0,
b0010110000010111 .
b001011000001100 0
#3050750000
1,
b0010110000011000 .
b001011000001100 /
#3051000000
0,
b0010110000011001 .
b001011000001101 0
#3051250000
1,
b0010110000011010 .
b001011000001101 /
#3051500000
0,
b0010110000011011 .
b001011000001110 0
#3051750000
1,
b0010110000011100 .
b001011000001110 /
#3052000000
0,
b0010110000011101 .
b001011000001111 0
#3052250000
1,
b0010110000011110 .
b001011000001111 /
#3052500000
0,
b0010110000011111 .
b001011000010000 0
#3052750000
1,
b0010110000100000 .
b001011000010000 /
#3053000000
0,
b0010110000100001 .
b001011000010001 0
#3053250000
1,
b0010110000100010 .
b001011000010001 /
#3053500000
0,
b0010110000100011 .
b001011000010010 0
#3053750000
1,
b0010110000100100 .
b001011000010010 /
#3054000000
0,
b0010110000100101 .
b001011000010011 0
#3054250000
1,
b0010110000100110 .
b001011000010011 /
#3054500000
0,
b0010110000100111 .
b001011000010100 0
#3054750000
1,
b0010110000101000 .
b001011000010100 /
#3055000000
0,
b0010110000101001 .
b001011000010101 0
#3055250000
1,
b0010110000101010 .
b001011000010101 /
#3055500000
0,
b0010110000101011 .
b001011000010110 0
#3055750000
1,
b0010110000101100 .
b001011000010110 /
#3056000000
0,
b0010110000101101 .
b001011000010111 0
#3056250000
1,
b0010110000101110 .
b001011000010111 /
#3056500000
0,
b0010110000101111 .
b001011000011000 0
#3056750000
1,
b0010110000110000 .
b001011000011000 /
#3057000000
0,
b0010110000110001 .
b001011000011001 0
#3057250000
1,
b0010110000110010 .
b001011000011001 /
#3057500000
0,
b0010110000110011 .
b001011000011010 0
#3057750000
1,
b0010110000110100 .
b001011000011010 /
#3058000000
0,
b0010110000110101 .
b001011000011011 0
#3058250000
1,
b0010110000110110 .
b001011000011011 /
#3058500000
0,
b0010110000110111 .
b001011000011100 0
#3058750000
1,
b0010110000111000 .
b001011000011100 /
#3059000000
0,
b0010110000111001 .
b001011000011101 0
#3059250000
1,
b0010110000111010 .
b001011000011101 /
#3059500000
0,
b0010110000111011 .
b001011000011110 0
#3059750000
1,
b0010110000111100 .
b001011000011110 /
#3060000000
0,
b0010110000111101 .
b001011000011111 0
#3060250000
1,
b0010110000111110 .
b001011000011111 /
#3060500000
0,
b0010110000111111 .
b001011000100000 0
#3060750000
1,
b0010110001000000 .
b001011000100000 /
#3061000000
0,
b0010110001000001 .
b001011000100001 0
#3061250000
1,
b0010110001000010 .
b001011000100001 /
#3061500000
0,
b0010110001000011 .
b001011000100010 0
#3061750000
1,
b0010110001000100 .
b001011000100010 /
#3062000000
0,
b0010110001000101 .
b001011000100011 0
#3062250000
1,
b0010110001000110 .
b001011000100011 /
#3062500000
0,
b0010110001000111 .
b001011000100100 0
#3062750000
1,
b0010110001001000 .
b001011000100100 /
#3063000000
0,
b0010110001001001 .
b001011000100101 0
#3063250000
1,
b0010110001001010 .
b001011000100101 /
#3063500000
0,
b0010110001001011 .
b001011000100110 0
#3063750000
1,
b0010110001001100 .
b001011000100110 /
#3064000000
0,
b0010110001001101 .
b001011000100111 0
#3064250000
1,
b0010110001001110 .
b001011000100111 /
#3064500000
0,
b0010110001001111 .
b001011000101000 0
#3064750000
1,
b0010110001010000 .
b001011000101000 /
#3065000000
0,
b0010110001010001 .
b001011000101001 0
#3065250000
b01011101 (
1)
1,
b0010110001010010 .
b001011000101001 /
#3065500000
0,
b0010110001010011 .
b001011000101010 0
#3065750000
1,
b0010110001010100 .
b001011000101010 /
#3066000000
0,
b0010110001010101 .
b001011000101011 0
#3066250000
1,
b0010110001010110 .
b001011000101011 /
#3066500000
0,
b0010110001010111 .
b001011000101100 0
#3066750000
1,
b0010110001011000 .
b001011000101100 /
#3067000000
0,
b0010110001011001 .
b001011000101101 0
#3067250000
1,
b0010110001011010 .
b001011000101101 /
#3067500000
0,
b0010110001011011 .
b001011000101110 0
#3067750000
1,
b0010110001011100 .
b001011000101110 /
#3068000000
0,
b0010110001011101 .
b001011000101111 0
#3068250000
1,
b0010110001011110 .
b001011000101111 /
#3068500000
0,
b0010110001011111 .
b001011000110000 0
#3068750000
1,
b0010110001100000 .
b001011000110000 /
#3069000000
0,
b0010110001100001 .
b001011000110001 0
#3069250000
1,
b0010110001100010 .
b001011000110001 /
#3069500000
0,
b0010110001100011 .
b001011000110010 0
#3069750000
1,
b0010110001100100 .
b001011000110010 /
#3070000000
0,
b0010110001100101 .
b001011000110011 0
#3070250000
1,
b0010110001100110 .
b001011000110011 /
#3070500000
0,
b0010110001100111 .
b001011000110100 0
#3070750000
1,
b0010110001101000 .
b001011000110100 /
#3071000000
0,
b0010110001101001 .
b001011000110101 0
#3071250000
1,
b0010110001101010 .
b001011000110101 /
#3071500000
0,
b0010110001101011 .
b001011000110110 0
#3071750000
1,
b0010110001101100 .
b001011000110110 /
#3072000000
0,
b0010110001101101 .
b001011000110111 0
#3072250000
1,
b0010110001101110 .
b001011000110111 /
#3072500000
0,
b0010110001101111 .
b001011000111000 0
#3072750000
1,
b0010110001110000 .
b001011000111000 /
#3073000000
0,
b0010110001110001 .
b001011000111001 0
#3073250000
1,
b0010110001110010 .
b001011000111001 /
#3073500000
0,
b0010110001110011 .
b001011000111010 0
#3073750000
1,
b0010110001110100 .
b001011000111010 /
#3074000000
0,
b0010110001110101 .
b001011000111011 0
#3074250000
1,
b0010110001110110 .
b001011000111011 /
#3074500000
0,
b0010110001110111 .
b001011000111100 0
#3074750000
1,
b0010110001111000 .
b001011000111100 /
#3075000000
0,
b0010110001111001 .
b001011000111101 0
#3075250000
1,
b0010110001111010 .
b001011000111101 /
#3075500000
0,
b0010110001111011 .
b001011000111110 0
#3075750000
1,
b0010110001111100 .
b001011000111110 /
#3076000000
0,
b0010110001111101 .
b001011000111111 0
#3076250000
1,
b0010110001111110 .
b001011000111111 /
#3076500000
0,
b0010110001111111 .
b001011001000000 0
#3076750000
1,
b0010110010000000 .
b001011001000000 /
#3077000000
0,
b0010110010000001 .
b001011001000001 0
#3077250000
1,
b0010110010000010 .
b001011001000001 /
#3077500000
0,
b0010110010000011 .
b001011001000010 0
#3077750000
1,
b0010110010000100 .
b001011001000010 /
#3078000000
0,
b0010110010000101 .
b001011001000011 0
#3078250000
1,
b0010110010000110 .
b001011001000011 /
#3078500000
0,
b0010110010000111 .
b001011001000100 0
#3078750000
1,
b0010110010001000 .
b001011001000100 /
#3079000000
0,
b0010110010001001 .
b001011001000101 0
#3079250000
1,
b0010110010001010 .
b001011001000101 /
#3079500000
0,
b0010110010001011 .
b001011001000110 0
#3079750000
1,
b0010110010001100 .
b001011001000110 /
#3080000000
0,
b0010110010001101 .
b001011001000111 0
#3080250000
1,
b0010110010001110 .
b001011001000111 /
#3080500000
0)
0,
b0010110010001111 .
b001011001001000 0
#3080750000
1,
b0010110010010000 .
b001011001001000 /
#3081000000
0,
b0010110010010001 .
b001011001001001 0
#3081250000
1,
b0010110010010010 .
b001011001001001 /
#3081500000
0,
b0010110010010011 .
b001011001001010 0
#3081750000
1,
b0010110010010100 .
b001011001001010 /
#3082000000
0,
b0010110010010101 .
b001011001001011 0
#3082250000
1,
b0010110010010110 .
b001011001001011 /
#3082500000
0,
b0010110010010111 .
b001011001001100 0
#3082750000
1,
b0010110010011000 .
b001011001001100 /
#3083000000
0,
b0010110010011001 .
b001011001001101 0
#3083250000
1,
b0010110010011010 .
b001011001001101 /
#3083500000
0,
b0010110010011011 .
b001011001001110 0
#3083750000
1,
b0010110010011100 .
b001011001001110 /
#3084000000
0,
b0010110010011101 .
b001011001001111 0
#3084250000
1,
b0010110010011110 .
b001011001001111 /
#3084500000
0,
b0010110010011111 .
b001011001010000 0
#3084750000
1,
b0010110010100000 .
b001011001010000 /
#3085000000
0,
b0010110010100001 .
b001011001010001 0
#3085250000
1,
b0010110010100010 .
b001011001010001 /
#3085500000
0,
b0010110010100011 .
b001011001010010 0
#3085750000
1,
b0010110010100100 .
b001011001010010 /
#3086000000
0,
b0010110010100101 .
b001011001010011 0
#3086250000
1,
b0010110010100110 .
b001011001010011 /
#3086500000
0,
b0010110010100111 .
b001011001010100 0
#3086750000
1,
b0010110010101000 .
b001011001010100 /
#3087000000
0,
b0010110010101001 .
b001011001010101 0
#3087250000
1,
b0010110010101010 .
b001011001010101 /
#3087500000
0,
b0010110010101011 .
b001011001010110 0
#3087750000
1,
b0010110010101100 .
b001011001010110 /
#3088000000
0,
b0010110010101101 .
b001011001010111 0
#3088250000
1,
b0010110010101110 .
b001011001010111 /
#3088500000
0,
b0010110010101111 .
b001011001011000 0
#3088750000
1,
b0010110010110000 .
b001011001011000 /
#3089000000
0,
b0010110010110001 .
b001011001011001 0
#3089250000
1,
b0010110010110010 .
b001011001011001 /
#3089500000
0,
b0010110010110011 .
b001011001011010 0
#3089750000
1,
b0010110010110100 .
b001011001011010 /
#3090000000
0,
b0010110010110101 .
b001011001011011 0
#3090250000
1,
b0010110010110110 .
b001011001011011 /
#3090500000
0,
b0010110010110111 .
b001011001011100 0
#3090750000
1,
b0010110010111000 .
b001011001011100 /
#3091000000
0,
b0010110010111001 .
b001011001011101 0
#3091250000
1,
b0010110010111010 .
b001011001011101 /
#3091500000
0,
b0010110010111011 .
b001011001011110 0
#3091750000
1,
b0010110010111100 .
b001011001011110 /
#3092000000
0,
b0010110010111101 .
b001011001011111 0
#3092250000
1,
b0010110010111110 .
b001011001011111 /
#3092500000
0,
b0010110010111111 .
b001011001100000 0
#3092750000
1,
b0010110011000000 .
b001011001100000 /
#3093000000
0,
b0010110011000001 .
b001011001100001 0
#3093250000
1,
b0010110011000010 .
b001011001100001 /
#3093500000
0,
b0010110011000011 .
b001011001100010 0
#3093750000
1,
b0010110011000100 .
b001011001100010 /
#3094000000
0,
b0010110011000101 .
b001011001100011 0
#3094250000
1,
b0010110011000110 .
b001011001100011 /
#3094500000
0,
b0010110011000111 .
b001011001100100 0
#3094750000
1,
b0010110011001000 .
b001011001100100 /
#3095000000
0,
b0010110011001001 .
b001011001100101 0
#3095250000
1,
b0010110011001010 .
b001011001100101 /
#3095500000
0,
b0010110011001011 .
b001011001100110 0
#3095750000
b01011110 (
1)
1,
b0010110011001100 .
b001011001100110 /
#3096000000
0,
b0010110011001101 .
b001011001100111 0
#3096250000
1,
b0010110011001110 .
b001011001100111 /
#3096500000
0,
b0010110011001111 .
b001011001101000 0
#3096750000
1,
b0010110011010000 .
b001011001101000 /
#3097000000
0,
b0010110011010001 .
b001011001101001 0
#3097250000
1,
b0010110011010010 .
b001011001101001 /
#3097500000
0,
b0010110011010011 .
b001011001101010 0
#3097750000
1,
b0010110011010100 .
b001011001101010 /
#3098000000
0,
b0010110011010101 .
b001011001101011 0
#3098250000
1,
b0010110011010110 .
b001011001101011 /
#3098500000
0,
b0010110011010111 .
b001011001101100 0
#3098750000
1,
b0010110011011000 .
b001011001101100 /
#3099000000
0,
b0010110011011001 .
b001011001101101 0
#3099250000
1,
b0010110011011010 .
b001011001101101 /
#3099500000
0,
b0010110011011011 .
b001011001101110 0
#3099750000
1,
b0010110011011100 .
b001011001101110 /
#3100000000
0,
b0010110011011101 .
b001011001101111 0
#3100250000
1,
b0010110011011110 .
b001011001101111 /
#3100500000
0,
b0010110011011111 .
b001011001110000 0
#3100750000
1,
b0010110011100000 .
b001011001110000 /
#3101000000
0,
b0010110011100001 .
b001011001110001 0
#3101250000
1,
b0010110011100010 .
b001011001110001 /
#3101500000
0,
b0010110011100011 .
b001011001110010 0
#3101750000
1,
b0010110011100100 .
b001011001110010 /
#3102000000
0,
b0010110011100101 .
b001011001110011 0
#3102250000
1,
b0010110011100110 .
b001011001110011 /
#3102500000
0,
b0010110011100111 .
b001011001110100 0
#3102750000
1,
b0010110011101000 .
b001011001110100 /
#3103000000
0,
b0010110011101001 .
b001011001110101 0
#3103250000
1,
b0010110011101010 .
b001011001110101 /
#3103500000
0,
b0010110011101011 .
b001011001110110 0
#3103750000
1,
b0010110011101100 .
b001011001110110 /
#3104000000
0,
b0010110011101101 .
b001011001110111 0
#3104250000
1,
b0010110011101110 .
b001011001110111 /
#3104500000
0,
b0010110011101111 .
b001011001111000 0
#3104750000
1,
b0010110011110000 .
b001011001111000 /
#3105000000
0,
b0010110011110001 .
b001011001111001 0
#3105250000
1,
b0010110011110010 .
b001011001111001 /
#3105500000
0,
b0010110011110011 .
b001011001111010 0
#3105750000
1,
b0010110011110100 .
b001011001111010 /
#3106000000
0,
b0010110011110101 .
b001011001111011 0
#3106250000
1,
b0010110011110110 .
b001011001111011 /
#3106500000
0,
b0010110011110111 .
b001011001111100 0
#3106750000
1,
b0010110011111000 .
b001011001111100 /
#3107000000
0,
b0010110011111001 .
b001011001111101 0
#3107250000
1,
b0010110011111010 .
b001011001111101 /
#3107500000
0,
b0010110011111011 .
b001011001111110 0
#3107750000
1,
b0010110011111100 .
b001011001111110 /
#3108000000
0,
b0010110011111101 .
b001011001111111 0
#3108250000
1,
b0010110011111110 .
b001011001111111 /
#3108500000
0,
b0010110011111111 .
b001011010000000 0
#3108750000
1,
b0010110100000000 .
b001011010000000 /
#3109000000
0,
b0010110100000001 .
b001011010000001 0
#3109250000
1,
b0010110100000010 .
b001011010000001 /
#3109500000
0,
b0010110100000011 .
b001011010000010 0
#3109750000
1,
b0010110100000100 .
b001011010000010 /
#3110000000
0,
b0010110100000101 .
b001011010000011 0
#3110250000
1,
b0010110100000110 .
b001011010000011 /
#3110500000
0,
b0010110100000111 .
b001011010000100 0
#3110750000
1,
b0010110100001000 .
b001011010000100 /
#3111000000
0)
0,
b0010110100001001 .
b001011010000101 0
#3111250000
1,
b0010110100001010 .
b001011010000101 /
#3111500000
0,
b0010110100001011 .
b001011010000110 0
#3111750000
1,
b0010110100001100 .
b001011010000110 /
#3112000000
0,
b0010110100001101 .
b001011010000111 0
#3112250000
1,
b0010110100001110 .
b001011010000111 /
#3112500000
0,
b0010110100001111 .
b001011010001000 0
#3112750000
1,
b0010110100010000 .
b001011010001000 /
#3113000000
0,
b0010110100010001 .
b001011010001001 0
#3113250000
1,
b0010110100010010 .
b001011010001001 /
#3113500000
0,
b0010110100010011 .
b001011010001010 0
#3113750000
1,
b0010110100010100 .
b001011010001010 /
#3114000000
0,
b0010110100010101 .
b001011010001011 0
#3114250000
1,
b0010110100010110 .
b001011010001011 /
#3114500000
0,
b0010110100010111 .
b001011010001100 0
#3114750000
1,
b0010110100011000 .
b001011010001100 /
#3115000000
0,
b0010110100011001 .
b001011010001101 0
#3115250000
1,
b0010110100011010 .
b001011010001101 /
#3115500000
0,
b0010110100011011 .
b001011010001110 0
#3115750000
1,
b0010110100011100 .
b001011010001110 /
#3116000000
0,
b0010110100011101 .
b001011010001111 0
#3116250000
1,
b0010110100011110 .
b001011010001111 /
#3116500000
0,
b0010110100011111 .
b001011010010000 0
#3116750000
1,
b0010110100100000 .
b001011010010000 /
#3117000000
0,
b0010110100100001 .
b001011010010001 0
#3117250000
1,
b0010110100100010 .
b001011010010001 /
#3117500000
0,
b0010110100100011 .
b001011010010010 0
#3117750000
1,
b0010110100100100 .
b001011010010010 /
#3118000000
0,
b0010110100100101 .
b001011010010011 0
#3118250000
1,
b0010110100100110 .
b001011010010011 /
#3118500000
0,
b0010110100100111 .
b001011010010100 0
#3118750000
1,
b0010110100101000 .
b001011010010100 /
#3119000000
0,
b0010110100101001 .
b001011010010101 0
#3119250000
1,
b0010110100101010 .
b001011010010101 /
#3119500000
0,
b0010110100101011 .
b001011010010110 0
#3119750000
1,
b0010110100101100 .
b001011010010110 /
#3120000000
0,
b0010110100101101 .
b001011010010111 0
#3120250000
1,
b0010110100101110 .
b001011010010111 /
#3120500000
0,
b0010110100101111 .
b001011010011000 0
#3120750000
1,
b0010110100110000 .
b001011010011000 /
#3121000000
0,
b0010110100110001 .
b001011010011001 0
#3121250000
1,
b0010110100110010 .
b001011010011001 /
#3121500000
0,
b0010110100110011 .
b001011010011010 0
#3121750000
1,
b0010110100110100 .
b001011010011010 /
#3122000000
0,
b0010110100110101 .
b001011010011011 0
#3122250000
1,
b0010110100110110 .
b001011010011011 /
#3122500000
0,
b0010110100110111 .
b001011010011100 0
#3122750000
1,
b0010110100111000 .
b001011010011100 /
#3123000000
0,
b0010110100111001 .
b001011010011101 0
#3123250000
1,
b0010110100111010 .
b001011010011101 /
#3123500000
0,
b0010110100111011 .
b001011010011110 0
#3123750000
1,
b0010110100111100 .
b001011010011110 /
#3124000000
0,
b0010110100111101 .
b001011010011111 0
#3124250000
1,
b0010110100111110 .
b001011010011111 /
#3124500000
0,
b0010110100111111 .
b001011010100000 0
#3124750000
1,
b0010110101000000 .
b001011010100000 /
#3125000000
0,
b0010110101000001 .
b001011010100001 0
#3125250000
1,
b0010110101000010 .
b001011010100001 /
#3125500000
0,
b0010110101000011 .
b001011010100010 0
#3125750000
1,
b0010110101000100 .
b001011010100010 /
#3126000000
0,
b0010110101000101 .
b001011010100011 0
#3126250000
b01011111 (
1)
1,
b0010110101000110 .
b001011010100011 /
#3126500000
0,
b0010110101000111 .
b001011010100100 0
#3126750000
1,
b0010110101001000 .
b001011010100100 /
#3127000000
0,
b0010110101001001 .
b001011010100101 0
#3127250000
1,
b0010110101001010 .
b001011010100101 /
#3127500000
0,
b0010110101001011 .
b001011010100110 0
#3127750000
1,
b0010110101001100 .
b001011010100110 /
#3128000000
0,
b0010110101001101 .
b001011010100111 0
#3128250000
1,
b0010110101001110 .
b001011010100111 /
#3128500000
0,
b0010110101001111 .
b001011010101000 0
#3128750000
1,
b0010110101010000 .
b001011010101000 /
#3129000000
0,
b0010110101010001 .
b001011010101001 0
#3129250000
1,
b0010110101010010 .
b001011010101001 /
#3129500000
0,
b0010110101010011 .
b001011010101010 0
#3129750000
1,
b0010110101010100 .
b001011010101010 /
#3130000000
0,
b0010110101010101 .
b001011010101011 0
#3130250000
1,
b0010110101010110 .
b001011010101011 /
#3130500000
0,
b0010110101010111 .
b001011010101100 0
#3130750000
1,
b0010110101011000 .
b001011010101100 /
#3131000000
0,
b0010110101011001 .
b001011010101101 0
#3131250000
1,
b0010110101011010 .
b001011010101101 /
#3131500000
0,
b0010110101011011 .
b001011010101110 0
#3131750000
1,
b0010110101011100 .
b001011010101110 /
#3132000000
0,
b0010110101011101 .
b001011010101111 0
#3132250000
1,
b0010110101011110 .
b001011010101111 /
#3132500000
0,
b0010110101011111 .
b001011010110000 0
#3132750000
1,
b0010110101100000 .
b001011010110000 /
#3133000000
0,
b0010110101100001 .
b001011010110001 0
#3133250000
1,
b0010110101100010 .
b001011010110001 /
#3133500000
0,
b0010110101100011 .
b001011010110010 0
#3133750000
1,
b0010110101100100 .
b001011010110010 /
#3134000000
0,
b0010110101100101 .
b001011010110011 0
#3134250000
1,
b0010110101100110 .
b001011010110011 /
#3134500000
0,
b0010110101100111 .
b001011010110100 0
#3134750000
1,
b0010110101101000 .
b001011010110100 /
#3135000000
0,
b0010110101101001 .
b001011010110101 0
#3135250000
1,
b0010110101101010 .
b001011010110101 /
#3135500000
0,
b0010110101101011 .
b001011010110110 0
#3135750000
1,
b0010110101101100 .
b001011010110110 /
#3136000000
0,
b0010110101101101 .
b001011010110111 0
#3136250000
1,
b0010110101101110 .
b001011010110111 /
#3136500000
0,
b0010110101101111 .
b001011010111000 0
#3136750000
1,
b0010110101110000 .
b001011010111000 /
#3137000000
0,
b0010110101110001 .
b001011010111001 0
#3137250000
1,
b0010110101110010 .
b001011010111001 /
#3137500000
0,
b0010110101110011 .
b001011010111010 0
#3137750000
1,
b0010110101110100 .
b001011010111010 /
#3138000000
0,
b0010110101110101 .
b001011010111011 0
#3138250000
1,
b0010110101110110 .
b001011010111011 /
#3138500000
0,
b0010110101110111 .
b001011010111100 0
#3138750000
1,
b0010110101111000 .
b001011010111100 /
#3139000000
0,
b0010110101111001 .
b001011010111101 0
#3139250000
1,
b0010110101111010 .
b001011010111101 /
#3139500000
0,
b0010110101111011 .
b001011010111110 0
#3139750000
1,
b0010110101111100 .
b001011010111110 /
#3140000000
0,
b0010110101111101 .
b001011010111111 0
#3140250000
1,
b0010110101111110 .
b001011010111111 /
#3140500000
0,
b0010110101111111 .
b001011011000000 0
#3140750000
1,
b0010110110000000 .
b001011011000000 /
#3141000000
0,
b0010110110000001 .
b001011011000001 0
#3141250000
1,
b0010110110000010 .
b001011011000001 /
#3141500000
0)
0,
b0010110110000011 .
b001011011000010 0
#3141750000
1,
b0010110110000100 .
b001011011000010 /
#3142000000
0,
b0010110110000101 .
b001011011000011 0
#3142250000
1,
b0010110110000110 .
b001011011000011 /
#3142500000
0,
b0010110110000111 .
b001011011000100 0
#3142750000
1,
b0010110110001000 .
b001011011000100 /
#3143000000
0,
b0010110110001001 .
b001011011000101 0
#3143250000
1,
b0010110110001010 .
b001011011000101 /
#3143500000
0,
b0010110110001011 .
b001011011000110 0
#3143750000
1,
b0010110110001100 .
b001011011000110 /
#3144000000
0,
b0010110110001101 .
b001011011000111 0
#3144250000
1,
b0010110110001110 .
b001011011000111 /
#3144500000
0,
b0010110110001111 .
b001011011001000 0
#3144750000
1,
b0010110110010000 .
b001011011001000 /
#3145000000
0,
b0010110110010001 .
b001011011001001 0
#3145250000
1,
b0010110110010010 .
b001011011001001 /
#3145500000
0,
b0010110110010011 .
b001011011001010 0
#3145750000
1,
b0010110110010100 .
b001011011001010 /
#3146000000
0,
b0010110110010101 .
b001011011001011 0
#3146250000
1,
b0010110110010110 .
b001011011001011 /
#3146500000
0,
b0010110110010111 .
b001011011001100 0
#3146750000
1,
b0010110110011000 .
b001011011001100 /
#3147000000
0,
b0010110110011001 .
b001011011001101 0
#3147250000
1,
b0010110110011010 .
b001011011001101 /
#3147500000
0,
b0010110110011011 .
b001011011001110 0
#3147750000
1,
b0010110110011100 .
b001011011001110 /
#3148000000
0,
b0010110110011101 .
b001011011001111 0
#3148250000
1,
b0010110110011110 .
b001011011001111 /
#3148500000
0,
b0010110110011111 .
b001011011010000 0
#3148750000
1,
b0010110110100000 .
b001011011010000 /
#3149000000
0,
b0010110110100001 .
b001011011010001 0
#3149250000
1,
b0010110110100010 .
b001011011010001 /
#3149500000
0,
b0010110110100011 .
b001011011010010 0
#3149750000
1,
b0010110110100100 .
b001011011010010 /
#3150000000
0,
b0010110110100101 .
b001011011010011 0
#3150250000
1,
b0010110110100110 .
b001011011010011 /
#3150500000
0,
b0010110110100111 .
b001011011010100 0
#3150750000
1,
b0010110110101000 .
b001011011010100 /
#3151000000
0,
b0010110110101001 .
b001011011010101 0
#3151250000
1,
b0010110110101010 .
b001011011010101 /
#3151500000
0,
b0010110110101011 .
b001011011010110 0
#3151750000
1,
b0010110110101100 .
b001011011010110 /
#3152000000
0,
b0010110110101101 .
b001011011010111 0
#3152250000
1,
b0010110110101110 .
b001011011010111 /
#3152500000
0,
b0010110110101111 .
b001011011011000 0
#3152750000
1,
b0010110110110000 .
b001011011011000 /
#3153000000
0,
b0010110110110001 .
b001011011011001 0
#3153250000
1,
b0010110110110010 .
b001011011011001 /
#3153500000
0,
b0010110110110011 .
b001011011011010 0
#3153750000
1,
b0010110110110100 .
b001011011011010 /
#3154000000
0,
b0010110110110101 .
b001011011011011 0
#3154250000
1,
b0010110110110110 .
b001011011011011 /
#3154500000
0,
b0010110110110111 .
b001011011011100 0
#3154750000
1,
b0010110110111000 .
b001011011011100 /
#3155000000
0,
b0010110110111001 .
b001011011011101 0
#3155250000
1,
b0010110110111010 .
b001011011011101 /
#3155500000
0,
b0010110110111011 .
b001011011011110 0
#3155750000
1,
b0010110110111100 .
b001011011011110 /
#3156000000
0,
b0010110110111101 .
b001011011011111 0
#3156250000
1,
b0010110110111110 .
b001011011011111 /
#3156500000
0,
b0010110110111111 .
b001011011100000 0
#3156750000
b01100000 (
1)
1,
b0010110111000000 .
b001011011100000 /
#3157000000
0,
b0010110111000001 .
b001011011100001 0
#3157250000
1,
b0010110111000010 .
b001011011100001 /
#3157500000
0,
b0010110111000011 .
b001011011100010 0
#3157750000
1,
b0010110111000100 .
b001011011100010 /
#3158000000
0,
b0010110111000101 .
b001011011100011 0
#3158250000
1,
b0010110111000110 .
b001011011100011 /
#3158500000
0,
b0010110111000111 .
b001011011100100 0
#3158750000
1,
b0010110111001000 .
b001011011100100 /
#3159000000
0,
b0010110111001001 .
b001011011100101 0
#3159250000
1,
b0010110111001010 .
b001011011100101 /
#3159500000
0,
b0010110111001011 .
b001011011100110 0
#3159750000
1,
b0010110111001100 .
b001011011100110 /
#3160000000
0,
b0010110111001101 .
b001011011100111 0
#3160250000
1,
b0010110111001110 .
b001011011100111 /
#3160500000
0,
b0010110111001111 .
b001011011101000 0
#3160750000
1,
b0010110111010000 .
b001011011101000 /
#3161000000
0,
b0010110111010001 .
b001011011101001 0
#3161250000
1,
b0010110111010010 .
b001011011101001 /
#3161500000
0,
b0010110111010011 .
b001011011101010 0
#3161750000
1,
b0010110111010100 .
b001011011101010 /
#3162000000
0,
b0010110111010101 .
b001011011101011 0
#3162250000
1,
b0010110111010110 .
b001011011101011 /
#3162500000
0,
b0010110111010111 .
b001011011101100 0
#3162750000
1,
b0010110111011000 .
b001011011101100 /
#3163000000
0,
b0010110111011001 .
b001011011101101 0
#3163250000
1,
b0010110111011010 .
b001011011101101 /
#3163500000
0,
b0010110111011011 .
b001011011101110 0
#3163750000
1,
b0010110111011100 .
b001011011101110 /
#3164000000
0,
b0010110111011101 .
b001011011101111 0
#3164250000
1,
b0010110111011110 .
b001011011101111 /
#3164500000
0,
b0010110111011111 .
b001011011110000 0
#3164750000
1,
b0010110111100000 .
b001011011110000 /
#3165000000
0,
b0010110111100001 .
b001011011110001 0
#3165250000
1,
b0010110111100010 .
b001011011110001 /
#3165500000
0,
b0010110111100011 .
b001011011110010 0
#3165750000
1,
b0010110111100100 .
b001011011110010 /
#3166000000
0,
b0010110111100101 .
b001011011110011 0
#3166250000
1,
b0010110111100110 .
b001011011110011 /
#3166500000
0,
b0010110111100111 .
b001011011110100 0
#3166750000
1,
b0010110111101000 .
b001011011110100 /
#3167000000
0,
b0010110111101001 .
b001011011110101 0
#3167250000
1,
b0010110111101010 .
b001011011110101 /
#3167500000
0,
b0010110111101011 .
b001011011110110 0
#3167750000
1,
b0010110111101100 .
b001011011110110 /
#3168000000
0,
b0010110111101101 .
b001011011110111 0
#3168250000
1,
b0010110111101110 .
b001011011110111 /
#3168500000
0,
b0010110111101111 .
b001011011111000 0
#3168750000
1,
b0010110111110000 .
b001011011111000 /
#3169000000
0,
b0010110111110001 .
b001011011111001 0
#3169250000
1,
b0010110111110010 .
b001011011111001 /
#3169500000
0,
b0010110111110011 .
b001011011111010 0
#3169750000
1,
b0010110111110100 .
b001011011111010 /
#3170000000
0,
b0010110111110101 .
b001011011111011 0
#3170250000
1,
b0010110111110110 .
b001011011111011 /
#3170500000
0,
b0010110111110111 .
b001011011111100 0
#3170750000
1,
b0010110111111000 .
b001011011111100 /
#3171000000
0,
b0010110111111001 .
b001011011111101 0
#3171250000
1,
b0010110111111010 .
b001011011111101 /
#3171500000
0,
b0010110111111011 .
b001011011111110 0
#3171750000
1,
b0010110111111100 .
b001011011111110 /
#3172000000
0)
0,
b0010110111111101 .
b001011011111111 0
#3172250000
1,
b0010110111111110 .
b001011011111111 /
#3172500000
0,
b0010110111111111 .
b001011100000000 0
#3172750000
1,
b0010111000000000 .
b001011100000000 /
#3173000000
0,
b0010111000000001 .
b001011100000001 0
#3173250000
1,
b0010111000000010 .
b001011100000001 /
#3173500000
0,
b0010111000000011 .
b001011100000010 0
#3173750000
1,
b0010111000000100 .
b001011100000010 /
#3174000000
0,
b0010111000000101 .
b001011100000011 0
#3174250000
1,
b0010111000000110 .
b001011100000011 /
#3174500000
0,
b0010111000000111 .
b001011100000100 0
#3174750000
1,
b0010111000001000 .
b001011100000100 /
#3175000000
0,
b0010111000001001 .
b001011100000101 0
#3175250000
1,
b0010111000001010 .
b001011100000101 /
#3175500000
0,
b0010111000001011 .
b001011100000110 0
#3175750000
1,
b0010111000001100 .
b001011100000110 /
#3176000000
0,
b0010111000001101 .
b001011100000111 0
#3176250000
1,
b0010111000001110 .
b001011100000111 /
#3176500000
0,
b0010111000001111 .
b001011100001000 0
#3176750000
1,
b0010111000010000 .
b001011100001000 /
#3177000000
0,
b0010111000010001 .
b001011100001001 0
#3177250000
1,
b0010111000010010 .
b001011100001001 /
#3177500000
0,
b0010111000010011 .
b001011100001010 0
#3177750000
1,
b0010111000010100 .
b001011100001010 /
#3178000000
0,
b0010111000010101 .
b001011100001011 0
#3178250000
1,
b0010111000010110 .
b001011100001011 /
#3178500000
0,
b0010111000010111 .
b001011100001100 0
#3178750000
1,
b0010111000011000 .
b001011100001100 /
#3179000000
0,
b0010111000011001 .
b001011100001101 0
#3179250000
1,
b0010111000011010 .
b001011100001101 /
#3179500000
0,
b0010111000011011 .
b001011100001110 0
#3179750000
1,
b0010111000011100 .
b001011100001110 /
#3180000000
0,
b0010111000011101 .
b001011100001111 0
#3180250000
1,
b0010111000011110 .
b001011100001111 /
#3180500000
0,
b0010111000011111 .
b001011100010000 0
#3180750000
1,
b0010111000100000 .
b001011100010000 /
#3181000000
0,
b0010111000100001 .
b001011100010001 0
#3181250000
1,
b0010111000100010 .
b001011100010001 /
#3181500000
0,
b0010111000100011 .
b001011100010010 0
#3181750000
1,
b0010111000100100 .
b001011100010010 /
#3182000000
0,
b0010111000100101 .
b001011100010011 0
#3182250000
1,
b0010111000100110 .
b001011100010011 /
#3182500000
0,
b0010111000100111 .
b001011100010100 0
#3182750000
1,
b0010111000101000 .
b001011100010100 /
#3183000000
0,
b0010111000101001 .
b001011100010101 0
#3183250000
1,
b0010111000101010 .
b001011100010101 /
#3183500000
0,
b0010111000101011 .
b001011100010110 0
#3183750000
1,
b0010111000101100 .
b001011100010110 /
#3184000000
0,
b0010111000101101 .
b001011100010111 0
#3184250000
1,
b0010111000101110 .
b001011100010111 /
#3184500000
0,
b0010111000101111 .
b001011100011000 0
#3184750000
1,
b0010111000110000 .
b001011100011000 /
#3185000000
0,
b0010111000110001 .
b001011100011001 0
#3185250000
1,
b0010111000110010 .
b001011100011001 /
#3185500000
0,
b0010111000110011 .
b001011100011010 0
#3185750000
1,
b0010111000110100 .
b001011100011010 /
#3186000000
0,
b0010111000110101 .
b001011100011011 0
#3186250000
1,
b0010111000110110 .
b001011100011011 /
#3186500000
0,
b0010111000110111 .
b001011100011100 0
#3186750000
1,
b0010111000111000 .
b001011100011100 /
#3187000000
0,
b0010111000111001 .
b001011100011101 0
#3187250000
b01100001 (
1)
1,
b0010111000111010 .
b001011100011101 /
#3187500000
0,
b0010111000111011 .
b001011100011110 0
#3187750000
1,
b0010111000111100 .
b001011100011110 /
#3188000000
0,
b0010111000111101 .
b001011100011111 0
#3188250000
1,
b0010111000111110 .
b001011100011111 /
#3188500000
0,
b0010111000111111 .
b001011100100000 0
#3188750000
1,
b0010111001000000 .
b001011100100000 /
#3189000000
0,
b0010111001000001 .
b001011100100001 0
#3189250000
1,
b0010111001000010 .
b001011100100001 /
#3189500000
0,
b0010111001000011 .
b001011100100010 0
#3189750000
1,
b0010111001000100 .
b001011100100010 /
#3190000000
0,
b0010111001000101 .
b001011100100011 0
#3190250000
1,
b0010111001000110 .
b001011100100011 /
#3190500000
0,
b0010111001000111 .
b001011100100100 0
#3190750000
1,
b0010111001001000 .
b001011100100100 /
#3191000000
0,
b0010111001001001 .
b001011100100101 0
#3191250000
1,
b0010111001001010 .
b001011100100101 /
#3191500000
0,
b0010111001001011 .
b001011100100110 0
#3191750000
1,
b0010111001001100 .
b001011100100110 /
#3192000000
0,
b0010111001001101 .
b001011100100111 0
#3192250000
1,
b0010111001001110 .
b001011100100111 /
#3192500000
0,
b0010111001001111 .
b001011100101000 0
#3192750000
1,
b0010111001010000 .
b001011100101000 /
#3193000000
0,
b0010111001010001 .
b001011100101001 0
#3193250000
1,
b0010111001010010 .
b001011100101001 /
#3193500000
0,
b0010111001010011 .
b001011100101010 0
#3193750000
1,
b0010111001010100 .
b001011100101010 /
#3194000000
0,
b0010111001010101 .
b001011100101011 0
#3194250000
1,
b0010111001010110 .
b001011100101011 /
#3194500000
0,
b0010111001010111 .
b001011100101100 0
#3194750000
1,
b0010111001011000 .
b001011100101100 /
#3195000000
0,
b0010111001011001 .
b001011100101101 0
#3195250000
1,
b0010111001011010 .
b001011100101101 /
#3195500000
0,
b0010111001011011 .
b001011100101110 0
#3195750000
1,
b0010111001011100 .
b001011100101110 /
#3196000000
0,
b0010111001011101 .
b001011100101111 0
#3196250000
1,
b0010111001011110 .
b001011100101111 /
#3196500000
0,
b0010111001011111 .
b001011100110000 0
#3196750000
1,
b0010111001100000 .
b001011100110000 /
#3197000000
0,
b0010111001100001 .
b001011100110001 0
#3197250000
1,
b0010111001100010 .
b001011100110001 /
#3197500000
0,
b0010111001100011 .
b001011100110010 0
#3197750000
1,
b0010111001100100 .
b001011100110010 /
#3198000000
0,
b0010111001100101 .
b001011100110011 0
#3198250000
1,
b0010111001100110 .
b001011100110011 /
#3198500000
0,
b0010111001100111 .
b001011100110100 0
#3198750000
1,
b0010111001101000 .
b001011100110100 /
#3199000000
0,
b0010111001101001 .
b001011100110101 0
#3199250000
1,
b0010111001101010 .
b001011100110101 /
#3199500000
0,
b0010111001101011 .
b001011100110110 0
#3199750000
1,
b0010111001101100 .
b001011100110110 /
#3200000000
0,
b0010111001101101 .
b001011100110111 0
#3200250000
1,
b0010111001101110 .
b001011100110111 /
#3200500000
0,
b0010111001101111 .
b001011100111000 0
#3200750000
1,
b0010111001110000 .
b001011100111000 /
#3201000000
0,
b0010111001110001 .
b001011100111001 0
#3201250000
1,
b0010111001110010 .
b001011100111001 /
#3201500000
0,
b0010111001110011 .
b001011100111010 0
#3201750000
1,
b0010111001110100 .
b001011100111010 /
#3202000000
0,
b0010111001110101 .
b001011100111011 0
#3202250000
1,
b0010111001110110 .
b001011100111011 /
#3202500000
0)
0,
b0010111001110111 .
b001011100111100 0
#3202750000
1,
b0010111001111000 .
b001011100111100 /
#3203000000
0,
b0010111001111001 .
b001011100111101 0
#3203250000
1,
b0010111001111010 .
b001011100111101 /
#3203500000
0,
b0010111001111011 .
b001011100111110 0
#3203750000
1,
b0010111001111100 .
b001011100111110 /
#3204000000
0,
b0010111001111101 .
b001011100111111 0
#3204250000
1,
b0010111001111110 .
b001011100111111 /
#3204500000
0,
b0010111001111111 .
b001011101000000 0
#3204750000
1,
b0010111010000000 .
b001011101000000 /
#3205000000
0,
b0010111010000001 .
b001011101000001 0
#3205250000
1,
b0010111010000010 .
b001011101000001 /
#3205500000
0,
b0010111010000011 .
b001011101000010 0
#3205750000
1,
b0010111010000100 .
b001011101000010 /
#3206000000
0,
b0010111010000101 .
b001011101000011 0
#3206250000
1,
b0010111010000110 .
b001011101000011 /
#3206500000
0,
b0010111010000111 .
b001011101000100 0
#3206750000
1,
b0010111010001000 .
b001011101000100 /
#3207000000
0,
b0010111010001001 .
b001011101000101 0
#3207250000
1,
b0010111010001010 .
b001011101000101 /
#3207500000
0,
b0010111010001011 .
b001011101000110 0
#3207750000
1,
b0010111010001100 .
b001011101000110 /
#3208000000
0,
b0010111010001101 .
b001011101000111 0
#3208250000
1,
b0010111010001110 .
b001011101000111 /
#3208500000
0,
b0010111010001111 .
b001011101001000 0
#3208750000
1,
b0010111010010000 .
b001011101001000 /
#3209000000
0,
b0010111010010001 .
b001011101001001 0
#3209250000
1,
b0010111010010010 .
b001011101001001 /
#3209500000
0,
b0010111010010011 .
b001011101001010 0
#3209750000
1,
b0010111010010100 .
b001011101001010 /
#3210000000
0,
b0010111010010101 .
b001011101001011 0
#3210250000
1,
b0010111010010110 .
b001011101001011 /
#3210500000
0,
b0010111010010111 .
b001011101001100 0
#3210750000
1,
b0010111010011000 .
b001011101001100 /
#3211000000
0,
b0010111010011001 .
b001011101001101 0
#3211250000
1,
b0010111010011010 .
b001011101001101 /
#3211500000
0,
b0010111010011011 .
b001011101001110 0
#3211750000
1,
b0010111010011100 .
b001011101001110 /
#3212000000
0,
b0010111010011101 .
b001011101001111 0
#3212250000
1,
b0010111010011110 .
b001011101001111 /
#3212500000
0,
b0010111010011111 .
b001011101010000 0
#3212750000
1,
b0010111010100000 .
b001011101010000 /
#3213000000
0,
b0010111010100001 .
b001011101010001 0
#3213250000
1,
b0010111010100010 .
b001011101010001 /
#3213500000
0,
b0010111010100011 .
b001011101010010 0
#3213750000
1,
b0010111010100100 .
b001011101010010 /
#3214000000
0,
b0010111010100101 .
b001011101010011 0
#3214250000
1,
b0010111010100110 .
b001011101010011 /
#3214500000
0,
b0010111010100111 .
b001011101010100 0
#3214750000
1,
b0010111010101000 .
b001011101010100 /
#3215000000
0,
b0010111010101001 .
b001011101010101 0
#3215250000
1,
b0010111010101010 .
b001011101010101 /
#3215500000
0,
b0010111010101011 .
b001011101010110 0
#3215750000
1,
b0010111010101100 .
b001011101010110 /
#3216000000
0,
b0010111010101101 .
b001011101010111 0
#3216250000
1,
b0010111010101110 .
b001011101010111 /
#3216500000
0,
b0010111010101111 .
b001011101011000 0
#3216750000
1,
b0010111010110000 .
b001011101011000 /
#3217000000
0,
b0010111010110001 .
b001011101011001 0
#3217250000
1,
b0010111010110010 .
b001011101011001 /
#3217500000
0,
b0010111010110011 .
b001011101011010 0
#3217750000
b01100010 (
1)
1,
b0010111010110100 .
b001011101011010 /
#3218000000
0,
b0010111010110101 .
b001011101011011 0
#3218250000
1,
b0010111010110110 .
b001011101011011 /
#3218500000
0,
b0010111010110111 .
b001011101011100 0
#3218750000
1,
b0010111010111000 .
b001011101011100 /
#3219000000
0,
b0010111010111001 .
b001011101011101 0
#3219250000
1,
b0010111010111010 .
b001011101011101 /
#3219500000
0,
b0010111010111011 .
b001011101011110 0
#3219750000
1,
b0010111010111100 .
b001011101011110 /
#3220000000
0,
b0010111010111101 .
b001011101011111 0
#3220250000
1,
b0010111010111110 .
b001011101011111 /
#3220500000
0,
b0010111010111111 .
b001011101100000 0
#3220750000
1,
b0010111011000000 .
b001011101100000 /
#3221000000
0,
b0010111011000001 .
b001011101100001 0
#3221250000
1,
b0010111011000010 .
b001011101100001 /
#3221500000
0,
b0010111011000011 .
b001011101100010 0
#3221750000
1,
b0010111011000100 .
b001011101100010 /
#3222000000
0,
b0010111011000101 .
b001011101100011 0
#3222250000
1,
b0010111011000110 .
b001011101100011 /
#3222500000
0,
b0010111011000111 .
b001011101100100 0
#3222750000
1,
b0010111011001000 .
b001011101100100 /
#3223000000
0,
b0010111011001001 .
b001011101100101 0
#3223250000
1,
b0010111011001010 .
b001011101100101 /
#3223500000
0,
b0010111011001011 .
b001011101100110 0
#3223750000
1,
b0010111011001100 .
b001011101100110 /
#3224000000
0,
b0010111011001101 .
b001011101100111 0
#3224250000
1,
b0010111011001110 .
b001011101100111 /
#3224500000
0,
b0010111011001111 .
b001011101101000 0
#3224750000
1,
b0010111011010000 .
b001011101101000 /
#3225000000
0,
b0010111011010001 .
b001011101101001 0
#3225250000
1,
b0010111011010010 .
b001011101101001 /
#3225500000
0,
b0010111011010011 .
b001011101101010 0
#3225750000
1,
b0010111011010100 .
b001011101101010 /
#3226000000
0,
b0010111011010101 .
b001011101101011 0
#3226250000
1,
b0010111011010110 .
b001011101101011 /
#3226500000
0,
b0010111011010111 .
b001011101101100 0
#3226750000
1,
b0010111011011000 .
b001011101101100 /
#3227000000
0,
b0010111011011001 .
b001011101101101 0
#3227250000
1,
b0010111011011010 .
b001011101101101 /
#3227500000
0,
b0010111011011011 .
b001011101101110 0
#3227750000
1,
b0010111011011100 .
b001011101101110 /
#3228000000
0,
b0010111011011101 .
b001011101101111 0
#3228250000
1,
b0010111011011110 .
b001011101101111 /
#3228500000
0,
b0010111011011111 .
b001011101110000 0
#3228750000
1,
b0010111011100000 .
b001011101110000 /
#3229000000
0,
b0010111011100001 .
b001011101110001 0
#3229250000
1,
b0010111011100010 .
b001011101110001 /
#3229500000
0,
b0010111011100011 .
b001011101110010 0
#3229750000
1,
b0010111011100100 .
b001011101110010 /
#3230000000
0,
b0010111011100101 .
b001011101110011 0
#3230250000
1,
b0010111011100110 .
b001011101110011 /
#3230500000
0,
b0010111011100111 .
b001011101110100 0
#3230750000
1,
b0010111011101000 .
b001011101110100 /
#3231000000
0,
b0010111011101001 .
b001011101110101 0
#3231250000
1,
b0010111011101010 .
b001011101110101 /
#3231500000
0,
b0010111011101011 .
b001011101110110 0
#3231750000
1,
b0010111011101100 .
b001011101110110 /
#3232000000
0,
b0010111011101101 .
b001011101110111 0
#3232250000
1,
b0010111011101110 .
b001011101110111 /
#3232500000
0,
b0010111011101111 .
b001011101111000 0
#3232750000
1,
b0010111011110000 .
b001011101111000 /
#3233000000
0)
0,
b0010111011110001 .
b001011101111001 0
#3233250000
1,
b0010111011110010 .
b001011101111001 /
#3233500000
0,
b0010111011110011 .
b001011101111010 0
#3233750000
1,
b0010111011110100 .
b001011101111010 /
#3234000000
0,
b0010111011110101 .
b001011101111011 0
#3234250000
1,
b0010111011110110 .
b001011101111011 /
#3234500000
0,
b0010111011110111 .
b001011101111100 0
#3234750000
1,
b0010111011111000 .
b001011101111100 /
#3235000000
0,
b0010111011111001 .
b001011101111101 0
#3235250000
1,
b0010111011111010 .
b001011101111101 /
#3235500000
0,
b0010111011111011 .
b001011101111110 0
#3235750000
1,
b0010111011111100 .
b001011101111110 /
#3236000000
0,
b0010111011111101 .
b001011101111111 0
#3236250000
1,
b0010111011111110 .
b001011101111111 /
#3236500000
0,
b0010111011111111 .
b001011110000000 0
#3236750000
1,
b0010111100000000 .
b001011110000000 /
#3237000000
0,
b0010111100000001 .
b001011110000001 0
#3237250000
1,
b0010111100000010 .
b001011110000001 /
#3237500000
0,
b0010111100000011 .
b001011110000010 0
#3237750000
1,
b0010111100000100 .
b001011110000010 /
#3238000000
0,
b0010111100000101 .
b001011110000011 0
#3238250000
1,
b0010111100000110 .
b001011110000011 /
#3238500000
0,
b0010111100000111 .
b001011110000100 0
#3238750000
1,
b0010111100001000 .
b001011110000100 /
#3239000000
0,
b0010111100001001 .
b001011110000101 0
#3239250000
1,
b0010111100001010 .
b001011110000101 /
#3239500000
0,
b0010111100001011 .
b001011110000110 0
#3239750000
1,
b0010111100001100 .
b001011110000110 /
#3240000000
0,
b0010111100001101 .
b001011110000111 0
#3240250000
1,
b0010111100001110 .
b001011110000111 /
#3240500000
0,
b0010111100001111 .
b001011110001000 0
#3240750000
1,
b0010111100010000 .
b001011110001000 /
#3241000000
0,
b0010111100010001 .
b001011110001001 0
#3241250000
1,
b0010111100010010 .
b001011110001001 /
#3241500000
0,
b0010111100010011 .
b001011110001010 0
#3241750000
1,
b0010111100010100 .
b001011110001010 /
#3242000000
0,
b0010111100010101 .
b001011110001011 0
#3242250000
1,
b0010111100010110 .
b001011110001011 /
#3242500000
0,
b0010111100010111 .
b001011110001100 0
#3242750000
1,
b0010111100011000 .
b001011110001100 /
#3243000000
0,
b0010111100011001 .
b001011110001101 0
#3243250000
1,
b0010111100011010 .
b001011110001101 /
#3243500000
0,
b0010111100011011 .
b001011110001110 0
#3243750000
1,
b0010111100011100 .
b001011110001110 /
#3244000000
0,
b0010111100011101 .
b001011110001111 0
#3244250000
1,
b0010111100011110 .
b001011110001111 /
#3244500000
0,
b0010111100011111 .
b001011110010000 0
#3244750000
1,
b0010111100100000 .
b001011110010000 /
#3245000000
0,
b0010111100100001 .
b001011110010001 0
#3245250000
1,
b0010111100100010 .
b001011110010001 /
#3245500000
0,
b0010111100100011 .
b001011110010010 0
#3245750000
1,
b0010111100100100 .
b001011110010010 /
#3246000000
0,
b0010111100100101 .
b001011110010011 0
#3246250000
1,
b0010111100100110 .
b001011110010011 /
#3246500000
0,
b0010111100100111 .
b001011110010100 0
#3246750000
1,
b0010111100101000 .
b001011110010100 /
#3247000000
0,
b0010111100101001 .
b001011110010101 0
#3247250000
1,
b0010111100101010 .
b001011110010101 /
#3247500000
0,
b0010111100101011 .
b001011110010110 0
#3247750000
1,
b0010111100101100 .
b001011110010110 /
#3248000000
0,
b0010111100101101 .
b001011110010111 0
#3248250000
b01100011 (
1)
1,
b0010111100101110 .
b001011110010111 /
#3248500000
0,
b0010111100101111 .
b001011110011000 0
#3248750000
1,
b0010111100110000 .
b001011110011000 /
#3249000000
0,
b0010111100110001 .
b001011110011001 0
#3249250000
1,
b0010111100110010 .
b001011110011001 /
#3249500000
0,
b0010111100110011 .
b001011110011010 0
#3249750000
1,
b0010111100110100 .
b001011110011010 /
#3250000000
0,
b0010111100110101 .
b001011110011011 0
#3250250000
1,
b0010111100110110 .
b001011110011011 /
#3250500000
0,
b0010111100110111 .
b001011110011100 0
#3250750000
1,
b0010111100111000 .
b001011110011100 /
#3251000000
0,
b0010111100111001 .
b001011110011101 0
#3251250000
1,
b0010111100111010 .
b001011110011101 /
#3251500000
0,
b0010111100111011 .
b001011110011110 0
#3251750000
1,
b0010111100111100 .
b001011110011110 /
#3252000000
0,
b0010111100111101 .
b001011110011111 0
#3252250000
1,
b0010111100111110 .
b001011110011111 /
#3252500000
0,
b0010111100111111 .
b001011110100000 0
#3252750000
1,
b0010111101000000 .
b001011110100000 /
#3253000000
0,
b0010111101000001 .
b001011110100001 0
#3253250000
1,
b0010111101000010 .
b001011110100001 /
#3253500000
0,
b0010111101000011 .
b001011110100010 0
#3253750000
1,
b0010111101000100 .
b001011110100010 /
#3254000000
0,
b0010111101000101 .
b001011110100011 0
#3254250000
1,
b0010111101000110 .
b001011110100011 /
#3254500000
0,
b0010111101000111 .
b001011110100100 0
#3254750000
1,
b0010111101001000 .
b001011110100100 /
#3255000000
0,
b0010111101001001 .
b001011110100101 0
#3255250000
1,
b0010111101001010 .
b001011110100101 /
#3255500000
0,
b0010111101001011 .
b001011110100110 0
#3255750000
1,
b0010111101001100 .
b001011110100110 /
#3256000000
0,
b0010111101001101 .
b001011110100111 0
#3256250000
1,
b0010111101001110 .
b001011110100111 /
#3256500000
0,
b0010111101001111 .
b001011110101000 0
#3256750000
1,
b0010111101010000 .
b001011110101000 /
#3257000000
0,
b0010111101010001 .
b001011110101001 0
#3257250000
1,
b0010111101010010 .
b001011110101001 /
#3257500000
0,
b0010111101010011 .
b001011110101010 0
#3257750000
1,
b0010111101010100 .
b001011110101010 /
#3258000000
0,
b0010111101010101 .
b001011110101011 0
#3258250000
1,
b0010111101010110 .
b001011110101011 /
#3258500000
0,
b0010111101010111 .
b001011110101100 0
#3258750000
1,
b0010111101011000 .
b001011110101100 /
#3259000000
0,
b0010111101011001 .
b001011110101101 0
#3259250000
1,
b0010111101011010 .
b001011110101101 /
#3259500000
0,
b0010111101011011 .
b001011110101110 0
#3259750000
1,
b0010111101011100 .
b001011110101110 /
#3260000000
0,
b0010111101011101 .
b001011110101111 0
#3260250000
1,
b0010111101011110 .
b001011110101111 /
#3260500000
0,
b0010111101011111 .
b001011110110000 0
#3260750000
1,
b0010111101100000 .
b001011110110000 /
#3261000000
0,
b0010111101100001 .
b001011110110001 0
#3261250000
1,
b0010111101100010 .
b001011110110001 /
#3261500000
0,
b0010111101100011 .
b001011110110010 0
#3261750000
1,
b0010111101100100 .
b001011110110010 /
#3262000000
0,
b0010111101100101 .
b001011110110011 0
#3262250000
1,
b0010111101100110 .
b001011110110011 /
#3262500000
0,
b0010111101100111 .
b001011110110100 0
#3262750000
1,
b0010111101101000 .
b001011110110100 /
#3263000000
0,
b0010111101101001 .
b001011110110101 0
#3263250000
1,
b0010111101101010 .
b001011110110101 /
#3263500000
0)
0,
b0010111101101011 .
b001011110110110 0
#3263750000
1,
b0010111101101100 .
b001011110110110 /
#3264000000
0,
b0010111101101101 .
b001011110110111 0
#3264250000
1,
b0010111101101110 .
b001011110110111 /
#3264500000
0,
b0010111101101111 .
b001011110111000 0
#3264750000
1,
b0010111101110000 .
b001011110111000 /
#3265000000
0,
b0010111101110001 .
b001011110111001 0
#3265250000
1,
b0010111101110010 .
b001011110111001 /
#3265500000
0,
b0010111101110011 .
b001011110111010 0
#3265750000
1,
b0010111101110100 .
b001011110111010 /
#3266000000
0,
b0010111101110101 .
b001011110111011 0
#3266250000
1,
b0010111101110110 .
b001011110111011 /
#3266500000
0,
b0010111101110111 .
b001011110111100 0
#3266750000
1,
b0010111101111000 .
b001011110111100 /
#3267000000
0,
b0010111101111001 .
b001011110111101 0
#3267250000
1,
b0010111101111010 .
b001011110111101 /
#3267500000
0,
b0010111101111011 .
b001011110111110 0
#3267750000
1,
b0010111101111100 .
b001011110111110 /
#3268000000
0,
b0010111101111101 .
b001011110111111 0
#3268250000
1,
b0010111101111110 .
b001011110111111 /
#3268500000
0,
b0010111101111111 .
b001011111000000 0
#3268750000
1,
b0010111110000000 .
b001011111000000 /
#3269000000
0,
b0010111110000001 .
b001011111000001 0
#3269250000
1,
b0010111110000010 .
b001011111000001 /
#3269500000
0,
b0010111110000011 .
b001011111000010 0
#3269750000
1,
b0010111110000100 .
b001011111000010 /
#3270000000
0,
b0010111110000101 .
b001011111000011 0
#3270250000
1,
b0010111110000110 .
b001011111000011 /
#3270500000
0,
b0010111110000111 .
b001011111000100 0
#3270750000
1,
b0010111110001000 .
b001011111000100 /
#3271000000
0,
b0010111110001001 .
b001011111000101 0
#3271250000
1,
b0010111110001010 .
b001011111000101 /
#3271500000
0,
b0010111110001011 .
b001011111000110 0
#3271750000
1,
b0010111110001100 .
b001011111000110 /
#3272000000
0,
b0010111110001101 .
b001011111000111 0
#3272250000
1,
b0010111110001110 .
b001011111000111 /
#3272500000
0,
b0010111110001111 .
b001011111001000 0
#3272750000
1,
b0010111110010000 .
b001011111001000 /
#3273000000
0,
b0010111110010001 .
b001011111001001 0
#3273250000
1,
b0010111110010010 .
b001011111001001 /
#3273500000
0,
b0010111110010011 .
b001011111001010 0
#3273750000
1,
b0010111110010100 .
b001011111001010 /
#3274000000
0,
b0010111110010101 .
b001011111001011 0
#3274250000
1,
b0010111110010110 .
b001011111001011 /
#3274500000
0,
b0010111110010111 .
b001011111001100 0
#3274750000
1,
b0010111110011000 .
b001011111001100 /
#3275000000
0,
b0010111110011001 .
b001011111001101 0
#3275250000
1,
b0010111110011010 .
b001011111001101 /
#3275500000
0,
b0010111110011011 .
b001011111001110 0
#3275750000
1,
b0010111110011100 .
b001011111001110 /
#3276000000
0,
b0010111110011101 .
b001011111001111 0
#3276250000
1,
b0010111110011110 .
b001011111001111 /
#3276500000
0,
b0010111110011111 .
b001011111010000 0
#3276750000
1,
b0010111110100000 .
b001011111010000 /
#3277000000
0,
b0010111110100001 .
b001011111010001 0
#3277250000
1,
b0010111110100010 .
b001011111010001 /
#3277500000
0,
b0010111110100011 .
b001011111010010 0
#3277750000
1,
b0010111110100100 .
b001011111010010 /
#3278000000
0,
b0010111110100101 .
b001011111010011 0
#3278250000
1,
b0010111110100110 .
b001011111010011 /
#3278500000
0,
b0010111110100111 .
b001011111010100 0
#3278750000
b01100100 (
1)
1,
b0010111110101000 .
b001011111010100 /
#3279000000
0,
b0010111110101001 .
b001011111010101 0
#3279250000
1,
b0010111110101010 .
b001011111010101 /
#3279500000
0,
b0010111110101011 .
b001011111010110 0
#3279750000
1,
b0010111110101100 .
b001011111010110 /
#3280000000
0,
b0010111110101101 .
b001011111010111 0
#3280250000
1,
b0010111110101110 .
b001011111010111 /
#3280500000
0,
b0010111110101111 .
b001011111011000 0
#3280750000
1,
b0010111110110000 .
b001011111011000 /
#3281000000
0,
b0010111110110001 .
b001011111011001 0
#3281250000
1,
b0010111110110010 .
b001011111011001 /
#3281500000
0,
b0010111110110011 .
b001011111011010 0
#3281750000
1,
b0010111110110100 .
b001011111011010 /
#3282000000
0,
b0010111110110101 .
b001011111011011 0
#3282250000
1,
b0010111110110110 .
b001011111011011 /
#3282500000
0,
b0010111110110111 .
b001011111011100 0
#3282750000
1,
b0010111110111000 .
b001011111011100 /
#3283000000
0,
b0010111110111001 .
b001011111011101 0
#3283250000
1,
b0010111110111010 .
b001011111011101 /
#3283500000
0,
b0010111110111011 .
b001011111011110 0
#3283750000
1,
b0010111110111100 .
b001011111011110 /
#3284000000
0,
b0010111110111101 .
b001011111011111 0
#3284250000
1,
b0010111110111110 .
b001011111011111 /
#3284500000
0,
b0010111110111111 .
b001011111100000 0
#3284750000
1,
b0010111111000000 .
b001011111100000 /
#3285000000
0,
b0010111111000001 .
b001011111100001 0
#3285250000
1,
b0010111111000010 .
b001011111100001 /
#3285500000
0,
b0010111111000011 .
b001011111100010 0
#3285750000
1,
b0010111111000100 .
b001011111100010 /
#3286000000
0,
b0010111111000101 .
b001011111100011 0
#3286250000
1,
b0010111111000110 .
b001011111100011 /
#3286500000
0,
b0010111111000111 .
b001011111100100 0
#3286750000
1,
b0010111111001000 .
b001011111100100 /
#3287000000
0,
b0010111111001001 .
b001011111100101 0
#3287250000
1,
b0010111111001010 .
b001011111100101 /
#3287500000
0,
b0010111111001011 .
b001011111100110 0
#3287750000
1,
b0010111111001100 .
b001011111100110 /
#3288000000
0,
b0010111111001101 .
b001011111100111 0
#3288250000
1,
b0010111111001110 .
b001011111100111 /
#3288500000
0,
b0010111111001111 .
b001011111101000 0
#3288750000
1,
b0010111111010000 .
b001011111101000 /
#3289000000
0,
b0010111111010001 .
b001011111101001 0
#3289250000
1,
b0010111111010010 .
b001011111101001 /
#3289500000
0,
b0010111111010011 .
b001011111101010 0
#3289750000
1,
b0010111111010100 .
b001011111101010 /
#3290000000
0,
b0010111111010101 .
b001011111101011 0
#3290250000
1,
b0010111111010110 .
b001011111101011 /
#3290500000
0,
b0010111111010111 .
b001011111101100 0
#3290750000
1,
b0010111111011000 .
b001011111101100 /
#3291000000
0,
b0010111111011001 .
b001011111101101 0
#3291250000
1,
b0010111111011010 .
b001011111101101 /
#3291500000
0,
b0010111111011011 .
b001011111101110 0
#3291750000
1,
b0010111111011100 .
b001011111101110 /
#3292000000
0,
b0010111111011101 .
b001011111101111 0
#3292250000
1,
b0010111111011110 .
b001011111101111 /
#3292500000
0,
b0010111111011111 .
b001011111110000 0
#3292750000
1,
b0010111111100000 .
b001011111110000 /
#3293000000
0,
b0010111111100001 .
b001011111110001 0
#3293250000
1,
b0010111111100010 .
b001011111110001 /
#3293500000
0,
b0010111111100011 .
b001011111110010 0
#3293750000
1,
b0010111111100100 .
b001011111110010 /
#3294000000
0)
0,
b0010111111100101 .
b001011111110011 0
#3294250000
1,
b0010111111100110 .
b001011111110011 /
#3294500000
0,
b0010111111100111 .
b001011111110100 0
#3294750000
1,
b0010111111101000 .
b001011111110100 /
#3295000000
0,
b0010111111101001 .
b001011111110101 0
#3295250000
1,
b0010111111101010 .
b001011111110101 /
#3295500000
0,
b0010111111101011 .
b001011111110110 0
#3295750000
1,
b0010111111101100 .
b001011111110110 /
#3296000000
0,
b0010111111101101 .
b001011111110111 0
#3296250000
1,
b0010111111101110 .
b001011111110111 /
#3296500000
0,
b0010111111101111 .
b001011111111000 0
#3296750000
1,
b0010111111110000 .
b001011111111000 /
#3297000000
0,
b0010111111110001 .
b001011111111001 0
#3297250000
1,
b0010111111110010 .
b001011111111001 /
#3297500000
0,
b0010111111110011 .
b001011111111010 0
#3297750000
1,
b0010111111110100 .
b001011111111010 /
#3298000000
0,
b0010111111110101 .
b001011111111011 0
#3298250000
1,
b0010111111110110 .
b001011111111011 /
#3298500000
0,
b0010111111110111 .
b001011111111100 0
#3298750000
1,
b0010111111111000 .
b001011111111100 /
#3299000000
0,
b0010111111111001 .
b001011111111101 0
#3299250000
1,
b0010111111111010 .
b001011111111101 /
#3299500000
0,
b0010111111111011 .
b001011111111110 0
#3299750000
1,
b0010111111111100 .
b001011111111110 /
#3300000000
0,
b0010111111111101 .
b001011111111111 0
#3300250000
1,
b0010111111111110 .
b001011111111111 /
#3300500000
0,
b0010111111111111 .
b001100000000000 0
#3300750000
1,
b0011000000000000 .
b001100000000000 /
#3301000000
0,
b0011000000000001 .
b001100000000001 0
#3301250000
1,
b0011000000000010 .
b001100000000001 /
#3301500000
0,
b0011000000000011 .
b001100000000010 0
#3301750000
1,
b0011000000000100 .
b001100000000010 /
#3302000000
0,
b0011000000000101 .
b001100000000011 0
#3302250000
1,
b0011000000000110 .
b001100000000011 /
#3302500000
0,
b0011000000000111 .
b001100000000100 0
#3302750000
1,
b0011000000001000 .
b001100000000100 /
#3303000000
0,
b0011000000001001 .
b001100000000101 0
#3303250000
1,
b0011000000001010 .
b001100000000101 /
#3303500000
0,
b0011000000001011 .
b001100000000110 0
#3303750000
1,
b0011000000001100 .
b001100000000110 /
#3304000000
0,
b0011000000001101 .
b001100000000111 0
#3304250000
1,
b0011000000001110 .
b001100000000111 /
#3304500000
0,
b0011000000001111 .
b001100000001000 0
#3304750000
1,
b0011000000010000 .
b001100000001000 /
#3305000000
0,
b0011000000010001 .
b001100000001001 0
#3305250000
1,
b0011000000010010 .
b001100000001001 /
#3305500000
0,
b0011000000010011 .
b001100000001010 0
#3305750000
1,
b0011000000010100 .
b001100000001010 /
#3306000000
0,
b0011000000010101 .
b001100000001011 0
#3306250000
1,
b0011000000010110 .
b001100000001011 /
#3306500000
0,
b0011000000010111 .
b001100000001100 0
#3306750000
1,
b0011000000011000 .
b001100000001100 /
#3307000000
0,
b0011000000011001 .
b001100000001101 0
#3307250000
1,
b0011000000011010 .
b001100000001101 /
#3307500000
0,
b0011000000011011 .
b001100000001110 0
#3307750000
1,
b0011000000011100 .
b001100000001110 /
#3308000000
0,
b0011000000011101 .
b001100000001111 0
#3308250000
1,
b0011000000011110 .
b001100000001111 /
#3308500000
0,
b0011000000011111 .
b001100000010000 0
#3308750000
1,
b0011000000100000 .
b001100000010000 /
#3309000000
0,
b0011000000100001 .
b001100000010001 0
#3309250000
b01100101 (
1)
1,
b0011000000100010 .
b001100000010001 /
#3309500000
0,
b0011000000100011 .
b001100000010010 0
#3309750000
1,
b0011000000100100 .
b001100000010010 /
#3310000000
0,
b0011000000100101 .
b001100000010011 0
#3310250000
1,
b0011000000100110 .
b001100000010011 /
#3310500000
0,
b0011000000100111 .
b001100000010100 0
#3310750000
1,
b0011000000101000 .
b001100000010100 /
#3311000000
0,
b0011000000101001 .
b001100000010101 0
#3311250000
1,
b0011000000101010 .
b001100000010101 /
#3311500000
0,
b0011000000101011 .
b001100000010110 0
#3311750000
1,
b0011000000101100 .
b001100000010110 /
#3312000000
0,
b0011000000101101 .
b001100000010111 0
#3312250000
1,
b0011000000101110 .
b001100000010111 /
#3312500000
0,
b0011000000101111 .
b001100000011000 0
#3312750000
1,
b0011000000110000 .
b001100000011000 /
#3313000000
0,
b0011000000110001 .
b001100000011001 0
#3313250000
1,
b0011000000110010 .
b001100000011001 /
#3313500000
0,
b0011000000110011 .
b001100000011010 0
#3313750000
1,
b0011000000110100 .
b001100000011010 /
#3314000000
0,
b0011000000110101 .
b001100000011011 0
#3314250000
1,
b0011000000110110 .
b001100000011011 /
#3314500000
0,
b0011000000110111 .
b001100000011100 0
#3314750000
1,
b0011000000111000 .
b001100000011100 /
#3315000000
0,
b0011000000111001 .
b001100000011101 0
#3315250000
1,
b0011000000111010 .
b001100000011101 /
#3315500000
0,
b0011000000111011 .
b001100000011110 0
#3315750000
1,
b0011000000111100 .
b001100000011110 /
#3316000000
0,
b0011000000111101 .
b001100000011111 0
#3316250000
1,
b0011000000111110 .
b001100000011111 /
#3316500000
0,
b0011000000111111 .
b001100000100000 0
#3316750000
1,
b0011000001000000 .
b001100000100000 /
#3317000000
0,
b0011000001000001 .
b001100000100001 0
#3317250000
1,
b0011000001000010 .
b001100000100001 /
#3317500000
0,
b0011000001000011 .
b001100000100010 0
#3317750000
1,
b0011000001000100 .
b001100000100010 /
#3318000000
0,
b0011000001000101 .
b001100000100011 0
#3318250000
1,
b0011000001000110 .
b001100000100011 /
#3318500000
0,
b0011000001000111 .
b001100000100100 0
#3318750000
1,
b0011000001001000 .
b001100000100100 /
#3319000000
0,
b0011000001001001 .
b001100000100101 0
#3319250000
1,
b0011000001001010 .
b001100000100101 /
#3319500000
0,
b0011000001001011 .
b001100000100110 0
#3319750000
1,
b0011000001001100 .
b001100000100110 /
#3320000000
0,
b0011000001001101 .
b001100000100111 0
#3320250000
1,
b0011000001001110 .
b001100000100111 /
#3320500000
0,
b0011000001001111 .
b001100000101000 0
#3320750000
1,
b0011000001010000 .
b001100000101000 /
#3321000000
0,
b0011000001010001 .
b001100000101001 0
#3321250000
1,
b0011000001010010 .
b001100000101001 /
#3321500000
0,
b0011000001010011 .
b001100000101010 0
#3321750000
1,
b0011000001010100 .
b001100000101010 /
#3322000000
0,
b0011000001010101 .
b001100000101011 0
#3322250000
1,
b0011000001010110 .
b001100000101011 /
#3322500000
0,
b0011000001010111 .
b001100000101100 0
#3322750000
1,
b0011000001011000 .
b001100000101100 /
#3323000000
0,
b0011000001011001 .
b001100000101101 0
#3323250000
1,
b0011000001011010 .
b001100000101101 /
#3323500000
0,
b0011000001011011 .
b001100000101110 0
#3323750000
1,
b0011000001011100 .
b001100000101110 /
#3324000000
0,
b0011000001011101 .
b001100000101111 0
#3324250000
1,
b0011000001011110 .
b001100000101111 /
#3324500000
0)
0,
b0011000001011111 .
b001100000110000 0
#3324750000
1,
b0011000001100000 .
b001100000110000 /
#3325000000
0,
b0011000001100001 .
b001100000110001 0
#3325250000
1,
b0011000001100010 .
b001100000110001 /
#3325500000
0,
b0011000001100011 .
b001100000110010 0
#3325750000
1,
b0011000001100100 .
b001100000110010 /
#3326000000
0,
b0011000001100101 .
b001100000110011 0
#3326250000
1,
b0011000001100110 .
b001100000110011 /
#3326500000
0,
b0011000001100111 .
b001100000110100 0
#3326750000
1,
b0011000001101000 .
b001100000110100 /
#3327000000
0,
b0011000001101001 .
b001100000110101 0
#3327250000
1,
b0011000001101010 .
b001100000110101 /
#3327500000
0,
b0011000001101011 .
b001100000110110 0
#3327750000
1,
b0011000001101100 .
b001100000110110 /
#3328000000
0,
b0011000001101101 .
b001100000110111 0
#3328250000
1,
b0011000001101110 .
b001100000110111 /
#3328500000
0,
b0011000001101111 .
b001100000111000 0
#3328750000
1,
b0011000001110000 .
b001100000111000 /
#3329000000
0,
b0011000001110001 .
b001100000111001 0
#3329250000
1,
b0011000001110010 .
b001100000111001 /
#3329500000
0,
b0011000001110011 .
b001100000111010 0
#3329750000
1,
b0011000001110100 .
b001100000111010 /
#3330000000
0,
b0011000001110101 .
b001100000111011 0
#3330250000
1,
b0011000001110110 .
b001100000111011 /
#3330500000
0,
b0011000001110111 .
b001100000111100 0
#3330750000
1,
b0011000001111000 .
b001100000111100 /
#3331000000
0,
b0011000001111001 .
b001100000111101 0
#3331250000
1,
b0011000001111010 .
b001100000111101 /
#3331500000
0,
b0011000001111011 .
b001100000111110 0
#3331750000
1,
b0011000001111100 .
b001100000111110 /
#3332000000
0,
b0011000001111101 .
b001100000111111 0
#3332250000
1,
b0011000001111110 .
b001100000111111 /
#3332500000
0,
b0011000001111111 .
b001100001000000 0
#3332750000
1,
b0011000010000000 .
b001100001000000 /
#3333000000
0,
b0011000010000001 .
b001100001000001 0
#3333250000
1,
b0011000010000010 .
b001100001000001 /
#3333500000
0,
b0011000010000011 .
b001100001000010 0
#3333750000
1,
b0011000010000100 .
b001100001000010 /
#3334000000
0,
b0011000010000101 .
b001100001000011 0
#3334250000
1,
b0011000010000110 .
b001100001000011 /
#3334500000
0,
b0011000010000111 .
b001100001000100 0
#3334750000
1,
b0011000010001000 .
b001100001000100 /
#3335000000
0,
b0011000010001001 .
b001100001000101 0
#3335250000
1,
b0011000010001010 .
b001100001000101 /
#3335500000
0,
b0011000010001011 .
b001100001000110 0
#3335750000
1,
b0011000010001100 .
b001100001000110 /
#3336000000
0,
b0011000010001101 .
b001100001000111 0
#3336250000
1,
b0011000010001110 .
b001100001000111 /
#3336500000
0,
b0011000010001111 .
b001100001001000 0
#3336750000
1,
b0011000010010000 .
b001100001001000 /
#3337000000
0,
b0011000010010001 .
b001100001001001 0
#3337250000
1,
b0011000010010010 .
b001100001001001 /
#3337500000
0,
b0011000010010011 .
b001100001001010 0
#3337750000
1,
b0011000010010100 .
b001100001001010 /
#3338000000
0,
b0011000010010101 .
b001100001001011 0
#3338250000
1,
b0011000010010110 .
b001100001001011 /
#3338500000
0,
b0011000010010111 .
b001100001001100 0
#3338750000
1,
b0011000010011000 .
b001100001001100 /
#3339000000
0,
b0011000010011001 .
b001100001001101 0
#3339250000
1,
b0011000010011010 .
b001100001001101 /
#3339500000
0,
b0011000010011011 .
b001100001001110 0
#3339750000
b01100110 (
1)
1,
b0011000010011100 .
b001100001001110 /
#3340000000
0,
b0011000010011101 .
b001100001001111 0
#3340250000
1,
b0011000010011110 .
b001100001001111 /
#3340500000
0,
b0011000010011111 .
b001100001010000 0
#3340750000
1,
b0011000010100000 .
b001100001010000 /
#3341000000
0,
b0011000010100001 .
b001100001010001 0
#3341250000
1,
b0011000010100010 .
b001100001010001 /
#3341500000
0,
b0011000010100011 .
b001100001010010 0
#3341750000
1,
b0011000010100100 .
b001100001010010 /
#3342000000
0,
b0011000010100101 .
b001100001010011 0
#3342250000
1,
b0011000010100110 .
b001100001010011 /
#3342500000
0,
b0011000010100111 .
b001100001010100 0
#3342750000
1,
b0011000010101000 .
b001100001010100 /
#3343000000
0,
b0011000010101001 .
b001100001010101 0
#3343250000
1,
b0011000010101010 .
b001100001010101 /
#3343500000
0,
b0011000010101011 .
b001100001010110 0
#3343750000
1,
b0011000010101100 .
b001100001010110 /
#3344000000
0,
b0011000010101101 .
b001100001010111 0
#3344250000
1,
b0011000010101110 .
b001100001010111 /
#3344500000
0,
b0011000010101111 .
b001100001011000 0
#3344750000
1,
b0011000010110000 .
b001100001011000 /
#3345000000
0,
b0011000010110001 .
b001100001011001 0
#3345250000
1,
b0011000010110010 .
b001100001011001 /
#3345500000
0,
b0011000010110011 .
b001100001011010 0
#3345750000
1,
b0011000010110100 .
b001100001011010 /
#3346000000
0,
b0011000010110101 .
b001100001011011 0
#3346250000
1,
b0011000010110110 .
b001100001011011 /
#3346500000
0,
b0011000010110111 .
b001100001011100 0
#3346750000
1,
b0011000010111000 .
b001100001011100 /
#3347000000
0,
b0011000010111001 .
b001100001011101 0
#3347250000
1,
b0011000010111010 .
b001100001011101 /
#3347500000
0,
b0011000010111011 .
b001100001011110 0
#3347750000
1,
b0011000010111100 .
b001100001011110 /
#3348000000
0,
b0011000010111101 .
b001100001011111 0
#3348250000
1,
b0011000010111110 .
b001100001011111 /
#3348500000
0,
b0011000010111111 .
b001100001100000 0
#3348750000
1,
b0011000011000000 .
b001100001100000 /
#3349000000
0,
b0011000011000001 .
b001100001100001 0
#3349250000
1,
b0011000011000010 .
b001100001100001 /
#3349500000
0,
b0011000011000011 .
b001100001100010 0
#3349750000
1,
b0011000011000100 .
b001100001100010 /
#3350000000
0,
b0011000011000101 .
b001100001100011 0
#3350250000
1,
b0011000011000110 .
b001100001100011 /
#3350500000
0,
b0011000011000111 .
b001100001100100 0
#3350750000
1,
b0011000011001000 .
b001100001100100 /
#3351000000
0,
b0011000011001001 .
b001100001100101 0
#3351250000
1,
b0011000011001010 .
b001100001100101 /
#3351500000
0,
b0011000011001011 .
b001100001100110 0
#3351750000
1,
b0011000011001100 .
b001100001100110 /
#3352000000
0,
b0011000011001101 .
b001100001100111 0
#3352250000
1,
b0011000011001110 .
b001100001100111 /
#3352500000
0,
b0011000011001111 .
b001100001101000 0
#3352750000
1,
b0011000011010000 .
b001100001101000 /
#3353000000
0,
b0011000011010001 .
b001100001101001 0
#3353250000
1,
b0011000011010010 .
b001100001101001 /
#3353500000
0,
b0011000011010011 .
b001100001101010 0
#3353750000
1,
b0011000011010100 .
b001100001101010 /
#3354000000
0,
b0011000011010101 .
b001100001101011 0
#3354250000
1,
b0011000011010110 .
b001100001101011 /
#3354500000
0,
b0011000011010111 .
b001100001101100 0
#3354750000
1,
b0011000011011000 .
b001100001101100 /
#3355000000
0)
0,
b0011000011011001 .
b001100001101101 0
#3355250000
1,
b0011000011011010 .
b001100001101101 /
#3355500000
0,
b0011000011011011 .
b001100001101110 0
#3355750000
1,
b0011000011011100 .
b001100001101110 /
#3356000000
0,
b0011000011011101 .
b001100001101111 0
#3356250000
1,
b0011000011011110 .
b001100001101111 /
#3356500000
0,
b0011000011011111 .
b001100001110000 0
#3356750000
1,
b0011000011100000 .
b001100001110000 /
#3357000000
0,
b0011000011100001 .
b001100001110001 0
#3357250000
1,
b0011000011100010 .
b001100001110001 /
#3357500000
0,
b0011000011100011 .
b001100001110010 0
#3357750000
1,
b0011000011100100 .
b001100001110010 /
#3358000000
0,
b0011000011100101 .
b001100001110011 0
#3358250000
1,
b0011000011100110 .
b001100001110011 /
#3358500000
0,
b0011000011100111 .
b001100001110100 0
#3358750000
1,
b0011000011101000 .
b001100001110100 /
#3359000000
0,
b0011000011101001 .
b001100001110101 0
#3359250000
1,
b0011000011101010 .
b001100001110101 /
#3359500000
0,
b0011000011101011 .
b001100001110110 0
#3359750000
1,
b0011000011101100 .
b001100001110110 /
#3360000000
0,
b0011000011101101 .
b001100001110111 0
#3360250000
1,
b0011000011101110 .
b001100001110111 /
#3360500000
0,
b0011000011101111 .
b001100001111000 0
#3360750000
1,
b0011000011110000 .
b001100001111000 /
#3361000000
0,
b0011000011110001 .
b001100001111001 0
#3361250000
1,
b0011000011110010 .
b001100001111001 /
#3361500000
0,
b0011000011110011 .
b001100001111010 0
#3361750000
1,
b0011000011110100 .
b001100001111010 /
#3362000000
0,
b0011000011110101 .
b001100001111011 0
#3362250000
1,
b0011000011110110 .
b001100001111011 /
#3362500000
0,
b0011000011110111 .
b001100001111100 0
#3362750000
1,
b0011000011111000 .
b001100001111100 /
#3363000000
0,
b0011000011111001 .
b001100001111101 0
#3363250000
1,
b0011000011111010 .
b001100001111101 /
#3363500000
0,
b0011000011111011 .
b001100001111110 0
#3363750000
1,
b0011000011111100 .
b001100001111110 /
#3364000000
0,
b0011000011111101 .
b001100001111111 0
#3364250000
1,
b0011000011111110 .
b001100001111111 /
#3364500000
0,
b0011000011111111 .
b001100010000000 0
#3364750000
1,
b0011000100000000 .
b001100010000000 /
#3365000000
0,
b0011000100000001 .
b001100010000001 0
#3365250000
1,
b0011000100000010 .
b001100010000001 /
#3365500000
0,
b0011000100000011 .
b001100010000010 0
#3365750000
1,
b0011000100000100 .
b001100010000010 /
#3366000000
0,
b0011000100000101 .
b001100010000011 0
#3366250000
1,
b0011000100000110 .
b001100010000011 /
#3366500000
0,
b0011000100000111 .
b001100010000100 0
#3366750000
1,
b0011000100001000 .
b001100010000100 /
#3367000000
0,
b0011000100001001 .
b001100010000101 0
#3367250000
1,
b0011000100001010 .
b001100010000101 /
#3367500000
0,
b0011000100001011 .
b001100010000110 0
#3367750000
1,
b0011000100001100 .
b001100010000110 /
#3368000000
0,
b0011000100001101 .
b001100010000111 0
#3368250000
1,
b0011000100001110 .
b001100010000111 /
#3368500000
0,
b0011000100001111 .
b001100010001000 0
#3368750000
1,
b0011000100010000 .
b001100010001000 /
#3369000000
0,
b0011000100010001 .
b001100010001001 0
#3369250000
1,
b0011000100010010 .
b001100010001001 /
#3369500000
0,
b0011000100010011 .
b001100010001010 0
#3369750000
1,
b0011000100010100 .
b001100010001010 /
#3370000000
0,
b0011000100010101 .
b001100010001011 0
#3370250000
b01100111 (
1)
1,
b0011000100010110 .
b001100010001011 /
#3370500000
0,
b0011000100010111 .
b001100010001100 0
#3370750000
1,
b0011000100011000 .
b001100010001100 /
#3371000000
0,
b0011000100011001 .
b001100010001101 0
#3371250000
1,
b0011000100011010 .
b001100010001101 /
#3371500000
0,
b0011000100011011 .
b001100010001110 0
#3371750000
1,
b0011000100011100 .
b001100010001110 /
#3372000000
0,
b0011000100011101 .
b001100010001111 0
#3372250000
1,
b0011000100011110 .
b001100010001111 /
#3372500000
0,
b0011000100011111 .
b001100010010000 0
#3372750000
1,
b0011000100100000 .
b001100010010000 /
#3373000000
0,
b0011000100100001 .
b001100010010001 0
#3373250000
1,
b0011000100100010 .
b001100010010001 /
#3373500000
0,
b0011000100100011 .
b001100010010010 0
#3373750000
1,
b0011000100100100 .
b001100010010010 /
#3374000000
0,
b0011000100100101 .
b001100010010011 0
#3374250000
1,
b0011000100100110 .
b001100010010011 /
#3374500000
0,
b0011000100100111 .
b001100010010100 0
#3374750000
1,
b0011000100101000 .
b001100010010100 /
#3375000000
0,
b0011000100101001 .
b001100010010101 0
#3375250000
1,
b0011000100101010 .
b001100010010101 /
#3375500000
0,
b0011000100101011 .
b001100010010110 0
#3375750000
1,
b0011000100101100 .
b001100010010110 /
#3376000000
0,
b0011000100101101 .
b001100010010111 0
#3376250000
1,
b0011000100101110 .
b001100010010111 /
#3376500000
0,
b0011000100101111 .
b001100010011000 0
#3376750000
1,
b0011000100110000 .
b001100010011000 /
#3377000000
0,
b0011000100110001 .
b001100010011001 0
#3377250000
1,
b0011000100110010 .
b001100010011001 /
#3377500000
0,
b0011000100110011 .
b001100010011010 0
#3377750000
1,
b0011000100110100 .
b001100010011010 /
#3378000000
0,
b0011000100110101 .
b001100010011011 0
#3378250000
1,
b0011000100110110 .
b001100010011011 /
#3378500000
0,
b0011000100110111 .
b001100010011100 0
#3378750000
1,
b0011000100111000 .
b001100010011100 /
#3379000000
0,
b0011000100111001 .
b001100010011101 0
#3379250000
1,
b0011000100111010 .
b001100010011101 /
#3379500000
0,
b0011000100111011 .
b001100010011110 0
#3379750000
1,
b0011000100111100 .
b001100010011110 /
#3380000000
0,
b0011000100111101 .
b001100010011111 0
#3380250000
1,
b0011000100111110 .
b001100010011111 /
#3380500000
0,
b0011000100111111 .
b001100010100000 0
#3380750000
1,
b0011000101000000 .
b001100010100000 /
#3381000000
0,
b0011000101000001 .
b001100010100001 0
#3381250000
1,
b0011000101000010 .
b001100010100001 /
#3381500000
0,
b0011000101000011 .
b001100010100010 0
#3381750000
1,
b0011000101000100 .
b001100010100010 /
#3382000000
0,
b0011000101000101 .
b001100010100011 0
#3382250000
1,
b0011000101000110 .
b001100010100011 /
#3382500000
0,
b0011000101000111 .
b001100010100100 0
#3382750000
1,
b0011000101001000 .
b001100010100100 /
#3383000000
0,
b0011000101001001 .
b001100010100101 0
#3383250000
1,
b0011000101001010 .
b001100010100101 /
#3383500000
0,
b0011000101001011 .
b001100010100110 0
#3383750000
1,
b0011000101001100 .
b001100010100110 /
#3384000000
0,
b0011000101001101 .
b001100010100111 0
#3384250000
1,
b0011000101001110 .
b001100010100111 /
#3384500000
0,
b0011000101001111 .
b001100010101000 0
#3384750000
1,
b0011000101010000 .
b001100010101000 /
#3385000000
0,
b0011000101010001 .
b001100010101001 0
#3385250000
1,
b0011000101010010 .
b001100010101001 /
#3385500000
0)
0,
b0011000101010011 .
b001100010101010 0
#3385750000
1,
b0011000101010100 .
b001100010101010 /
#3386000000
0,
b0011000101010101 .
b001100010101011 0
#3386250000
1,
b0011000101010110 .
b001100010101011 /
#3386500000
0,
b0011000101010111 .
b001100010101100 0
#3386750000
1,
b0011000101011000 .
b001100010101100 /
#3387000000
0,
b0011000101011001 .
b001100010101101 0
#3387250000
1,
b0011000101011010 .
b001100010101101 /
#3387500000
0,
b0011000101011011 .
b001100010101110 0
#3387750000
1,
b0011000101011100 .
b001100010101110 /
#3388000000
0,
b0011000101011101 .
b001100010101111 0
#3388250000
1,
b0011000101011110 .
b001100010101111 /
#3388500000
0,
b0011000101011111 .
b001100010110000 0
#3388750000
1,
b0011000101100000 .
b001100010110000 /
#3389000000
0,
b0011000101100001 .
b001100010110001 0
#3389250000
1,
b0011000101100010 .
b001100010110001 /
#3389500000
0,
b0011000101100011 .
b001100010110010 0
#3389750000
1,
b0011000101100100 .
b001100010110010 /
#3390000000
0,
b0011000101100101 .
b001100010110011 0
#3390250000
1,
b0011000101100110 .
b001100010110011 /
#3390500000
0,
b0011000101100111 .
b001100010110100 0
#3390750000
1,
b0011000101101000 .
b001100010110100 /
#3391000000
0,
b0011000101101001 .
b001100010110101 0
#3391250000
1,
b0011000101101010 .
b001100010110101 /
#3391500000
0,
b0011000101101011 .
b001100010110110 0
#3391750000
1,
b0011000101101100 .
b001100010110110 /
#3392000000
0,
b0011000101101101 .
b001100010110111 0
#3392250000
1,
b0011000101101110 .
b001100010110111 /
#3392500000
0,
b0011000101101111 .
b001100010111000 0
#3392750000
1,
b0011000101110000 .
b001100010111000 /
#3393000000
0,
b0011000101110001 .
b001100010111001 0
#3393250000
1,
b0011000101110010 .
b001100010111001 /
#3393500000
0,
b0011000101110011 .
b001100010111010 0
#3393750000
1,
b0011000101110100 .
b001100010111010 /
#3394000000
0,
b0011000101110101 .
b001100010111011 0
#3394250000
1,
b0011000101110110 .
b001100010111011 /
#3394500000
0,
b0011000101110111 .
b001100010111100 0
#3394750000
1,
b0011000101111000 .
b001100010111100 /
#3395000000
0,
b0011000101111001 .
b001100010111101 0
#3395250000
1,
b0011000101111010 .
b001100010111101 /
#3395500000
0,
b0011000101111011 .
b001100010111110 0
#3395750000
1,
b0011000101111100 .
b001100010111110 /
#3396000000
0,
b0011000101111101 .
b001100010111111 0
#3396250000
1,
b0011000101111110 .
b001100010111111 /
#3396500000
0,
b0011000101111111 .
b001100011000000 0
#3396750000
1,
b0011000110000000 .
b001100011000000 /
#3397000000
0,
b0011000110000001 .
b001100011000001 0
#3397250000
1,
b0011000110000010 .
b001100011000001 /
#3397500000
0,
b0011000110000011 .
b001100011000010 0
#3397750000
1,
b0011000110000100 .
b001100011000010 /
#3398000000
0,
b0011000110000101 .
b001100011000011 0
#3398250000
1,
b0011000110000110 .
b001100011000011 /
#3398500000
0,
b0011000110000111 .
b001100011000100 0
#3398750000
1,
b0011000110001000 .
b001100011000100 /
#3399000000
0,
b0011000110001001 .
b001100011000101 0
#3399250000
1,
b0011000110001010 .
b001100011000101 /
#3399500000
0,
b0011000110001011 .
b001100011000110 0
#3399750000
1,
b0011000110001100 .
b001100011000110 /
#3400000000
0,
b0011000110001101 .
b001100011000111 0
#3400250000
1,
b0011000110001110 .
b001100011000111 /
#3400500000
0,
b0011000110001111 .
b001100011001000 0
#3400750000
b01101000 (
1)
1,
b0011000110010000 .
b001100011001000 /
#3401000000
0,
b0011000110010001 .
b001100011001001 0
#3401250000
1,
b0011000110010010 .
b001100011001001 /
#3401500000
0,
b0011000110010011 .
b001100011001010 0
#3401750000
1,
b0011000110010100 .
b001100011001010 /
#3402000000
0,
b0011000110010101 .
b001100011001011 0
#3402250000
1,
b0011000110010110 .
b001100011001011 /
#3402500000
0,
b0011000110010111 .
b001100011001100 0
#3402750000
1,
b0011000110011000 .
b001100011001100 /
#3403000000
0,
b0011000110011001 .
b001100011001101 0
#3403250000
1,
b0011000110011010 .
b001100011001101 /
#3403500000
0,
b0011000110011011 .
b001100011001110 0
#3403750000
1,
b0011000110011100 .
b001100011001110 /
#3404000000
0,
b0011000110011101 .
b001100011001111 0
#3404250000
1,
b0011000110011110 .
b001100011001111 /
#3404500000
0,
b0011000110011111 .
b001100011010000 0
#3404750000
1,
b0011000110100000 .
b001100011010000 /
#3405000000
0,
b0011000110100001 .
b001100011010001 0
#3405250000
1,
b0011000110100010 .
b001100011010001 /
#3405500000
0,
b0011000110100011 .
b001100011010010 0
#3405750000
1,
b0011000110100100 .
b001100011010010 /
#3406000000
0,
b0011000110100101 .
b001100011010011 0
#3406250000
1,
b0011000110100110 .
b001100011010011 /
#3406500000
0,
b0011000110100111 .
b001100011010100 0
#3406750000
1,
b0011000110101000 .
b001100011010100 /
#3407000000
0,
b0011000110101001 .
b001100011010101 0
#3407250000
1,
b0011000110101010 .
b001100011010101 /
#3407500000
0,
b0011000110101011 .
b001100011010110 0
#3407750000
1,
b0011000110101100 .
b001100011010110 /
#3408000000
0,
b0011000110101101 .
b001100011010111 0
#3408250000
1,
b0011000110101110 .
b001100011010111 /
#3408500000
0,
b0011000110101111 .
b001100011011000 0
#3408750000
1,
b0011000110110000 .
b001100011011000 /
#3409000000
0,
b0011000110110001 .
b001100011011001 0
#3409250000
1,
b0011000110110010 .
b001100011011001 /
#3409500000
0,
b0011000110110011 .
b001100011011010 0
#3409750000
1,
b0011000110110100 .
b001100011011010 /
#3410000000
0,
b0011000110110101 .
b001100011011011 0
#3410250000
1,
b0011000110110110 .
b001100011011011 /
#3410500000
0,
b0011000110110111 .
b001100011011100 0
#3410750000
1,
b0011000110111000 .
b001100011011100 /
#3411000000
0,
b0011000110111001 .
b001100011011101 0
#3411250000
1,
b0011000110111010 .
b001100011011101 /
#3411500000
0,
b0011000110111011 .
b001100011011110 0
#3411750000
1,
b0011000110111100 .
b001100011011110 /
#3412000000
0,
b0011000110111101 .
b001100011011111 0
#3412250000
1,
b0011000110111110 .
b001100011011111 /
#3412500000
0,
b0011000110111111 .
b001100011100000 0
#3412750000
1,
b0011000111000000 .
b001100011100000 /
#3413000000
0,
b0011000111000001 .
b001100011100001 0
#3413250000
1,
b0011000111000010 .
b001100011100001 /
#3413500000
0,
b0011000111000011 .
b001100011100010 0
#3413750000
1,
b0011000111000100 .
b001100011100010 /
#3414000000
0,
b0011000111000101 .
b001100011100011 0
#3414250000
1,
b0011000111000110 .
b001100011100011 /
#3414500000
0,
b0011000111000111 .
b001100011100100 0
#3414750000
1,
b0011000111001000 .
b001100011100100 /
#3415000000
0,
b0011000111001001 .
b001100011100101 0
#3415250000
1,
b0011000111001010 .
b001100011100101 /
#3415500000
0,
b0011000111001011 .
b001100011100110 0
#3415750000
1,
b0011000111001100 .
b001100011100110 /
#3416000000
0)
0,
b0011000111001101 .
b001100011100111 0
#3416250000
1,
b0011000111001110 .
b001100011100111 /
#3416500000
0,
b0011000111001111 .
b001100011101000 0
#3416750000
1,
b0011000111010000 .
b001100011101000 /
#3417000000
0,
b0011000111010001 .
b001100011101001 0
#3417250000
1,
b0011000111010010 .
b001100011101001 /
#3417500000
0,
b0011000111010011 .
b001100011101010 0
#3417750000
1,
b0011000111010100 .
b001100011101010 /
#3418000000
0,
b0011000111010101 .
b001100011101011 0
#3418250000
1,
b0011000111010110 .
b001100011101011 /
#3418500000
0,
b0011000111010111 .
b001100011101100 0
#3418750000
1,
b0011000111011000 .
b001100011101100 /
#3419000000
0,
b0011000111011001 .
b001100011101101 0
#3419250000
1,
b0011000111011010 .
b001100011101101 /
#3419500000
0,
b0011000111011011 .
b001100011101110 0
#3419750000
1,
b0011000111011100 .
b001100011101110 /
#3420000000
0,
b0011000111011101 .
b001100011101111 0
#3420250000
1,
b0011000111011110 .
b001100011101111 /
#3420500000
0,
b0011000111011111 .
b001100011110000 0
#3420750000
1,
b0011000111100000 .
b001100011110000 /
#3421000000
0,
b0011000111100001 .
b001100011110001 0
#3421250000
1,
b0011000111100010 .
b001100011110001 /
#3421500000
0,
b0011000111100011 .
b001100011110010 0
#3421750000
1,
b0011000111100100 .
b001100011110010 /
#3422000000
0,
b0011000111100101 .
b001100011110011 0
#3422250000
1,
b0011000111100110 .
b001100011110011 /
#3422500000
0,
b0011000111100111 .
b001100011110100 0
#3422750000
1,
b0011000111101000 .
b001100011110100 /
#3423000000
0,
b0011000111101001 .
b001100011110101 0
#3423250000
1,
b0011000111101010 .
b001100011110101 /
#3423500000
0,
b0011000111101011 .
b001100011110110 0
#3423750000
1,
b0011000111101100 .
b001100011110110 /
#3424000000
0,
b0011000111101101 .
b001100011110111 0
#3424250000
1,
b0011000111101110 .
b001100011110111 /
#3424500000
0,
b0011000111101111 .
b001100011111000 0
#3424750000
1,
b0011000111110000 .
b001100011111000 /
#3425000000
0,
b0011000111110001 .
b001100011111001 0
#3425250000
1,
b0011000111110010 .
b001100011111001 /
#3425500000
0,
b0011000111110011 .
b001100011111010 0
#3425750000
1,
b0011000111110100 .
b001100011111010 /
#3426000000
0,
b0011000111110101 .
b001100011111011 0
#3426250000
1,
b0011000111110110 .
b001100011111011 /
#3426500000
0,
b0011000111110111 .
b001100011111100 0
#3426750000
1,
b0011000111111000 .
b001100011111100 /
#3427000000
0,
b0011000111111001 .
b001100011111101 0
#3427250000
1,
b0011000111111010 .
b001100011111101 /
#3427500000
0,
b0011000111111011 .
b001100011111110 0
#3427750000
1,
b0011000111111100 .
b001100011111110 /
#3428000000
0,
b0011000111111101 .
b001100011111111 0
#3428250000
1,
b0011000111111110 .
b001100011111111 /
#3428500000
0,
b0011000111111111 .
b001100100000000 0
#3428750000
1,
b0011001000000000 .
b001100100000000 /
#3429000000
0,
b0011001000000001 .
b001100100000001 0
#3429250000
1,
b0011001000000010 .
b001100100000001 /
#3429500000
0,
b0011001000000011 .
b001100100000010 0
#3429750000
1,
b0011001000000100 .
b001100100000010 /
#3430000000
0,
b0011001000000101 .
b001100100000011 0
#3430250000
1,
b0011001000000110 .
b001100100000011 /
#3430500000
0,
b0011001000000111 .
b001100100000100 0
#3430750000
1,
b0011001000001000 .
b001100100000100 /
#3431000000
0,
b0011001000001001 .
b001100100000101 0
#3431250000
b01101001 (
1)
1,
b0011001000001010 .
b001100100000101 /
#3431500000
0,
b0011001000001011 .
b001100100000110 0
#3431750000
1,
b0011001000001100 .
b001100100000110 /
#3432000000
0,
b0011001000001101 .
b001100100000111 0
#3432250000
1,
b0011001000001110 .
b001100100000111 /
#3432500000
0,
b0011001000001111 .
b001100100001000 0
#3432750000
1,
b0011001000010000 .
b001100100001000 /
#3433000000
0,
b0011001000010001 .
b001100100001001 0
#3433250000
1,
b0011001000010010 .
b001100100001001 /
#3433500000
0,
b0011001000010011 .
b001100100001010 0
#3433750000
1,
b0011001000010100 .
b001100100001010 /
#3434000000
0,
b0011001000010101 .
b001100100001011 0
#3434250000
1,
b0011001000010110 .
b001100100001011 /
#3434500000
0,
b0011001000010111 .
b001100100001100 0
#3434750000
1,
b0011001000011000 .
b001100100001100 /
#3435000000
0,
b0011001000011001 .
b001100100001101 0
#3435250000
1,
b0011001000011010 .
b001100100001101 /
#3435500000
0,
b0011001000011011 .
b001100100001110 0
#3435750000
1,
b0011001000011100 .
b001100100001110 /
#3436000000
0,
b0011001000011101 .
b001100100001111 0
#3436250000
1,
b0011001000011110 .
b001100100001111 /
#3436500000
0,
b0011001000011111 .
b001100100010000 0
#3436750000
1,
b0011001000100000 .
b001100100010000 /
#3437000000
0,
b0011001000100001 .
b001100100010001 0
#3437250000
1,
b0011001000100010 .
b001100100010001 /
#3437500000
0,
b0011001000100011 .
b001100100010010 0
#3437750000
1,
b0011001000100100 .
b001100100010010 /
#3438000000
0,
b0011001000100101 .
b001100100010011 0
#3438250000
1,
b0011001000100110 .
b001100100010011 /
#3438500000
0,
b0011001000100111 .
b001100100010100 0
#3438750000
1,
b0011001000101000 .
b001100100010100 /
#3439000000
0,
b0011001000101001 .
b001100100010101 0
#3439250000
1,
b0011001000101010 .
b001100100010101 /
#3439500000
0,
b0011001000101011 .
b001100100010110 0
#3439750000
1,
b0011001000101100 .
b001100100010110 /
#3440000000
0,
b0011001000101101 .
b001100100010111 0
#3440250000
1,
b0011001000101110 .
b001100100010111 /
#3440500000
0,
b0011001000101111 .
b001100100011000 0
#3440750000
1,
b0011001000110000 .
b001100100011000 /
#3441000000
0,
b0011001000110001 .
b001100100011001 0
#3441250000
1,
b0011001000110010 .
b001100100011001 /
#3441500000
0,
b0011001000110011 .
b001100100011010 0
#3441750000
1,
b0011001000110100 .
b001100100011010 /
#3442000000
0,
b0011001000110101 .
b001100100011011 0
#3442250000
1,
b0011001000110110 .
b001100100011011 /
#3442500000
0,
b0011001000110111 .
b001100100011100 0
#3442750000
1,
b0011001000111000 .
b001100100011100 /
#3443000000
0,
b0011001000111001 .
b001100100011101 0
#3443250000
1,
b0011001000111010 .
b001100100011101 /
#3443500000
0,
b0011001000111011 .
b001100100011110 0
#3443750000
1,
b0011001000111100 .
b001100100011110 /
#3444000000
0,
b0011001000111101 .
b001100100011111 0
#3444250000
1,
b0011001000111110 .
b001100100011111 /
#3444500000
0,
b0011001000111111 .
b001100100100000 0
#3444750000
1,
b0011001001000000 .
b001100100100000 /
#3445000000
0,
b0011001001000001 .
b001100100100001 0
#3445250000
1,
b0011001001000010 .
b001100100100001 /
#3445500000
0,
b0011001001000011 .
b001100100100010 0
#3445750000
1,
b0011001001000100 .
b001100100100010 /
#3446000000
0,
b0011001001000101 .
b001100100100011 0
#3446250000
1,
b0011001001000110 .
b001100100100011 /
#3446500000
0)
0,
b0011001001000111 .
b001100100100100 0
#3446750000
1,
b0011001001001000 .
b001100100100100 /
#3447000000
0,
b0011001001001001 .
b001100100100101 0
#3447250000
1,
b0011001001001010 .
b001100100100101 /
#3447500000
0,
b0011001001001011 .
b001100100100110 0
#3447750000
1,
b0011001001001100 .
b001100100100110 /
#3448000000
0,
b0011001001001101 .
b001100100100111 0
#3448250000
1,
b0011001001001110 .
b001100100100111 /
#3448500000
0,
b0011001001001111 .
b001100100101000 0
#3448750000
1,
b0011001001010000 .
b001100100101000 /
#3449000000
0,
b0011001001010001 .
b001100100101001 0
#3449250000
1,
b0011001001010010 .
b001100100101001 /
#3449500000
0,
b0011001001010011 .
b001100100101010 0
#3449750000
1,
b0011001001010100 .
b001100100101010 /
#3450000000
0,
b0011001001010101 .
b001100100101011 0
#3450250000
1,
b0011001001010110 .
b001100100101011 /
#3450500000
0,
b0011001001010111 .
b001100100101100 0
#3450750000
1,
b0011001001011000 .
b001100100101100 /
#3451000000
0,
b0011001001011001 .
b001100100101101 0
#3451250000
1,
b0011001001011010 .
b001100100101101 /
#3451500000
0,
b0011001001011011 .
b001100100101110 0
#3451750000
1,
b0011001001011100 .
b001100100101110 /
#3452000000
0,
b0011001001011101 .
b001100100101111 0
#3452250000
1,
b0011001001011110 .
b001100100101111 /
#3452500000
0,
b0011001001011111 .
b001100100110000 0
#3452750000
1,
b0011001001100000 .
b001100100110000 /
#3453000000
0,
b0011001001100001 .
b001100100110001 0
#3453250000
1,
b0011001001100010 .
b001100100110001 /
#3453500000
0,
b0011001001100011 .
b001100100110010 0
#3453750000
1,
b0011001001100100 .
b001100100110010 /
#3454000000
0,
b0011001001100101 .
b001100100110011 0
#3454250000
1,
b0011001001100110 .
b001100100110011 /
#3454500000
0,
b0011001001100111 .
b001100100110100 0
#3454750000
1,
b0011001001101000 .
b001100100110100 /
#3455000000
0,
b0011001001101001 .
b001100100110101 0
#3455250000
1,
b0011001001101010 .
b001100100110101 /
#3455500000
0,
b0011001001101011 .
b001100100110110 0
#3455750000
1,
b0011001001101100 .
b001100100110110 /
#3456000000
0,
b0011001001101101 .
b001100100110111 0
#3456250000
1,
b0011001001101110 .
b001100100110111 /
#3456500000
0,
b0011001001101111 .
b001100100111000 0
#3456750000
1,
b0011001001110000 .
b001100100111000 /
#3457000000
0,
b0011001001110001 .
b001100100111001 0
#3457250000
1,
b0011001001110010 .
b001100100111001 /
#3457500000
0,
b0011001001110011 .
b001100100111010 0
#3457750000
1,
b0011001001110100 .
b001100100111010 /
#3458000000
0,
b0011001001110101 .
b001100100111011 0
#3458250000
1,
b0011001001110110 .
b001100100111011 /
#3458500000
0,
b0011001001110111 .
b001100100111100 0
#3458750000
1,
b0011001001111000 .
b001100100111100 /
#3459000000
0,
b0011001001111001 .
b001100100111101 0
#3459250000
1,
b0011001001111010 .
b001100100111101 /
#3459500000
0,
b0011001001111011 .
b001100100111110 0
#3459750000
1,
b0011001001111100 .
b001100100111110 /
#3460000000
0,
b0011001001111101 .
b001100100111111 0
#3460250000
1,
b0011001001111110 .
b001100100111111 /
#3460500000
0,
b0011001001111111 .
b001100101000000 0
#3460750000
1,
b0011001010000000 .
b001100101000000 /
#3461000000
0,
b0011001010000001 .
b001100101000001 0
#3461250000
1,
b0011001010000010 .
b001100101000001 /
#3461500000
0,
b0011001010000011 .
b001100101000010 0
#3461750000
b01101010 (
1)
1,
b0011001010000100 .
b001100101000010 /
#3462000000
0,
b0011001010000101 .
b001100101000011 0
#3462250000
1,
b0011001010000110 .
b001100101000011 /
#3462500000
0,
b0011001010000111 .
b001100101000100 0
#3462750000
1,
b0011001010001000 .
b001100101000100 /
#3463000000
0,
b0011001010001001 .
b001100101000101 0
#3463250000
1,
b0011001010001010 .
b001100101000101 /
#3463500000
0,
b0011001010001011 .
b001100101000110 0
#3463750000
1,
b0011001010001100 .
b001100101000110 /
#3464000000
0,
b0011001010001101 .
b001100101000111 0
#3464250000
1,
b0011001010001110 .
b001100101000111 /
#3464500000
0,
b0011001010001111 .
b001100101001000 0
#3464750000
1,
b0011001010010000 .
b001100101001000 /
#3465000000
0,
b0011001010010001 .
b001100101001001 0
#3465250000
1,
b0011001010010010 .
b001100101001001 /
#3465500000
0,
b0011001010010011 .
b001100101001010 0
#3465750000
1,
b0011001010010100 .
b001100101001010 /
#3466000000
0,
b0011001010010101 .
b001100101001011 0
#3466250000
1,
b0011001010010110 .
b001100101001011 /
#3466500000
0,
b0011001010010111 .
b001100101001100 0
#3466750000
1,
b0011001010011000 .
b001100101001100 /
#3467000000
0,
b0011001010011001 .
b001100101001101 0
#3467250000
1,
b0011001010011010 .
b001100101001101 /
#3467500000
0,
b0011001010011011 .
b001100101001110 0
#3467750000
1,
b0011001010011100 .
b001100101001110 /
#3468000000
0,
b0011001010011101 .
b001100101001111 0
#3468250000
1,
b0011001010011110 .
b001100101001111 /
#3468500000
0,
b0011001010011111 .
b001100101010000 0
#3468750000
1,
b0011001010100000 .
b001100101010000 /
#3469000000
0,
b0011001010100001 .
b001100101010001 0
#3469250000
1,
b0011001010100010 .
b001100101010001 /
#3469500000
0,
b0011001010100011 .
b001100101010010 0
#3469750000
1,
b0011001010100100 .
b001100101010010 /
#3470000000
0,
b0011001010100101 .
b001100101010011 0
#3470250000
1,
b0011001010100110 .
b001100101010011 /
#3470500000
0,
b0011001010100111 .
b001100101010100 0
#3470750000
1,
b0011001010101000 .
b001100101010100 /
#3471000000
0,
b0011001010101001 .
b001100101010101 0
#3471250000
1,
b0011001010101010 .
b001100101010101 /
#3471500000
0,
b0011001010101011 .
b001100101010110 0
#3471750000
1,
b0011001010101100 .
b001100101010110 /
#3472000000
0,
b0011001010101101 .
b001100101010111 0
#3472250000
1,
b0011001010101110 .
b001100101010111 /
#3472500000
0,
b0011001010101111 .
b001100101011000 0
#3472750000
1,
b0011001010110000 .
b001100101011000 /
#3473000000
0,
b0011001010110001 .
b001100101011001 0
#3473250000
1,
b0011001010110010 .
b001100101011001 /
#3473500000
0,
b0011001010110011 .
b001100101011010 0
#3473750000
1,
b0011001010110100 .
b001100101011010 /
#3474000000
0,
b0011001010110101 .
b001100101011011 0
#3474250000
1,
b0011001010110110 .
b001100101011011 /
#3474500000
0,
b0011001010110111 .
b001100101011100 0
#3474750000
1,
b0011001010111000 .
b001100101011100 /
#3475000000
0,
b0011001010111001 .
b001100101011101 0
#3475250000
1,
b0011001010111010 .
b001100101011101 /
#3475500000
0,
b0011001010111011 .
b001100101011110 0
#3475750000
1,
b0011001010111100 .
b001100101011110 /
#3476000000
0,
b0011001010111101 .
b001100101011111 0
#3476250000
1,
b0011001010111110 .
b001100101011111 /
#3476500000
0,
b0011001010111111 .
b001100101100000 0
#3476750000
1,
b0011001011000000 .
b001100101100000 /
#3477000000
0)
0,
b0011001011000001 .
b001100101100001 0
#3477250000
1,
b0011001011000010 .
b001100101100001 /
#3477500000
0,
b0011001011000011 .
b001100101100010 0
#3477750000
1,
b0011001011000100 .
b001100101100010 /
#3478000000
0,
b0011001011000101 .
b001100101100011 0
#3478250000
1,
b0011001011000110 .
b001100101100011 /
#3478500000
0,
b0011001011000111 .
b001100101100100 0
#3478750000
1,
b0011001011001000 .
b001100101100100 /
#3479000000
0,
b0011001011001001 .
b001100101100101 0
#3479250000
1,
b0011001011001010 .
b001100101100101 /
#3479500000
0,
b0011001011001011 .
b001100101100110 0
#3479750000
1,
b0011001011001100 .
b001100101100110 /
#3480000000
0,
b0011001011001101 .
b001100101100111 0
#3480250000
1,
b0011001011001110 .
b001100101100111 /
#3480500000
0,
b0011001011001111 .
b001100101101000 0
#3480750000
1,
b0011001011010000 .
b001100101101000 /
#3481000000
0,
b0011001011010001 .
b001100101101001 0
#3481250000
1,
b0011001011010010 .
b001100101101001 /
#3481500000
0,
b0011001011010011 .
b001100101101010 0
#3481750000
1,
b0011001011010100 .
b001100101101010 /
#3482000000
0,
b0011001011010101 .
b001100101101011 0
#3482250000
1,
b0011001011010110 .
b001100101101011 /
#3482500000
0,
b0011001011010111 .
b001100101101100 0
#3482750000
1,
b0011001011011000 .
b001100101101100 /
#3483000000
0,
b0011001011011001 .
b001100101101101 0
#3483250000
1,
b0011001011011010 .
b001100101101101 /
#3483500000
0,
b0011001011011011 .
b001100101101110 0
#3483750000
1,
b0011001011011100 .
b001100101101110 /
#3484000000
0,
b0011001011011101 .
b001100101101111 0
#3484250000
1,
b0011001011011110 .
b001100101101111 /
#3484500000
0,
b0011001011011111 .
b001100101110000 0
#3484750000
1,
b0011001011100000 .
b001100101110000 /
#3485000000
0,
b0011001011100001 .
b001100101110001 0
#3485250000
1,
b0011001011100010 .
b001100101110001 /
#3485500000
0,
b0011001011100011 .
b001100101110010 0
#3485750000
1,
b0011001011100100 .
b001100101110010 /
#3486000000
0,
b0011001011100101 .
b001100101110011 0
#3486250000
1,
b0011001011100110 .
b001100101110011 /
#3486500000
0,
b0011001011100111 .
b001100101110100 0
#3486750000
1,
b0011001011101000 .
b001100101110100 /
#3487000000
0,
b0011001011101001 .
b001100101110101 0
#3487250000
1,
b0011001011101010 .
b001100101110101 /
#3487500000
0,
b0011001011101011 .
b001100101110110 0
#3487750000
1,
b0011001011101100 .
b001100101110110 /
#3488000000
0,
b0011001011101101 .
b001100101110111 0
#3488250000
1,
b0011001011101110 .
b001100101110111 /
#3488500000
0,
b0011001011101111 .
b001100101111000 0
#3488750000
1,
b0011001011110000 .
b001100101111000 /
#3489000000
0,
b0011001011110001 .
b001100101111001 0
#3489250000
1,
b0011001011110010 .
b001100101111001 /
#3489500000
0,
b0011001011110011 .
b001100101111010 0
#3489750000
1,
b0011001011110100 .
b001100101111010 /
#3490000000
0,
b0011001011110101 .
b001100101111011 0
#3490250000
1,
b0011001011110110 .
b001100101111011 /
#3490500000
0,
b0011001011110111 .
b001100101111100 0
#3490750000
1,
b0011001011111000 .
b001100101111100 /
#3491000000
0,
b0011001011111001 .
b001100101111101 0
#3491250000
1,
b0011001011111010 .
b001100101111101 /
#3491500000
0,
b0011001011111011 .
b001100101111110 0
#3491750000
1,
b0011001011111100 .
b001100101111110 /
#3492000000
0,
b0011001011111101 .
b001100101111111 0
#3492250000
b01101011 (
1)
1,
b0011001011111110 .
b001100101111111 /
#3492500000
0,
b0011001011111111 .
b001100110000000 0
#3492750000
1,
b0011001100000000 .
b001100110000000 /
#3493000000
0,
b0011001100000001 .
b001100110000001 0
#3493250000
1,
b0011001100000010 .
b001100110000001 /
#3493500000
0,
b0011001100000011 .
b001100110000010 0
#3493750000
1,
b0011001100000100 .
b001100110000010 /
#3494000000
0,
b0011001100000101 .
b001100110000011 0
#3494250000
1,
b0011001100000110 .
b001100110000011 /
#3494500000
0,
b0011001100000111 .
b001100110000100 0
#3494750000
1,
b0011001100001000 .
b001100110000100 /
#3495000000
0,
b0011001100001001 .
b001100110000101 0
#3495250000
1,
b0011001100001010 .
b001100110000101 /
#3495500000
0,
b0011001100001011 .
b001100110000110 0
#3495750000
1,
b0011001100001100 .
b001100110000110 /
#3496000000
0,
b0011001100001101 .
b001100110000111 0
#3496250000
1,
b0011001100001110 .
b001100110000111 /
#3496500000
0,
b0011001100001111 .
b001100110001000 0
#3496750000
1,
b0011001100010000 .
b001100110001000 /
#3497000000
0,
b0011001100010001 .
b001100110001001 0
#3497250000
1,
b0011001100010010 .
b001100110001001 /
#3497500000
0,
b0011001100010011 .
b001100110001010 0
#3497750000
1,
b0011001100010100 .
b001100110001010 /
#3498000000
0,
b0011001100010101 .
b001100110001011 0
#3498250000
1,
b0011001100010110 .
b001100110001011 /
#3498500000
0,
b0011001100010111 .
b001100110001100 0
#3498750000
1,
b0011001100011000 .
b001100110001100 /
#3499000000
0,
b0011001100011001 .
b001100110001101 0
#3499250000
1,
b0011001100011010 .
b001100110001101 /
#3499500000
0,
b0011001100011011 .
b001100110001110 0
#3499750000
1,
b0011001100011100 .
b001100110001110 /
#3500000000
0,
b0011001100011101 .
b001100110001111 0
#3500250000
1,
b0011001100011110 .
b001100110001111 /
#3500500000
0,
b0011001100011111 .
b001100110010000 0
#3500750000
1,
b0011001100100000 .
b001100110010000 /
#3501000000
0,
b0011001100100001 .
b001100110010001 0
#3501250000
1,
b0011001100100010 .
b001100110010001 /
#3501500000
0,
b0011001100100011 .
b001100110010010 0
#3501750000
1,
b0011001100100100 .
b001100110010010 /
#3502000000
0,
b0011001100100101 .
b001100110010011 0
#3502250000
1,
b0011001100100110 .
b001100110010011 /
#3502500000
0,
b0011001100100111 .
b001100110010100 0
#3502750000
1,
b0011001100101000 .
b001100110010100 /
#3503000000
0,
b0011001100101001 .
b001100110010101 0
#3503250000
1,
b0011001100101010 .
b001100110010101 /
#3503500000
0,
b0011001100101011 .
b001100110010110 0
#3503750000
1,
b0011001100101100 .
b001100110010110 /
#3504000000
0,
b0011001100101101 .
b001100110010111 0
#3504250000
1,
b0011001100101110 .
b001100110010111 /
#3504500000
0,
b0011001100101111 .
b001100110011000 0
#3504750000
1,
b0011001100110000 .
b001100110011000 /
#3505000000
0,
b0011001100110001 .
b001100110011001 0
#3505250000
1,
b0011001100110010 .
b001100110011001 /
#3505500000
0,
b0011001100110011 .
b001100110011010 0
#3505750000
1,
b0011001100110100 .
b001100110011010 /
#3506000000
0,
b0011001100110101 .
b001100110011011 0
#3506250000
1,
b0011001100110110 .
b001100110011011 /
#3506500000
0,
b0011001100110111 .
b001100110011100 0
#3506750000
1,
b0011001100111000 .
b001100110011100 /
#3507000000
0,
b0011001100111001 .
b001100110011101 0
#3507250000
1,
b0011001100111010 .
b001100110011101 /
#3507500000
0)
0,
b0011001100111011 .
b001100110011110 0
#3507750000
1,
b0011001100111100 .
b001100110011110 /
#3508000000
0,
b0011001100111101 .
b001100110011111 0
#3508250000
1,
b0011001100111110 .
b001100110011111 /
#3508500000
0,
b0011001100111111 .
b001100110100000 0
#3508750000
1,
b0011001101000000 .
b001100110100000 /
#3509000000
0,
b0011001101000001 .
b001100110100001 0
#3509250000
1,
b0011001101000010 .
b001100110100001 /
#3509500000
0,
b0011001101000011 .
b001100110100010 0
#3509750000
1,
b0011001101000100 .
b001100110100010 /
#3510000000
0,
b0011001101000101 .
b001100110100011 0
#3510250000
1,
b0011001101000110 .
b001100110100011 /
#3510500000
0,
b0011001101000111 .
b001100110100100 0
#3510750000
1,
b0011001101001000 .
b001100110100100 /
#3511000000
0,
b0011001101001001 .
b001100110100101 0
#3511250000
1,
b0011001101001010 .
b001100110100101 /
#3511500000
0,
b0011001101001011 .
b001100110100110 0
#3511750000
1,
b0011001101001100 .
b001100110100110 /
#3512000000
0,
b0011001101001101 .
b001100110100111 0
#3512250000
1,
b0011001101001110 .
b001100110100111 /
#3512500000
0,
b0011001101001111 .
b001100110101000 0
#3512750000
1,
b0011001101010000 .
b001100110101000 /
#3513000000
0,
b0011001101010001 .
b001100110101001 0
#3513250000
1,
b0011001101010010 .
b001100110101001 /
#3513500000
0,
b0011001101010011 .
b001100110101010 0
#3513750000
1,
b0011001101010100 .
b001100110101010 /
#3514000000
0,
b0011001101010101 .
b001100110101011 0
#3514250000
1,
b0011001101010110 .
b001100110101011 /
#3514500000
0,
b0011001101010111 .
b001100110101100 0
#3514750000
1,
b0011001101011000 .
b001100110101100 /
#3515000000
0,
b0011001101011001 .
b001100110101101 0
#3515250000
1,
b0011001101011010 .
b001100110101101 /
#3515500000
0,
b0011001101011011 .
b001100110101110 0
#3515750000
1,
b0011001101011100 .
b001100110101110 /
#3516000000
0,
b0011001101011101 .
b001100110101111 0
#3516250000
1,
b0011001101011110 .
b001100110101111 /
#3516500000
0,
b0011001101011111 .
b001100110110000 0
#3516750000
1,
b0011001101100000 .
b001100110110000 /
#3517000000
0,
b0011001101100001 .
b001100110110001 0
#3517250000
1,
b0011001101100010 .
b001100110110001 /
#3517500000
0,
b0011001101100011 .
b001100110110010 0
#3517750000
1,
b0011001101100100 .
b001100110110010 /
#3518000000
0,
b0011001101100101 .
b001100110110011 0
#3518250000
1,
b0011001101100110 .
b001100110110011 /
#3518500000
0,
b0011001101100111 .
b001100110110100 0
#3518750000
1,
b0011001101101000 .
b001100110110100 /
#3519000000
0,
b0011001101101001 .
b001100110110101 0
#3519250000
1,
b0011001101101010 .
b001100110110101 /
#3519500000
0,
b0011001101101011 .
b001100110110110 0
#3519750000
1,
b0011001101101100 .
b001100110110110 /
#3520000000
0,
b0011001101101101 .
b001100110110111 0
#3520250000
1,
b0011001101101110 .
b001100110110111 /
#3520500000
0,
b0011001101101111 .
b001100110111000 0
#3520750000
1,
b0011001101110000 .
b001100110111000 /
#3521000000
0,
b0011001101110001 .
b001100110111001 0
#3521250000
1,
b0011001101110010 .
b001100110111001 /
#3521500000
0,
b0011001101110011 .
b001100110111010 0
#3521750000
1,
b0011001101110100 .
b001100110111010 /
#3522000000
0,
b0011001101110101 .
b001100110111011 0
#3522250000
1,
b0011001101110110 .
b001100110111011 /
#3522500000
0,
b0011001101110111 .
b001100110111100 0
#3522750000
b01101100 (
1)
1,
b0011001101111000 .
b001100110111100 /
#3523000000
0,
b0011001101111001 .
b001100110111101 0
#3523250000
1,
b0011001101111010 .
b001100110111101 /
#3523500000
0,
b0011001101111011 .
b001100110111110 0
#3523750000
1,
b0011001101111100 .
b001100110111110 /
#3524000000
0,
b0011001101111101 .
b001100110111111 0
#3524250000
1,
b0011001101111110 .
b001100110111111 /
#3524500000
0,
b0011001101111111 .
b001100111000000 0
#3524750000
1,
b0011001110000000 .
b001100111000000 /
#3525000000
0,
b0011001110000001 .
b001100111000001 0
#3525250000
1,
b0011001110000010 .
b001100111000001 /
#3525500000
0,
b0011001110000011 .
b001100111000010 0
#3525750000
1,
b0011001110000100 .
b001100111000010 /
#3526000000
0,
b0011001110000101 .
b001100111000011 0
#3526250000
1,
b0011001110000110 .
b001100111000011 /
#3526500000
0,
b0011001110000111 .
b001100111000100 0
#3526750000
1,
b0011001110001000 .
b001100111000100 /
#3527000000
0,
b0011001110001001 .
b001100111000101 0
#3527250000
1,
b0011001110001010 .
b001100111000101 /
#3527500000
0,
b0011001110001011 .
b001100111000110 0
#3527750000
1,
b0011001110001100 .
b001100111000110 /
#3528000000
0,
b0011001110001101 .
b001100111000111 0
#3528250000
1,
b0011001110001110 .
b001100111000111 /
#3528500000
0,
b0011001110001111 .
b001100111001000 0
#3528750000
1,
b0011001110010000 .
b001100111001000 /
#3529000000
0,
b0011001110010001 .
b001100111001001 0
#3529250000
1,
b0011001110010010 .
b001100111001001 /
#3529500000
0,
b0011001110010011 .
b001100111001010 0
#3529750000
1,
b0011001110010100 .
b001100111001010 /
#3530000000
0,
b0011001110010101 .
b001100111001011 0
#3530250000
1,
b0011001110010110 .
b001100111001011 /
#3530500000
0,
b0011001110010111 .
b001100111001100 0
#3530750000
1,
b0011001110011000 .
b001100111001100 /
#3531000000
0,
b0011001110011001 .
b001100111001101 0
#3531250000
1,
b0011001110011010 .
b001100111001101 /
#3531500000
0,
b0011001110011011 .
b001100111001110 0
#3531750000
1,
b0011001110011100 .
b001100111001110 /
#3532000000
0,
b0011001110011101 .
b001100111001111 0
#3532250000
1,
b0011001110011110 .
b001100111001111 /
#3532500000
0,
b0011001110011111 .
b001100111010000 0
#3532750000
1,
b0011001110100000 .
b001100111010000 /
#3533000000
0,
b0011001110100001 .
b001100111010001 0
#3533250000
1,
b0011001110100010 .
b001100111010001 /
#3533500000
0,
b0011001110100011 .
b001100111010010 0
#3533750000
1,
b0011001110100100 .
b001100111010010 /
#3534000000
0,
b0011001110100101 .
b001100111010011 0
#3534250000
1,
b0011001110100110 .
b001100111010011 /
#3534500000
0,
b0011001110100111 .
b001100111010100 0
#3534750000
1,
b0011001110101000 .
b001100111010100 /
#3535000000
0,
b0011001110101001 .
b001100111010101 0
#3535250000
1,
b0011001110101010 .
b001100111010101 /
#3535500000
0,
b0011001110101011 .
b001100111010110 0
#3535750000
1,
b0011001110101100 .
b001100111010110 /
#3536000000
0,
b0011001110101101 .
b001100111010111 0
#3536250000
1,
b0011001110101110 .
b001100111010111 /
#3536500000
0,
b0011001110101111 .
b001100111011000 0
#3536750000
1,
b0011001110110000 .
b001100111011000 /
#3537000000
0,
b0011001110110001 .
b001100111011001 0
#3537250000
1,
b0011001110110010 .
b001100111011001 /
#3537500000
0,
b0011001110110011 .
b001100111011010 0
#3537750000
1,
b0011001110110100 .
b001100111011010 /
#3538000000
0)
0,
b0011001110110101 .
b001100111011011 0
#3538250000
1,
b0011001110110110 .
b001100111011011 /
#3538500000
0,
b0011001110110111 .
b001100111011100 0
#3538750000
1,
b0011001110111000 .
b001100111011100 /
#3539000000
0,
b0011001110111001 .
b001100111011101 0
#3539250000
1,
b0011001110111010 .
b001100111011101 /
#3539500000
0,
b0011001110111011 .
b001100111011110 0
#3539750000
1,
b0011001110111100 .
b001100111011110 /
#3540000000
0,
b0011001110111101 .
b001100111011111 0
#3540250000
1,
b0011001110111110 .
b001100111011111 /
#3540500000
0,
b0011001110111111 .
b001100111100000 0
#3540750000
1,
b0011001111000000 .
b001100111100000 /
#3541000000
0,
b0011001111000001 .
b001100111100001 0
#3541250000
1,
b0011001111000010 .
b001100111100001 /
#3541500000
0,
b0011001111000011 .
b001100111100010 0
#3541750000
1,
b0011001111000100 .
b001100111100010 /
#3542000000
0,
b0011001111000101 .
b001100111100011 0
#3542250000
1,
b0011001111000110 .
b001100111100011 /
#3542500000
0,
b0011001111000111 .
b001100111100100 0
#3542750000
1,
b0011001111001000 .
b001100111100100 /
#3543000000
0,
b0011001111001001 .
b001100111100101 0
#3543250000
1,
b0011001111001010 .
b001100111100101 /
#3543500000
0,
b0011001111001011 .
b001100111100110 0
#3543750000
1,
b0011001111001100 .
b001100111100110 /
#3544000000
0,
b0011001111001101 .
b001100111100111 0
#3544250000
1,
b0011001111001110 .
b001100111100111 /
#3544500000
0,
b0011001111001111 .
b001100111101000 0
#3544750000
1,
b0011001111010000 .
b001100111101000 /
#3545000000
0,
b0011001111010001 .
b001100111101001 0
#3545250000
1,
b0011001111010010 .
b001100111101001 /
#3545500000
0,
b0011001111010011 .
b001100111101010 0
#3545750000
1,
b0011001111010100 .
b001100111101010 /
#3546000000
0,
b0011001111010101 .
b001100111101011 0
#3546250000
1,
b0011001111010110 .
b001100111101011 /
#3546500000
0,
b0011001111010111 .
b001100111101100 0
#3546750000
1,
b0011001111011000 .
b001100111101100 /
#3547000000
0,
b0011001111011001 .
b001100111101101 0
#3547250000
1,
b0011001111011010 .
b001100111101101 /
#3547500000
0,
b0011001111011011 .
b001100111101110 0
#3547750000
1,
b0011001111011100 .
b001100111101110 /
#3548000000
0,
b0011001111011101 .
b001100111101111 0
#3548250000
1,
b0011001111011110 .
b001100111101111 /
#3548500000
0,
b0011001111011111 .
b001100111110000 0
#3548750000
1,
b0011001111100000 .
b001100111110000 /
#3549000000
0,
b0011001111100001 .
b001100111110001 0
#3549250000
1,
b0011001111100010 .
b001100111110001 /
#3549500000
0,
b0011001111100011 .
b001100111110010 0
#3549750000
1,
b0011001111100100 .
b001100111110010 /
#3550000000
0,
b0011001111100101 .
b001100111110011 0
#3550250000
1,
b0011001111100110 .
b001100111110011 /
#3550500000
0,
b0011001111100111 .
b001100111110100 0
#3550750000
1,
b0011001111101000 .
b001100111110100 /
#3551000000
0,
b0011001111101001 .
b001100111110101 0
#3551250000
1,
b0011001111101010 .
b001100111110101 /
#3551500000
0,
b0011001111101011 .
b001100111110110 0
#3551750000
1,
b0011001111101100 .
b001100111110110 /
#3552000000
0,
b0011001111101101 .
b001100111110111 0
#3552250000
1,
b0011001111101110 .
b001100111110111 /
#3552500000
0,
b0011001111101111 .
b001100111111000 0
#3552750000
1,
b0011001111110000 .
b001100111111000 /
#3553000000
0,
b0011001111110001 .
b001100111111001 0
#3553250000
b01101101 (
1)
1,
b0011001111110010 .
b001100111111001 /
#3553500000
0,
b0011001111110011 .
b001100111111010 0
#3553750000
1,
b0011001111110100 .
b001100111111010 /
#3554000000
0,
b0011001111110101 .
b001100111111011 0
#3554250000
1,
b0011001111110110 .
b001100111111011 /
#3554500000
0,
b0011001111110111 .
b001100111111100 0
#3554750000
1,
b0011001111111000 .
b001100111111100 /
#3555000000
0,
b0011001111111001 .
b001100111111101 0
#3555250000
1,
b0011001111111010 .
b001100111111101 /
#3555500000
0,
b0011001111111011 .
b001100111111110 0
#3555750000
1,
b0011001111111100 .
b001100111111110 /
#3556000000
0,
b0011001111111101 .
b001100111111111 0
#3556250000
1,
b0011001111111110 .
b001100111111111 /
#3556500000
0,
b0011001111111111 .
b001101000000000 0
#3556750000
1,
b0011010000000000 .
b001101000000000 /
#3557000000
0,
b0011010000000001 .
b001101000000001 0
#3557250000
1,
b0011010000000010 .
b001101000000001 /
#3557500000
0,
b0011010000000011 .
b001101000000010 0
#3557750000
1,
b0011010000000100 .
b001101000000010 /
#3558000000
0,
b0011010000000101 .
b001101000000011 0
#3558250000
1,
b0011010000000110 .
b001101000000011 /
#3558500000
0,
b0011010000000111 .
b001101000000100 0
#3558750000
1,
b0011010000001000 .
b001101000000100 /
#3559000000
0,
b0011010000001001 .
b001101000000101 0
#3559250000
1,
b0011010000001010 .
b001101000000101 /
#3559500000
0,
b0011010000001011 .
b001101000000110 0
#3559750000
1,
b0011010000001100 .
b001101000000110 /
#3560000000
0,
b0011010000001101 .
b001101000000111 0
#3560250000
1,
b0011010000001110 .
b001101000000111 /
#3560500000
0,
b0011010000001111 .
b001101000001000 0
#3560750000
1,
b0011010000010000 .
b001101000001000 /
#3561000000
0,
b0011010000010001 .
b001101000001001 0
#3561250000
1,
b0011010000010010 .
b001101000001001 /
#3561500000
0,
b0011010000010011 .
b001101000001010 0
#3561750000
1,
b0011010000010100 .
b001101000001010 /
#3562000000
0,
b0011010000010101 .
b001101000001011 0
#3562250000
1,
b0011010000010110 .
b001101000001011 /
#3562500000
0,
b0011010000010111 .
b001101000001100 0
#3562750000
1,
b0011010000011000 .
b001101000001100 /
#3563000000
0,
b0011010000011001 .
b001101000001101 0
#3563250000
1,
b0011010000011010 .
b001101000001101 /
#3563500000
0,
b0011010000011011 .
b001101000001110 0
#3563750000
1,
b0011010000011100 .
b001101000001110 /
#3564000000
0,
b0011010000011101 .
b001101000001111 0
#3564250000
1,
b0011010000011110 .
b001101000001111 /
#3564500000
0,
b0011010000011111 .
b001101000010000 0
#3564750000
1,
b0011010000100000 .
b001101000010000 /
#3565000000
0,
b0011010000100001 .
b001101000010001 0
#3565250000
1,
b0011010000100010 .
b001101000010001 /
#3565500000
0,
b0011010000100011 .
b001101000010010 0
#3565750000
1,
b0011010000100100 .
b001101000010010 /
#3566000000
0,
b0011010000100101 .
b001101000010011 0
#3566250000
1,
b0011010000100110 .
b001101000010011 /
#3566500000
0,
b0011010000100111 .
b001101000010100 0
#3566750000
1,
b0011010000101000 .
b001101000010100 /
#3567000000
0,
b0011010000101001 .
b001101000010101 0
#3567250000
1,
b0011010000101010 .
b001101000010101 /
#3567500000
0,
b0011010000101011 .
b001101000010110 0
#3567750000
1,
b0011010000101100 .
b001101000010110 /
#3568000000
0,
b0011010000101101 .
b001101000010111 0
#3568250000
1,
b0011010000101110 .
b001101000010111 /
#3568500000
0)
0,
b0011010000101111 .
b001101000011000 0
#3568750000
1,
b0011010000110000 .
b001101000011000 /
#3569000000
0,
b0011010000110001 .
b001101000011001 0
#3569250000
1,
b0011010000110010 .
b001101000011001 /
#3569500000
0,
b0011010000110011 .
b001101000011010 0
#3569750000
1,
b0011010000110100 .
b001101000011010 /
#3570000000
0,
b0011010000110101 .
b001101000011011 0
#3570250000
1,
b0011010000110110 .
b001101000011011 /
#3570500000
0,
b0011010000110111 .
b001101000011100 0
#3570750000
1,
b0011010000111000 .
b001101000011100 /
#3571000000
0,
b0011010000111001 .
b001101000011101 0
#3571250000
1,
b0011010000111010 .
b001101000011101 /
#3571500000
0,
b0011010000111011 .
b001101000011110 0
#3571750000
1,
b0011010000111100 .
b001101000011110 /
#3572000000
0,
b0011010000111101 .
b001101000011111 0
#3572250000
1,
b0011010000111110 .
b001101000011111 /
#3572500000
0,
b0011010000111111 .
b001101000100000 0
#3572750000
1,
b0011010001000000 .
b001101000100000 /
#3573000000
0,
b0011010001000001 .
b001101000100001 0
#3573250000
1,
b0011010001000010 .
b001101000100001 /
#3573500000
0,
b0011010001000011 .
b001101000100010 0
#3573750000
1,
b0011010001000100 .
b001101000100010 /
#3574000000
0,
b0011010001000101 .
b001101000100011 0
#3574250000
1,
b0011010001000110 .
b001101000100011 /
#3574500000
0,
b0011010001000111 .
b001101000100100 0
#3574750000
1,
b0011010001001000 .
b001101000100100 /
#3575000000
0,
b0011010001001001 .
b001101000100101 0
#3575250000
1,
b0011010001001010 .
b001101000100101 /
#3575500000
0,
b0011010001001011 .
b001101000100110 0
#3575750000
1,
b0011010001001100 .
b001101000100110 /
#3576000000
0,
b0011010001001101 .
b001101000100111 0
#3576250000
1,
b0011010001001110 .
b001101000100111 /
#3576500000
0,
b0011010001001111 .
b001101000101000 0
#3576750000
1,
b0011010001010000 .
b001101000101000 /
#3577000000
0,
b0011010001010001 .
b001101000101001 0
#3577250000
1,
b0011010001010010 .
b001101000101001 /
#3577500000
0,
b0011010001010011 .
b001101000101010 0
#3577750000
1,
b0011010001010100 .
b001101000101010 /
#3578000000
0,
b0011010001010101 .
b001101000101011 0
#3578250000
1,
b0011010001010110 .
b001101000101011 /
#3578500000
0,
b0011010001010111 .
b001101000101100 0
#3578750000
1,
b0011010001011000 .
b001101000101100 /
#3579000000
0,
b0011010001011001 .
b001101000101101 0
#3579250000
1,
b0011010001011010 .
b001101000101101 /
#3579500000
0,
b0011010001011011 .
b001101000101110 0
#3579750000
1,
b0011010001011100 .
b001101000101110 /
#3580000000
0,
b0011010001011101 .
b001101000101111 0
#3580250000
1,
b0011010001011110 .
b001101000101111 /
#3580500000
0,
b0011010001011111 .
b001101000110000 0
#3580750000
1,
b0011010001100000 .
b001101000110000 /
#3581000000
0,
b0011010001100001 .
b001101000110001 0
#3581250000
1,
b0011010001100010 .
b001101000110001 /
#3581500000
0,
b0011010001100011 .
b001101000110010 0
#3581750000
1,
b0011010001100100 .
b001101000110010 /
#3582000000
0,
b0011010001100101 .
b001101000110011 0
#3582250000
1,
b0011010001100110 .
b001101000110011 /
#3582500000
0,
b0011010001100111 .
b001101000110100 0
#3582750000
1,
b0011010001101000 .
b001101000110100 /
#3583000000
0,
b0011010001101001 .
b001101000110101 0
#3583250000
1,
b0011010001101010 .
b001101000110101 /
#3583500000
0,
b0011010001101011 .
b001101000110110 0
#3583750000
b01101110 (
1)
1,
b0011010001101100 .
b001101000110110 /
#3584000000
0,
b0011010001101101 .
b001101000110111 0
#3584250000
1,
b0011010001101110 .
b001101000110111 /
#3584500000
0,
b0011010001101111 .
b001101000111000 0
#3584750000
1,
b0011010001110000 .
b001101000111000 /
#3585000000
0,
b0011010001110001 .
b001101000111001 0
#3585250000
1,
b0011010001110010 .
b001101000111001 /
#3585500000
0,
b0011010001110011 .
b001101000111010 0
#3585750000
1,
b0011010001110100 .
b001101000111010 /
#3586000000
0,
b0011010001110101 .
b001101000111011 0
#3586250000
1,
b0011010001110110 .
b001101000111011 /
#3586500000
0,
b0011010001110111 .
b001101000111100 0
#3586750000
1,
b0011010001111000 .
b001101000111100 /
#3587000000
0,
b0011010001111001 .
b001101000111101 0
#3587250000
1,
b0011010001111010 .
b001101000111101 /
#3587500000
0,
b0011010001111011 .
b001101000111110 0
#3587750000
1,
b0011010001111100 .
b001101000111110 /
#3588000000
0,
b0011010001111101 .
b001101000111111 0
#3588250000
1,
b0011010001111110 .
b001101000111111 /
#3588500000
0,
b0011010001111111 .
b001101001000000 0
#3588750000
1,
b0011010010000000 .
b001101001000000 /
#3589000000
0,
b0011010010000001 .
b001101001000001 0
#3589250000
1,
b0011010010000010 .
b001101001000001 /
#3589500000
0,
b0011010010000011 .
b001101001000010 0
#3589750000
1,
b0011010010000100 .
b001101001000010 /
#3590000000
0,
b0011010010000101 .
b001101001000011 0
#3590250000
1,
b0011010010000110 .
b001101001000011 /
#3590500000
0,
b0011010010000111 .
b001101001000100 0
#3590750000
1,
b0011010010001000 .
b001101001000100 /
#3591000000
0,
b0011010010001001 .
b001101001000101 0
#3591250000
1,
b0011010010001010 .
b001101001000101 /
#3591500000
0,
b0011010010001011 .
b001101001000110 0
#3591750000
1,
b0011010010001100 .
b001101001000110 /
#3592000000
0,
b0011010010001101 .
b001101001000111 0
#3592250000
1,
b0011010010001110 .
b001101001000111 /
#3592500000
0,
b0011010010001111 .
b001101001001000 0
#3592750000
1,
b0011010010010000 .
b001101001001000 /
#3593000000
0,
b0011010010010001 .
b001101001001001 0
#3593250000
1,
b0011010010010010 .
b001101001001001 /
#3593500000
0,
b0011010010010011 .
b001101001001010 0
#3593750000
1,
b0011010010010100 .
b001101001001010 /
#3594000000
0,
b0011010010010101 .
b001101001001011 0
#3594250000
1,
b0011010010010110 .
b001101001001011 /
#3594500000
0,
b0011010010010111 .
b001101001001100 0
#3594750000
1,
b0011010010011000 .
b001101001001100 /
#3595000000
0,
b0011010010011001 .
b001101001001101 0
#3595250000
1,
b0011010010011010 .
b001101001001101 /
#3595500000
0,
b0011010010011011 .
b001101001001110 0
#3595750000
1,
b0011010010011100 .
b001101001001110 /
#3596000000
0,
b0011010010011101 .
b001101001001111 0
#3596250000
1,
b0011010010011110 .
b001101001001111 /
#3596500000
0,
b0011010010011111 .
b001101001010000 0
#3596750000
1,
b0011010010100000 .
b001101001010000 /
#3597000000
0,
b0011010010100001 .
b001101001010001 0
#3597250000
1,
b0011010010100010 .
b001101001010001 /
#3597500000
0,
b0011010010100011 .
b001101001010010 0
#3597750000
1,
b0011010010100100 .
b001101001010010 /
#3598000000
0,
b0011010010100101 .
b001101001010011 0
#3598250000
1,
b0011010010100110 .
b001101001010011 /
#3598500000
0,
b0011010010100111 .
b001101001010100 0
#3598750000
1,
b0011010010101000 .
b001101001010100 /
#3599000000
0)
0,
b0011010010101001 .
b001101001010101 0
#3599250000
1,
b0011010010101010 .
b001101001010101 /
#3599500000
0,
b0011010010101011 .
b001101001010110 0
#3599750000
1,
b0011010010101100 .
b001101001010110 /
#3600000000
0,
b0011010010101101 .
b001101001010111 0
#3600250000
1,
b0011010010101110 .
b001101001010111 /
#3600500000
0,
b0011010010101111 .
b001101001011000 0
#3600750000
1,
b0011010010110000 .
b001101001011000 /
#3601000000
0,
b0011010010110001 .
b001101001011001 0
#3601250000
1,
b0011010010110010 .
b001101001011001 /
#3601500000
0,
b0011010010110011 .
b001101001011010 0
#3601750000
1,
b0011010010110100 .
b001101001011010 /
#3602000000
0,
b0011010010110101 .
b001101001011011 0
#3602250000
1,
b0011010010110110 .
b001101001011011 /
#3602500000
0,
b0011010010110111 .
b001101001011100 0
#3602750000
1,
b0011010010111000 .
b001101001011100 /
#3603000000
0,
b0011010010111001 .
b001101001011101 0
#3603250000
1,
b0011010010111010 .
b001101001011101 /
#3603500000
0,
b0011010010111011 .
b001101001011110 0
#3603750000
1,
b0011010010111100 .
b001101001011110 /
#3604000000
0,
b0011010010111101 .
b001101001011111 0
#3604250000
1,
b0011010010111110 .
b001101001011111 /
#3604500000
0,
b0011010010111111 .
b001101001100000 0
#3604750000
1,
b0011010011000000 .
b001101001100000 /
#3605000000
0,
b0011010011000001 .
b001101001100001 0
#3605250000
1,
b0011010011000010 .
b001101001100001 /
#3605500000
0,
b0011010011000011 .
b001101001100010 0
#3605750000
1,
b0011010011000100 .
b001101001100010 /
#3606000000
0,
b0011010011000101 .
b001101001100011 0
#3606250000
1,
b0011010011000110 .
b001101001100011 /
#3606500000
0,
b0011010011000111 .
b001101001100100 0
#3606750000
1,
b0011010011001000 .
b001101001100100 /
#3607000000
0,
b0011010011001001 .
b001101001100101 0
#3607250000
1,
b0011010011001010 .
b001101001100101 /
#3607500000
0,
b0011010011001011 .
b001101001100110 0
#3607750000
1,
b0011010011001100 .
b001101001100110 /
#3608000000
0,
b0011010011001101 .
b001101001100111 0
#3608250000
1,
b0011010011001110 .
b001101001100111 /
#3608500000
0,
b0011010011001111 .
b001101001101000 0
#3608750000
1,
b0011010011010000 .
b001101001101000 /
#3609000000
0,
b0011010011010001 .
b001101001101001 0
#3609250000
1,
b0011010011010010 .
b001101001101001 /
#3609500000
0,
b0011010011010011 .
b001101001101010 0
#3609750000
1,
b0011010011010100 .
b001101001101010 /
#3610000000
0,
b0011010011010101 .
b001101001101011 0
#3610250000
1,
b0011010011010110 .
b001101001101011 /
#3610500000
0,
b0011010011010111 .
b001101001101100 0
#3610750000
1,
b0011010011011000 .
b001101001101100 /
#3611000000
0,
b0011010011011001 .
b001101001101101 0
#3611250000
1,
b0011010011011010 .
b001101001101101 /
#3611500000
0,
b0011010011011011 .
b001101001101110 0
#3611750000
1,
b0011010011011100 .
b001101001101110 /
#3612000000
0,
b0011010011011101 .
b001101001101111 0
#3612250000
1,
b0011010011011110 .
b001101001101111 /
#3612500000
0,
b0011010011011111 .
b001101001110000 0
#3612750000
1,
b0011010011100000 .
b001101001110000 /
#3613000000
0,
b0011010011100001 .
b001101001110001 0
#3613250000
1,
b0011010011100010 .
b001101001110001 /
#3613500000
0,
b0011010011100011 .
b001101001110010 0
#3613750000
1,
b0011010011100100 .
b001101001110010 /
#3614000000
0,
b0011010011100101 .
b001101001110011 0
#3614250000
b01101111 (
1)
1,
b0011010011100110 .
b001101001110011 /
#3614500000
0,
b0011010011100111 .
b001101001110100 0
#3614750000
1,
b0011010011101000 .
b001101001110100 /
#3615000000
0,
b0011010011101001 .
b001101001110101 0
#3615250000
1,
b0011010011101010 .
b001101001110101 /
#3615500000
0,
b0011010011101011 .
b001101001110110 0
#3615750000
1,
b0011010011101100 .
b001101001110110 /
#3616000000
0,
b0011010011101101 .
b001101001110111 0
#3616250000
1,
b0011010011101110 .
b001101001110111 /
#3616500000
0,
b0011010011101111 .
b001101001111000 0
#3616750000
1,
b0011010011110000 .
b001101001111000 /
#3617000000
0,
b0011010011110001 .
b001101001111001 0
#3617250000
1,
b0011010011110010 .
b001101001111001 /
#3617500000
0,
b0011010011110011 .
b001101001111010 0
#3617750000
1,
b0011010011110100 .
b001101001111010 /
#3618000000
0,
b0011010011110101 .
b001101001111011 0
#3618250000
1,
b0011010011110110 .
b001101001111011 /
#3618500000
0,
b0011010011110111 .
b001101001111100 0
#3618750000
1,
b0011010011111000 .
b001101001111100 /
#3619000000
0,
b0011010011111001 .
b001101001111101 0
#3619250000
1,
b0011010011111010 .
b001101001111101 /
#3619500000
0,
b0011010011111011 .
b001101001111110 0
#3619750000
1,
b0011010011111100 .
b001101001111110 /
#3620000000
0,
b0011010011111101 .
b001101001111111 0
#3620250000
1,
b0011010011111110 .
b001101001111111 /
#3620500000
0,
b0011010011111111 .
b001101010000000 0
#3620750000
1,
b0011010100000000 .
b001101010000000 /
#3621000000
0,
b0011010100000001 .
b001101010000001 0
#3621250000
1,
b0011010100000010 .
b001101010000001 /
#3621500000
0,
b0011010100000011 .
b001101010000010 0
#3621750000
1,
b0011010100000100 .
b001101010000010 /
#3622000000
0,
b0011010100000101 .
b001101010000011 0
#3622250000
1,
b0011010100000110 .
b001101010000011 /
#3622500000
0,
b0011010100000111 .
b001101010000100 0
#3622750000
1,
b0011010100001000 .
b001101010000100 /
#3623000000
0,
b0011010100001001 .
b001101010000101 0
#3623250000
1,
b0011010100001010 .
b001101010000101 /
#3623500000
0,
b0011010100001011 .
b001101010000110 0
#3623750000
1,
b0011010100001100 .
b001101010000110 /
#3624000000
0,
b0011010100001101 .
b001101010000111 0
#3624250000
1,
b0011010100001110 .
b001101010000111 /
#3624500000
0,
b0011010100001111 .
b001101010001000 0
#3624750000
1,
b0011010100010000 .
b001101010001000 /
#3625000000
0,
b0011010100010001 .
b001101010001001 0
#3625250000
1,
b0011010100010010 .
b001101010001001 /
#3625500000
0,
b0011010100010011 .
b001101010001010 0
#3625750000
1,
b0011010100010100 .
b001101010001010 /
#3626000000
0,
b0011010100010101 .
b001101010001011 0
#3626250000
1,
b0011010100010110 .
b001101010001011 /
#3626500000
0,
b0011010100010111 .
b001101010001100 0
#3626750000
1,
b0011010100011000 .
b001101010001100 /
#3627000000
0,
b0011010100011001 .
b001101010001101 0
#3627250000
1,
b0011010100011010 .
b001101010001101 /
#3627500000
0,
b0011010100011011 .
b001101010001110 0
#3627750000
1,
b0011010100011100 .
b001101010001110 /
#3628000000
0,
b0011010100011101 .
b001101010001111 0
#3628250000
1,
b0011010100011110 .
b001101010001111 /
#3628500000
0,
b0011010100011111 .
b001101010010000 0
#3628750000
1,
b0011010100100000 .
b001101010010000 /
#3629000000
0,
b0011010100100001 .
b001101010010001 0
#3629250000
1,
b0011010100100010 .
b001101010010001 /
#3629500000
0)
0,
b0011010100100011 .
b001101010010010 0
#3629750000
1,
b0011010100100100 .
b001101010010010 /
#3630000000
0,
b0011010100100101 .
b001101010010011 0
#3630250000
1,
b0011010100100110 .
b001101010010011 /
#3630500000
0,
b0011010100100111 .
b001101010010100 0
#3630750000
1,
b0011010100101000 .
b001101010010100 /
#3631000000
0,
b0011010100101001 .
b001101010010101 0
#3631250000
1,
b0011010100101010 .
b001101010010101 /
#3631500000
0,
b0011010100101011 .
b001101010010110 0
#3631750000
1,
b0011010100101100 .
b001101010010110 /
#3632000000
0,
b0011010100101101 .
b001101010010111 0
#3632250000
1,
b0011010100101110 .
b001101010010111 /
#3632500000
0,
b0011010100101111 .
b001101010011000 0
#3632750000
1,
b0011010100110000 .
b001101010011000 /
#3633000000
0,
b0011010100110001 .
b001101010011001 0
#3633250000
1,
b0011010100110010 .
b001101010011001 /
#3633500000
0,
b0011010100110011 .
b001101010011010 0
#3633750000
1,
b0011010100110100 .
b001101010011010 /
#3634000000
0,
b0011010100110101 .
b001101010011011 0
#3634250000
1,
b0011010100110110 .
b001101010011011 /
#3634500000
0,
b0011010100110111 .
b001101010011100 0
#3634750000
1,
b0011010100111000 .
b001101010011100 /
#3635000000
0,
b0011010100111001 .
b001101010011101 0
#3635250000
1,
b0011010100111010 .
b001101010011101 /
#3635500000
0,
b0011010100111011 .
b001101010011110 0
#3635750000
1,
b0011010100111100 .
b001101010011110 /
#3636000000
0,
b0011010100111101 .
b001101010011111 0
#3636250000
1,
b0011010100111110 .
b001101010011111 /
#3636500000
0,
b0011010100111111 .
b001101010100000 0
#3636750000
1,
b0011010101000000 .
b001101010100000 /
#3637000000
0,
b0011010101000001 .
b001101010100001 0
#3637250000
1,
b0011010101000010 .
b001101010100001 /
#3637500000
0,
b0011010101000011 .
b001101010100010 0
#3637750000
1,
b0011010101000100 .
b001101010100010 /
#3638000000
0,
b0011010101000101 .
b001101010100011 0
#3638250000
1,
b0011010101000110 .
b001101010100011 /
#3638500000
0,
b0011010101000111 .
b001101010100100 0
#3638750000
1,
b0011010101001000 .
b001101010100100 /
#3639000000
0,
b0011010101001001 .
b001101010100101 0
#3639250000
1,
b0011010101001010 .
b001101010100101 /
#3639500000
0,
b0011010101001011 .
b001101010100110 0
#3639750000
1,
b0011010101001100 .
b001101010100110 /
#3640000000
0,
b0011010101001101 .
b001101010100111 0
#3640250000
1,
b0011010101001110 .
b001101010100111 /
#3640500000
0,
b0011010101001111 .
b001101010101000 0
#3640750000
1,
b0011010101010000 .
b001101010101000 /
#3641000000
0,
b0011010101010001 .
b001101010101001 0
#3641250000
1,
b0011010101010010 .
b001101010101001 /
#3641500000
0,
b0011010101010011 .
b001101010101010 0
#3641750000
1,
b0011010101010100 .
b001101010101010 /
#3642000000
0,
b0011010101010101 .
b001101010101011 0
#3642250000
1,
b0011010101010110 .
b001101010101011 /
#3642500000
0,
b0011010101010111 .
b001101010101100 0
#3642750000
1,
b0011010101011000 .
b001101010101100 /
#3643000000
0,
b0011010101011001 .
b001101010101101 0
#3643250000
1,
b0011010101011010 .
b001101010101101 /
#3643500000
0,
b0011010101011011 .
b001101010101110 0
#3643750000
1,
b0011010101011100 .
b001101010101110 /
#3644000000
0,
b0011010101011101 .
b001101010101111 0
#3644250000
1,
b0011010101011110 .
b001101010101111 /
#3644500000
0,
b0011010101011111 .
b001101010110000 0
#3644750000
b01110000 (
1)
1,
b0011010101100000 .
b001101010110000 /
#3645000000
0,
b0011010101100001 .
b001101010110001 0
#3645250000
1,
b0011010101100010 .
b001101010110001 /
#3645500000
0,
b0011010101100011 .
b001101010110010 0
#3645750000
1,
b0011010101100100 .
b001101010110010 /
#3646000000
0,
b0011010101100101 .
b001101010110011 0
#3646250000
1,
b0011010101100110 .
b001101010110011 /
#3646500000
0,
b0011010101100111 .
b001101010110100 0
#3646750000
1,
b0011010101101000 .
b001101010110100 /
#3647000000
0,
b0011010101101001 .
b001101010110101 0
#3647250000
1,
b0011010101101010 .
b001101010110101 /
#3647500000
0,
b0011010101101011 .
b001101010110110 0
#3647750000
1,
b0011010101101100 .
b001101010110110 /
#3648000000
0,
b0011010101101101 .
b001101010110111 0
#3648250000
1,
b0011010101101110 .
b001101010110111 /
#3648500000
0,
b0011010101101111 .
b001101010111000 0
#3648750000
1,
b0011010101110000 .
b001101010111000 /
#3649000000
0,
b0011010101110001 .
b001101010111001 0
#3649250000
1,
b0011010101110010 .
b001101010111001 /
#3649500000
0,
b0011010101110011 .
b001101010111010 0
#3649750000
1,
b0011010101110100 .
b001101010111010 /
#3650000000
0,
b0011010101110101 .
b001101010111011 0
#3650250000
1,
b0011010101110110 .
b001101010111011 /
#3650500000
0,
b0011010101110111 .
b001101010111100 0
#3650750000
1,
b0011010101111000 .
b001101010111100 /
#3651000000
0,
b0011010101111001 .
b001101010111101 0
#3651250000
1,
b0011010101111010 .
b001101010111101 /
#3651500000
0,
b0011010101111011 .
b001101010111110 0
#3651750000
1,
b0011010101111100 .
b001101010111110 /
#3652000000
0,
b0011010101111101 .
b001101010111111 0
#3652250000
1,
b0011010101111110 .
b001101010111111 /
#3652500000
0,
b0011010101111111 .
b001101011000000 0
#3652750000
1,
b0011010110000000 .
b001101011000000 /
#3653000000
0,
b0011010110000001 .
b001101011000001 0
#3653250000
1,
b0011010110000010 .
b001101011000001 /
#3653500000
0,
b0011010110000011 .
b001101011000010 0
#3653750000
1,
b0011010110000100 .
b001101011000010 /
#3654000000
0,
b0011010110000101 .
b001101011000011 0
#3654250000
1,
b0011010110000110 .
b001101011000011 /
#3654500000
0,
b0011010110000111 .
b001101011000100 0
#3654750000
1,
b0011010110001000 .
b001101011000100 /
#3655000000
0,
b0011010110001001 .
b001101011000101 0
#3655250000
1,
b0011010110001010 .
b001101011000101 /
#3655500000
0,
b0011010110001011 .
b001101011000110 0
#3655750000
1,
b0011010110001100 .
b001101011000110 /
#3656000000
0,
b0011010110001101 .
b001101011000111 0
#3656250000
1,
b0011010110001110 .
b001101011000111 /
#3656500000
0,
b0011010110001111 .
b001101011001000 0
#3656750000
1,
b0011010110010000 .
b001101011001000 /
#3657000000
0,
b0011010110010001 .
b001101011001001 0
#3657250000
1,
b0011010110010010 .
b001101011001001 /
#3657500000
0,
b0011010110010011 .
b001101011001010 0
#3657750000
1,
b0011010110010100 .
b001101011001010 /
#3658000000
0,
b0011010110010101 .
b001101011001011 0
#3658250000
1,
b0011010110010110 .
b001101011001011 /
#3658500000
0,
b0011010110010111 .
b001101011001100 0
#3658750000
1,
b0011010110011000 .
b001101011001100 /
#3659000000
0,
b0011010110011001 .
b001101011001101 0
#3659250000
1,
b0011010110011010 .
b001101011001101 /
#3659500000
0,
b0011010110011011 .
b001101011001110 0
#3659750000
1,
b0011010110011100 .
b001101011001110 /
#3660000000
0)
0,
b0011010110011101 .
b001101011001111 0
#3660250000
1,
b0011010110011110 .
b001101011001111 /
#3660500000
0,
b0011010110011111 .
b001101011010000 0
#3660750000
1,
b0011010110100000 .
b001101011010000 /
#3661000000
0,
b0011010110100001 .
b001101011010001 0
#3661250000
1,
b0011010110100010 .
b001101011010001 /
#3661500000
0,
b0011010110100011 .
b001101011010010 0
#3661750000
1,
b0011010110100100 .
b001101011010010 /
#3662000000
0,
b0011010110100101 .
b001101011010011 0
#3662250000
1,
b0011010110100110 .
b001101011010011 /
#3662500000
0,
b0011010110100111 .
b001101011010100 0
#3662750000
1,
b0011010110101000 .
b001101011010100 /
#3663000000
0,
b0011010110101001 .
b001101011010101 0
#3663250000
1,
b0011010110101010 .
b001101011010101 /
#3663500000
0,
b0011010110101011 .
b001101011010110 0
#3663750000
1,
b0011010110101100 .
b001101011010110 /
#3664000000
0,
b0011010110101101 .
b001101011010111 0
#3664250000
1,
b0011010110101110 .
b001101011010111 /
#3664500000
0,
b0011010110101111 .
b001101011011000 0
#3664750000
1,
b0011010110110000 .
b001101011011000 /
#3665000000
0,
b0011010110110001 .
b001101011011001 0
#3665250000
1,
b0011010110110010 .
b001101011011001 /
#3665500000
0,
b0011010110110011 .
b001101011011010 0
#3665750000
1,
b0011010110110100 .
b001101011011010 /
#3666000000
0,
b0011010110110101 .
b001101011011011 0
#3666250000
1,
b0011010110110110 .
b001101011011011 /
#3666500000
0,
b0011010110110111 .
b001101011011100 0
#3666750000
1,
b0011010110111000 .
b001101011011100 /
#3667000000
0,
b0011010110111001 .
b001101011011101 0
#3667250000
1,
b0011010110111010 .
b001101011011101 /
#3667500000
0,
b0011010110111011 .
b001101011011110 0
#3667750000
1,
b0011010110111100 .
b001101011011110 /
#3668000000
0,
b0011010110111101 .
b001101011011111 0
#3668250000
1,
b0011010110111110 .
b001101011011111 /
#3668500000
0,
b0011010110111111 .
b001101011100000 0
#3668750000
1,
b0011010111000000 .
b001101011100000 /
#3669000000
0,
b0011010111000001 .
b001101011100001 0
#3669250000
1,
b0011010111000010 .
b001101011100001 /
#3669500000
0,
b0011010111000011 .
b001101011100010 0
#3669750000
1,
b0011010111000100 .
b001101011100010 /
#3670000000
0,
b0011010111000101 .
b001101011100011 0
#3670250000
1,
b0011010111000110 .
b001101011100011 /
#3670500000
0,
b0011010111000111 .
b001101011100100 0
#3670750000
1,
b0011010111001000 .
b001101011100100 /
#3671000000
0,
b0011010111001001 .
b001101011100101 0
#3671250000
1,
b0011010111001010 .
b001101011100101 /
#3671500000
0,
b0011010111001011 .
b001101011100110 0
#3671750000
1,
b0011010111001100 .
b001101011100110 /
#3672000000
0,
b0011010111001101 .
b001101011100111 0
#3672250000
1,
b0011010111001110 .
b001101011100111 /
#3672500000
0,
b0011010111001111 .
b001101011101000 0
#3672750000
1,
b0011010111010000 .
b001101011101000 /
#3673000000
0,
b0011010111010001 .
b001101011101001 0
#3673250000
1,
b0011010111010010 .
b001101011101001 /
#3673500000
0,
b0011010111010011 .
b001101011101010 0
#3673750000
1,
b0011010111010100 .
b001101011101010 /
#3674000000
0,
b0011010111010101 .
b001101011101011 0
#3674250000
1,
b0011010111010110 .
b001101011101011 /
#3674500000
0,
b0011010111010111 .
b001101011101100 0
#3674750000
1,
b0011010111011000 .
b001101011101100 /
#3675000000
0,
b0011010111011001 .
b001101011101101 0
#3675250000
b01110001 (
1)
1,
b0011010111011010 .
b001101011101101 /
#3675500000
0,
b0011010111011011 .
b001101011101110 0
#3675750000
1,
b0011010111011100 .
b001101011101110 /
#3676000000
0,
b0011010111011101 .
b001101011101111 0
#3676250000
1,
b0011010111011110 .
b001101011101111 /
#3676500000
0,
b0011010111011111 .
b001101011110000 0
#3676750000
1,
b0011010111100000 .
b001101011110000 /
#3677000000
0,
b0011010111100001 .
b001101011110001 0
#3677250000
1,
b0011010111100010 .
b001101011110001 /
#3677500000
0,
b0011010111100011 .
b001101011110010 0
#3677750000
1,
b0011010111100100 .
b001101011110010 /
#3678000000
0,
b0011010111100101 .
b001101011110011 0
#3678250000
1,
b0011010111100110 .
b001101011110011 /
#3678500000
0,
b0011010111100111 .
b001101011110100 0
#3678750000
1,
b0011010111101000 .
b001101011110100 /
#3679000000
0,
b0011010111101001 .
b001101011110101 0
#3679250000
1,
b0011010111101010 .
b001101011110101 /
#3679500000
0,
b0011010111101011 .
b001101011110110 0
#3679750000
1,
b0011010111101100 .
b001101011110110 /
#3680000000
0,
b0011010111101101 .
b001101011110111 0
#3680250000
1,
b0011010111101110 .
b001101011110111 /
#3680500000
0,
b0011010111101111 .
b001101011111000 0
#3680750000
1,
b0011010111110000 .
b001101011111000 /
#3681000000
0,
b0011010111110001 .
b001101011111001 0
#3681250000
1,
b0011010111110010 .
b001101011111001 /
#3681500000
0,
b0011010111110011 .
b001101011111010 0
#3681750000
1,
b0011010111110100 .
b001101011111010 /
#3682000000
0,
b0011010111110101 .
b001101011111011 0
#3682250000
1,
b0011010111110110 .
b001101011111011 /
#3682500000
0,
b0011010111110111 .
b001101011111100 0
#3682750000
1,
b0011010111111000 .
b001101011111100 /
#3683000000
0,
b0011010111111001 .
b001101011111101 0
#3683250000
1,
b0011010111111010 .
b001101011111101 /
#3683500000
0,
b0011010111111011 .
b001101011111110 0
#3683750000
1,
b0011010111111100 .
b001101011111110 /
#3684000000
0,
b0011010111111101 .
b001101011111111 0
#3684250000
1,
b0011010111111110 .
b001101011111111 /
#3684500000
0,
b0011010111111111 .
b001101100000000 0
#3684750000
1,
b0011011000000000 .
b001101100000000 /
#3685000000
0,
b0011011000000001 .
b001101100000001 0
#3685250000
1,
b0011011000000010 .
b001101100000001 /
#3685500000
0,
b0011011000000011 .
b001101100000010 0
#3685750000
1,
b0011011000000100 .
b001101100000010 /
#3686000000
0,
b0011011000000101 .
b001101100000011 0
#3686250000
1,
b0011011000000110 .
b001101100000011 /
#3686500000
0,
b0011011000000111 .
b001101100000100 0
#3686750000
1,
b0011011000001000 .
b001101100000100 /
#3687000000
0,
b0011011000001001 .
b001101100000101 0
#3687250000
1,
b0011011000001010 .
b001101100000101 /
#3687500000
0,
b0011011000001011 .
b001101100000110 0
#3687750000
1,
b0011011000001100 .
b001101100000110 /
#3688000000
0,
b0011011000001101 .
b001101100000111 0
#3688250000
1,
b0011011000001110 .
b001101100000111 /
#3688500000
0,
b0011011000001111 .
b001101100001000 0
#3688750000
1,
b0011011000010000 .
b001101100001000 /
#3689000000
0,
b0011011000010001 .
b001101100001001 0
#3689250000
1,
b0011011000010010 .
b001101100001001 /
#3689500000
0,
b0011011000010011 .
b001101100001010 0
#3689750000
1,
b0011011000010100 .
b001101100001010 /
#3690000000
0,
b0011011000010101 .
b001101100001011 0
#3690250000
1,
b0011011000010110 .
b001101100001011 /
#3690500000
0)
0,
b0011011000010111 .
b001101100001100 0
#3690750000
1,
b0011011000011000 .
b001101100001100 /
#3691000000
0,
b0011011000011001 .
b001101100001101 0
#3691250000
1,
b0011011000011010 .
b001101100001101 /
#3691500000
0,
b0011011000011011 .
b001101100001110 0
#3691750000
1,
b0011011000011100 .
b001101100001110 /
#3692000000
0,
b0011011000011101 .
b001101100001111 0
#3692250000
1,
b0011011000011110 .
b001101100001111 /
#3692500000
0,
b0011011000011111 .
b001101100010000 0
#3692750000
1,
b0011011000100000 .
b001101100010000 /
#3693000000
0,
b0011011000100001 .
b001101100010001 0
#3693250000
1,
b0011011000100010 .
b001101100010001 /
#3693500000
0,
b0011011000100011 .
b001101100010010 0
#3693750000
1,
b0011011000100100 .
b001101100010010 /
#3694000000
0,
b0011011000100101 .
b001101100010011 0
#3694250000
1,
b0011011000100110 .
b001101100010011 /
#3694500000
0,
b0011011000100111 .
b001101100010100 0
#3694750000
1,
b0011011000101000 .
b001101100010100 /
#3695000000
0,
b0011011000101001 .
b001101100010101 0
#3695250000
1,
b0011011000101010 .
b001101100010101 /
#3695500000
0,
b0011011000101011 .
b001101100010110 0
#3695750000
1,
b0011011000101100 .
b001101100010110 /
#3696000000
0,
b0011011000101101 .
b001101100010111 0
#3696250000
1,
b0011011000101110 .
b001101100010111 /
#3696500000
0,
b0011011000101111 .
b001101100011000 0
#3696750000
1,
b0011011000110000 .
b001101100011000 /
#3697000000
0,
b0011011000110001 .
b001101100011001 0
#3697250000
1,
b0011011000110010 .
b001101100011001 /
#3697500000
0,
b0011011000110011 .
b001101100011010 0
#3697750000
1,
b0011011000110100 .
b001101100011010 /
#3698000000
0,
b0011011000110101 .
b001101100011011 0
#3698250000
1,
b0011011000110110 .
b001101100011011 /
#3698500000
0,
b0011011000110111 .
b001101100011100 0
#3698750000
1,
b0011011000111000 .
b001101100011100 /
#3699000000
0,
b0011011000111001 .
b001101100011101 0
#3699250000
1,
b0011011000111010 .
b001101100011101 /
#3699500000
0,
b0011011000111011 .
b001101100011110 0
#3699750000
1,
b0011011000111100 .
b001101100011110 /
#3700000000
0,
b0011011000111101 .
b001101100011111 0
#3700250000
1,
b0011011000111110 .
b001101100011111 /
#3700500000
0,
b0011011000111111 .
b001101100100000 0
#3700750000
1,
b0011011001000000 .
b001101100100000 /
#3701000000
0,
b0011011001000001 .
b001101100100001 0
#3701250000
1,
b0011011001000010 .
b001101100100001 /
#3701500000
0,
b0011011001000011 .
b001101100100010 0
#3701750000
1,
b0011011001000100 .
b001101100100010 /
#3702000000
0,
b0011011001000101 .
b001101100100011 0
#3702250000
1,
b0011011001000110 .
b001101100100011 /
#3702500000
0,
b0011011001000111 .
b001101100100100 0
#3702750000
1,
b0011011001001000 .
b001101100100100 /
#3703000000
0,
b0011011001001001 .
b001101100100101 0
#3703250000
1,
b0011011001001010 .
b001101100100101 /
#3703500000
0,
b0011011001001011 .
b001101100100110 0
#3703750000
1,
b0011011001001100 .
b001101100100110 /
#3704000000
0,
b0011011001001101 .
b001101100100111 0
#3704250000
1,
b0011011001001110 .
b001101100100111 /
#3704500000
0,
b0011011001001111 .
b001101100101000 0
#3704750000
1,
b0011011001010000 .
b001101100101000 /
#3705000000
0,
b0011011001010001 .
b001101100101001 0
#3705250000
1,
b0011011001010010 .
b001101100101001 /
#3705500000
0,
b0011011001010011 .
b001101100101010 0
#3705750000
b01110010 (
1)
1,
b0011011001010100 .
b001101100101010 /
#3706000000
0,
b0011011001010101 .
b001101100101011 0
#3706250000
1,
b0011011001010110 .
b001101100101011 /
#3706500000
0,
b0011011001010111 .
b001101100101100 0
#3706750000
1,
b0011011001011000 .
b001101100101100 /
#3707000000
0,
b0011011001011001 .
b001101100101101 0
#3707250000
1,
b0011011001011010 .
b001101100101101 /
#3707500000
0,
b0011011001011011 .
b001101100101110 0
#3707750000
1,
b0011011001011100 .
b001101100101110 /
#3708000000
0,
b0011011001011101 .
b001101100101111 0
#3708250000
1,
b0011011001011110 .
b001101100101111 /
#3708500000
0,
b0011011001011111 .
b001101100110000 0
#3708750000
1,
b0011011001100000 .
b001101100110000 /
#3709000000
0,
b0011011001100001 .
b001101100110001 0
#3709250000
1,
b0011011001100010 .
b001101100110001 /
#3709500000
0,
b0011011001100011 .
b001101100110010 0
#3709750000
1,
b0011011001100100 .
b001101100110010 /
#3710000000
0,
b0011011001100101 .
b001101100110011 0
#3710250000
1,
b0011011001100110 .
b001101100110011 /
#3710500000
0,
b0011011001100111 .
b001101100110100 0
#3710750000
1,
b0011011001101000 .
b001101100110100 /
#3711000000
0,
b0011011001101001 .
b001101100110101 0
#3711250000
1,
b0011011001101010 .
b001101100110101 /
#3711500000
0,
b0011011001101011 .
b001101100110110 0
#3711750000
1,
b0011011001101100 .
b001101100110110 /
#3712000000
0,
b0011011001101101 .
b001101100110111 0
#3712250000
1,
b0011011001101110 .
b001101100110111 /
#3712500000
0,
b0011011001101111 .
b001101100111000 0
#3712750000
1,
b0011011001110000 .
b001101100111000 /
#3713000000
0,
b0011011001110001 .
b001101100111001 0
#3713250000
1,
b0011011001110010 .
b001101100111001 /
#3713500000
0,
b0011011001110011 .
b001101100111010 0
#3713750000
1,
b0011011001110100 .
b001101100111010 /
#3714000000
0,
b0011011001110101 .
b001101100111011 0
#3714250000
1,
b0011011001110110 .
b001101100111011 /
#3714500000
0,
b0011011001110111 .
b001101100111100 0
#3714750000
1,
b0011011001111000 .
b001101100111100 /
#3715000000
0,
b0011011001111001 .
b001101100111101 0
#3715250000
1,
b0011011001111010 .
b001101100111101 /
#3715500000
0,
b0011011001111011 .
b001101100111110 0
#3715750000
1,
b0011011001111100 .
b001101100111110 /
#3716000000
0,
b0011011001111101 .
b001101100111111 0
#3716250000
1,
b0011011001111110 .
b001101100111111 /
#3716500000
0,
b0011011001111111 .
b001101101000000 0
#3716750000
1,
b0011011010000000 .
b001101101000000 /
#3717000000
0,
b0011011010000001 .
b001101101000001 0
#3717250000
1,
b0011011010000010 .
b001101101000001 /
#3717500000
0,
b0011011010000011 .
b001101101000010 0
#3717750000
1,
b0011011010000100 .
b001101101000010 /
#3718000000
0,
b0011011010000101 .
b001101101000011 0
#3718250000
1,
b0011011010000110 .
b001101101000011 /
#3718500000
0,
b0011011010000111 .
b001101101000100 0
#3718750000
1,
b0011011010001000 .
b001101101000100 /
#3719000000
0,
b0011011010001001 .
b001101101000101 0
#3719250000
1,
b0011011010001010 .
b001101101000101 /
#3719500000
0,
b0011011010001011 .
b001101101000110 0
#3719750000
1,
b0011011010001100 .
b001101101000110 /
#3720000000
0,
b0011011010001101 .
b001101101000111 0
#3720250000
1,
b0011011010001110 .
b001101101000111 /
#3720500000
0,
b0011011010001111 .
b001101101001000 0
#3720750000
1,
b0011011010010000 .
b001101101001000 /
#3721000000
0)
0,
b0011011010010001 .
b001101101001001 0
#3721250000
1,
b0011011010010010 .
b001101101001001 /
#3721500000
0,
b0011011010010011 .
b001101101001010 0
#3721750000
1,
b0011011010010100 .
b001101101001010 /
#3722000000
0,
b0011011010010101 .
b001101101001011 0
#3722250000
1,
b0011011010010110 .
b001101101001011 /
#3722500000
0,
b0011011010010111 .
b001101101001100 0
#3722750000
1,
b0011011010011000 .
b001101101001100 /
#3723000000
0,
b0011011010011001 .
b001101101001101 0
#3723250000
1,
b0011011010011010 .
b001101101001101 /
#3723500000
0,
b0011011010011011 .
b001101101001110 0
#3723750000
1,
b0011011010011100 .
b001101101001110 /
#3724000000
0,
b0011011010011101 .
b001101101001111 0
#3724250000
1,
b0011011010011110 .
b001101101001111 /
#3724500000
0,
b0011011010011111 .
b001101101010000 0
#3724750000
1,
b0011011010100000 .
b001101101010000 /
#3725000000
0,
b0011011010100001 .
b001101101010001 0
#3725250000
1,
b0011011010100010 .
b001101101010001 /
#3725500000
0,
b0011011010100011 .
b001101101010010 0
#3725750000
1,
b0011011010100100 .
b001101101010010 /
#3726000000
0,
b0011011010100101 .
b001101101010011 0
#3726250000
1,
b0011011010100110 .
b001101101010011 /
#3726500000
0,
b0011011010100111 .
b001101101010100 0
#3726750000
1,
b0011011010101000 .
b001101101010100 /
#3727000000
0,
b0011011010101001 .
b001101101010101 0
#3727250000
1,
b0011011010101010 .
b001101101010101 /
#3727500000
0,
b0011011010101011 .
b001101101010110 0
#3727750000
1,
b0011011010101100 .
b001101101010110 /
#3728000000
0,
b0011011010101101 .
b001101101010111 0
#3728250000
1,
b0011011010101110 .
b001101101010111 /
#3728500000
0,
b0011011010101111 .
b001101101011000 0
#3728750000
1,
b0011011010110000 .
b001101101011000 /
#3729000000
0,
b0011011010110001 .
b001101101011001 0
#3729250000
1,
b0011011010110010 .
b001101101011001 /
#3729500000
0,
b0011011010110011 .
b001101101011010 0
#3729750000
1,
b0011011010110100 .
b001101101011010 /
#3730000000
0,
b0011011010110101 .
b001101101011011 0
#3730250000
1,
b0011011010110110 .
b001101101011011 /
#3730500000
0,
b0011011010110111 .
b001101101011100 0
#3730750000
1,
b0011011010111000 .
b001101101011100 /
#3731000000
0,
b0011011010111001 .
b001101101011101 0
#3731250000
1,
b0011011010111010 .
b001101101011101 /
#3731500000
0,
b0011011010111011 .
b001101101011110 0
#3731750000
1,
b0011011010111100 .
b001101101011110 /
#3732000000
0,
b0011011010111101 .
b001101101011111 0
#3732250000
1,
b0011011010111110 .
b001101101011111 /
#3732500000
0,
b0011011010111111 .
b001101101100000 0
#3732750000
1,
b0011011011000000 .
b001101101100000 /
#3733000000
0,
b0011011011000001 .
b001101101100001 0
#3733250000
1,
b0011011011000010 .
b001101101100001 /
#3733500000
0,
b0011011011000011 .
b001101101100010 0
#3733750000
1,
b0011011011000100 .
b001101101100010 /
#3734000000
0,
b0011011011000101 .
b001101101100011 0
#3734250000
1,
b0011011011000110 .
b001101101100011 /
#3734500000
0,
b0011011011000111 .
b001101101100100 0
#3734750000
1,
b0011011011001000 .
b001101101100100 /
#3735000000
0,
b0011011011001001 .
b001101101100101 0
#3735250000
1,
b0011011011001010 .
b001101101100101 /
#3735500000
0,
b0011011011001011 .
b001101101100110 0
#3735750000
1,
b0011011011001100 .
b001101101100110 /
#3736000000
0,
b0011011011001101 .
b001101101100111 0
#3736250000
b01110011 (
1)
1,
b0011011011001110 .
b001101101100111 /
#3736500000
0,
b0011011011001111 .
b001101101101000 0
#3736750000
1,
b0011011011010000 .
b001101101101000 /
#3737000000
0,
b0011011011010001 .
b001101101101001 0
#3737250000
1,
b0011011011010010 .
b001101101101001 /
#3737500000
0,
b0011011011010011 .
b001101101101010 0
#3737750000
1,
b0011011011010100 .
b001101101101010 /
#3738000000
0,
b0011011011010101 .
b001101101101011 0
#3738250000
1,
b0011011011010110 .
b001101101101011 /
#3738500000
0,
b0011011011010111 .
b001101101101100 0
#3738750000
1,
b0011011011011000 .
b001101101101100 /
#3739000000
0,
b0011011011011001 .
b001101101101101 0
#3739250000
1,
b0011011011011010 .
b001101101101101 /
#3739500000
0,
b0011011011011011 .
b001101101101110 0
#3739750000
1,
b0011011011011100 .
b001101101101110 /
#3740000000
0,
b0011011011011101 .
b001101101101111 0
#3740250000
1,
b0011011011011110 .
b001101101101111 /
#3740500000
0,
b0011011011011111 .
b001101101110000 0
#3740750000
1,
b0011011011100000 .
b001101101110000 /
#3741000000
0,
b0011011011100001 .
b001101101110001 0
#3741250000
1,
b0011011011100010 .
b001101101110001 /
#3741500000
0,
b0011011011100011 .
b001101101110010 0
#3741750000
1,
b0011011011100100 .
b001101101110010 /
#3742000000
0,
b0011011011100101 .
b001101101110011 0
#3742250000
1,
b0011011011100110 .
b001101101110011 /
#3742500000
0,
b0011011011100111 .
b001101101110100 0
#3742750000
1,
b0011011011101000 .
b001101101110100 /
#3743000000
0,
b0011011011101001 .
b001101101110101 0
#3743250000
1,
b0011011011101010 .
b001101101110101 /
#3743500000
0,
b0011011011101011 .
b001101101110110 0
#3743750000
1,
b0011011011101100 .
b001101101110110 /
#3744000000
0,
b0011011011101101 .
b001101101110111 0
#3744250000
1,
b0011011011101110 .
b001101101110111 /
#3744500000
0,
b0011011011101111 .
b001101101111000 0
#3744750000
1,
b0011011011110000 .
b001101101111000 /
#3745000000
0,
b0011011011110001 .
b001101101111001 0
#3745250000
1,
b0011011011110010 .
b001101101111001 /
#3745500000
0,
b0011011011110011 .
b001101101111010 0
#3745750000
1,
b0011011011110100 .
b001101101111010 /
#3746000000
0,
b0011011011110101 .
b001101101111011 0
#3746250000
1,
b0011011011110110 .
b001101101111011 /
#3746500000
0,
b0011011011110111 .
b001101101111100 0
#3746750000
1,
b0011011011111000 .
b001101101111100 /
#3747000000
0,
b0011011011111001 .
b001101101111101 0
#3747250000
1,
b0011011011111010 .
b001101101111101 /
#3747500000
0,
b0011011011111011 .
b001101101111110 0
#3747750000
1,
b0011011011111100 .
b001101101111110 /
#3748000000
0,
b0011011011111101 .
b001101101111111 0
#3748250000
1,
b0011011011111110 .
b001101101111111 /
#3748500000
0,
b0011011011111111 .
b001101110000000 0
#3748750000
1,
b0011011100000000 .
b001101110000000 /
#3749000000
0,
b0011011100000001 .
b001101110000001 0
#3749250000
1,
b0011011100000010 .
b001101110000001 /
#3749500000
0,
b0011011100000011 .
b001101110000010 0
#3749750000
1,
b0011011100000100 .
b001101110000010 /
#3750000000
0,
b0011011100000101 .
b001101110000011 0
#3750250000
1,
b0011011100000110 .
b001101110000011 /
#3750500000
0,
b0011011100000111 .
b001101110000100 0
#3750750000
1,
b0011011100001000 .
b001101110000100 /
#3751000000
0,
b0011011100001001 .
b001101110000101 0
#3751250000
1,
b0011011100001010 .
b001101110000101 /
#3751500000
0)
0,
b0011011100001011 .
b001101110000110 0
#3751750000
1,
b0011011100001100 .
b001101110000110 /
#3752000000
0,
b0011011100001101 .
b001101110000111 0
#3752250000
1,
b0011011100001110 .
b001101110000111 /
#3752500000
0,
b0011011100001111 .
b001101110001000 0
#3752750000
1,
b0011011100010000 .
b001101110001000 /
#3753000000
0,
b0011011100010001 .
b001101110001001 0
#3753250000
1,
b0011011100010010 .
b001101110001001 /
#3753500000
0,
b0011011100010011 .
b001101110001010 0
#3753750000
1,
b0011011100010100 .
b001101110001010 /
#3754000000
0,
b0011011100010101 .
b001101110001011 0
#3754250000
1,
b0011011100010110 .
b001101110001011 /
#3754500000
0,
b0011011100010111 .
b001101110001100 0
#3754750000
1,
b0011011100011000 .
b001101110001100 /
#3755000000
0,
b0011011100011001 .
b001101110001101 0
#3755250000
1,
b0011011100011010 .
b001101110001101 /
#3755500000
0,
b0011011100011011 .
b001101110001110 0
#3755750000
1,
b0011011100011100 .
b001101110001110 /
#3756000000
0,
b0011011100011101 .
b001101110001111 0
#3756250000
1,
b0011011100011110 .
b001101110001111 /
#3756500000
0,
b0011011100011111 .
b001101110010000 0
#3756750000
1,
b0011011100100000 .
b001101110010000 /
#3757000000
0,
b0011011100100001 .
b001101110010001 0
#3757250000
1,
b0011011100100010 .
b001101110010001 /
#3757500000
0,
b0011011100100011 .
b001101110010010 0
#3757750000
1,
b0011011100100100 .
b001101110010010 /
#3758000000
0,
b0011011100100101 .
b001101110010011 0
#3758250000
1,
b0011011100100110 .
b001101110010011 /
#3758500000
0,
b0011011100100111 .
b001101110010100 0
#3758750000
1,
b0011011100101000 .
b001101110010100 /
#3759000000
0,
b0011011100101001 .
b001101110010101 0
#3759250000
1,
b0011011100101010 .
b001101110010101 /
#3759500000
0,
b0011011100101011 .
b001101110010110 0
#3759750000
1,
b0011011100101100 .
b001101110010110 /
#3760000000
0,
b0011011100101101 .
b001101110010111 0
#3760250000
1,
b0011011100101110 .
b001101110010111 /
#3760500000
0,
b0011011100101111 .
b001101110011000 0
#3760750000
1,
b0011011100110000 .
b001101110011000 /
#3761000000
0,
b0011011100110001 .
b001101110011001 0
#3761250000
1,
b0011011100110010 .
b001101110011001 /
#3761500000
0,
b0011011100110011 .
b001101110011010 0
#3761750000
1,
b0011011100110100 .
b001101110011010 /
#3762000000
0,
b0011011100110101 .
b001101110011011 0
#3762250000
1,
b0011011100110110 .
b001101110011011 /
#3762500000
0,
b0011011100110111 .
b001101110011100 0
#3762750000
1,
b0011011100111000 .
b001101110011100 /
#3763000000
0,
b0011011100111001 .
b001101110011101 0
#3763250000
1,
b0011011100111010 .
b001101110011101 /
#3763500000
0,
b0011011100111011 .
b001101110011110 0
#3763750000
1,
b0011011100111100 .
b001101110011110 /
#3764000000
0,
b0011011100111101 .
b001101110011111 0
#3764250000
1,
b0011011100111110 .
b001101110011111 /
#3764500000
0,
b0011011100111111 .
b001101110100000 0
#3764750000
1,
b0011011101000000 .
b001101110100000 /
#3765000000
0,
b0011011101000001 .
b001101110100001 0
#3765250000
1,
b0011011101000010 .
b001101110100001 /
#3765500000
0,
b0011011101000011 .
b001101110100010 0
#3765750000
1,
b0011011101000100 .
b001101110100010 /
#3766000000
0,
b0011011101000101 .
b001101110100011 0
#3766250000
1,
b0011011101000110 .
b001101110100011 /
#3766500000
0,
b0011011101000111 .
b001101110100100 0
#3766750000
b01110100 (
1)
1,
b0011011101001000 .
b001101110100100 /
#3767000000
0,
b0011011101001001 .
b001101110100101 0
#3767250000
1,
b0011011101001010 .
b001101110100101 /
#3767500000
0,
b0011011101001011 .
b001101110100110 0
#3767750000
1,
b0011011101001100 .
b001101110100110 /
#3768000000
0,
b0011011101001101 .
b001101110100111 0
#3768250000
1,
b0011011101001110 .
b001101110100111 /
#3768500000
0,
b0011011101001111 .
b001101110101000 0
#3768750000
1,
b0011011101010000 .
b001101110101000 /
#3769000000
0,
b0011011101010001 .
b001101110101001 0
#3769250000
1,
b0011011101010010 .
b001101110101001 /
#3769500000
0,
b0011011101010011 .
b001101110101010 0
#3769750000
1,
b0011011101010100 .
b001101110101010 /
#3770000000
0,
b0011011101010101 .
b001101110101011 0
#3770250000
1,
b0011011101010110 .
b001101110101011 /
#3770500000
0,
b0011011101010111 .
b001101110101100 0
#3770750000
1,
b0011011101011000 .
b001101110101100 /
#3771000000
0,
b0011011101011001 .
b001101110101101 0
#3771250000
1,
b0011011101011010 .
b001101110101101 /
#3771500000
0,
b0011011101011011 .
b001101110101110 0
#3771750000
1,
b0011011101011100 .
b001101110101110 /
#3772000000
0,
b0011011101011101 .
b001101110101111 0
#3772250000
1,
b0011011101011110 .
b001101110101111 /
#3772500000
0,
b0011011101011111 .
b001101110110000 0
#3772750000
1,
b0011011101100000 .
b001101110110000 /
#3773000000
0,
b0011011101100001 .
b001101110110001 0
#3773250000
1,
b0011011101100010 .
b001101110110001 /
#3773500000
0,
b0011011101100011 .
b001101110110010 0
#3773750000
1,
b0011011101100100 .
b001101110110010 /
#3774000000
0,
b0011011101100101 .
b001101110110011 0
#3774250000
1,
b0011011101100110 .
b001101110110011 /
#3774500000
0,
b0011011101100111 .
b001101110110100 0
#3774750000
1,
b0011011101101000 .
b001101110110100 /
#3775000000
0,
b0011011101101001 .
b001101110110101 0
#3775250000
1,
b0011011101101010 .
b001101110110101 /
#3775500000
0,
b0011011101101011 .
b001101110110110 0
#3775750000
1,
b0011011101101100 .
b001101110110110 /
#3776000000
0,
b0011011101101101 .
b001101110110111 0
#3776250000
1,
b0011011101101110 .
b001101110110111 /
#3776500000
0,
b0011011101101111 .
b001101110111000 0
#3776750000
1,
b0011011101110000 .
b001101110111000 /
#3777000000
0,
b0011011101110001 .
b001101110111001 0
#3777250000
1,
b0011011101110010 .
b001101110111001 /
#3777500000
0,
b0011011101110011 .
b001101110111010 0
#3777750000
1,
b0011011101110100 .
b001101110111010 /
#3778000000
0,
b0011011101110101 .
b001101110111011 0
#3778250000
1,
b0011011101110110 .
b001101110111011 /
#3778500000
0,
b0011011101110111 .
b001101110111100 0
#3778750000
1,
b0011011101111000 .
b001101110111100 /
#3779000000
0,
b0011011101111001 .
b001101110111101 0
#3779250000
1,
b0011011101111010 .
b001101110111101 /
#3779500000
0,
b0011011101111011 .
b001101110111110 0
#3779750000
1,
b0011011101111100 .
b001101110111110 /
#3780000000
0,
b0011011101111101 .
b001101110111111 0
#3780250000
1,
b0011011101111110 .
b001101110111111 /
#3780500000
0,
b0011011101111111 .
b001101111000000 0
#3780750000
1,
b0011011110000000 .
b001101111000000 /
#3781000000
0,
b0011011110000001 .
b001101111000001 0
#3781250000
1,
b0011011110000010 .
b001101111000001 /
#3781500000
0,
b0011011110000011 .
b001101111000010 0
#3781750000
1,
b0011011110000100 .
b001101111000010 /
#3782000000
0)
0,
b0011011110000101 .
b001101111000011 0
#3782250000
1,
b0011011110000110 .
b001101111000011 /
#3782500000
0,
b0011011110000111 .
b001101111000100 0
#3782750000
1,
b0011011110001000 .
b001101111000100 /
#3783000000
0,
b0011011110001001 .
b001101111000101 0
#3783250000
1,
b0011011110001010 .
b001101111000101 /
#3783500000
0,
b0011011110001011 .
b001101111000110 0
#3783750000
1,
b0011011110001100 .
b001101111000110 /
#3784000000
0,
b0011011110001101 .
b001101111000111 0
#3784250000
1,
b0011011110001110 .
b001101111000111 /
#3784500000
0,
b0011011110001111 .
b001101111001000 0
#3784750000
1,
b0011011110010000 .
b001101111001000 /
#3785000000
0,
b0011011110010001 .
b001101111001001 0
#3785250000
1,
b0011011110010010 .
b001101111001001 /
#3785500000
0,
b0011011110010011 .
b001101111001010 0
#3785750000
1,
b0011011110010100 .
b001101111001010 /
#3786000000
0,
b0011011110010101 .
b001101111001011 0
#3786250000
1,
b0011011110010110 .
b001101111001011 /
#3786500000
0,
b0011011110010111 .
b001101111001100 0
#3786750000
1,
b0011011110011000 .
b001101111001100 /
#3787000000
0,
b0011011110011001 .
b001101111001101 0
#3787250000
1,
b0011011110011010 .
b001101111001101 /
#3787500000
0,
b0011011110011011 .
b001101111001110 0
#3787750000
1,
b0011011110011100 .
b001101111001110 /
#3788000000
0,
b0011011110011101 .
b001101111001111 0
#3788250000
1,
b0011011110011110 .
b001101111001111 /
#3788500000
0,
b0011011110011111 .
b001101111010000 0
#3788750000
1,
b0011011110100000 .
b001101111010000 /
#3789000000
0,
b0011011110100001 .
b001101111010001 0
#3789250000
1,
b0011011110100010 .
b001101111010001 /
#3789500000
0,
b0011011110100011 .
b001101111010010 0
#3789750000
1,
b0011011110100100 .
b001101111010010 /
#3790000000
0,
b0011011110100101 .
b001101111010011 0
#3790250000
1,
b0011011110100110 .
b001101111010011 /
#3790500000
0,
b0011011110100111 .
b001101111010100 0
#3790750000
1,
b0011011110101000 .
b001101111010100 /
#3791000000
0,
b0011011110101001 .
b001101111010101 0
#3791250000
1,
b0011011110101010 .
b001101111010101 /
#3791500000
0,
b0011011110101011 .
b001101111010110 0
#3791750000
1,
b0011011110101100 .
b001101111010110 /
#3792000000
0,
b0011011110101101 .
b001101111010111 0
#3792250000
1,
b0011011110101110 .
b001101111010111 /
#3792500000
0,
b0011011110101111 .
b001101111011000 0
#3792750000
1,
b0011011110110000 .
b001101111011000 /
#3793000000
0,
b0011011110110001 .
b001101111011001 0
#3793250000
1,
b0011011110110010 .
b001101111011001 /
#3793500000
0,
b0011011110110011 .
b001101111011010 0
#3793750000
1,
b0011011110110100 .
b001101111011010 /
#3794000000
0,
b0011011110110101 .
b001101111011011 0
#3794250000
1,
b0011011110110110 .
b001101111011011 /
#3794500000
0,
b0011011110110111 .
b001101111011100 0
#3794750000
1,
b0011011110111000 .
b001101111011100 /
#3795000000
0,
b0011011110111001 .
b001101111011101 0
#3795250000
1,
b0011011110111010 .
b001101111011101 /
#3795500000
0,
b0011011110111011 .
b001101111011110 0
#3795750000
1,
b0011011110111100 .
b001101111011110 /
#3796000000
0,
b0011011110111101 .
b001101111011111 0
#3796250000
1,
b0011011110111110 .
b001101111011111 /
#3796500000
0,
b0011011110111111 .
b001101111100000 0
#3796750000
1,
b0011011111000000 .
b001101111100000 /
#3797000000
0,
b0011011111000001 .
b001101111100001 0
#3797250000
b01110101 (
1)
1,
b0011011111000010 .
b001101111100001 /
#3797500000
0,
b0011011111000011 .
b001101111100010 0
#3797750000
1,
b0011011111000100 .
b001101111100010 /
#3798000000
0,
b0011011111000101 .
b001101111100011 0
#3798250000
1,
b0011011111000110 .
b001101111100011 /
#3798500000
0,
b0011011111000111 .
b001101111100100 0
#3798750000
1,
b0011011111001000 .
b001101111100100 /
#3799000000
0,
b0011011111001001 .
b001101111100101 0
#3799250000
1,
b0011011111001010 .
b001101111100101 /
#3799500000
0,
b0011011111001011 .
b001101111100110 0
#3799750000
1,
b0011011111001100 .
b001101111100110 /
#3800000000
0,
b0011011111001101 .
b001101111100111 0
#3800250000
1,
b0011011111001110 .
b001101111100111 /
#3800500000
0,
b0011011111001111 .
b001101111101000 0
#3800750000
1,
b0011011111010000 .
b001101111101000 /
#3801000000
0,
b0011011111010001 .
b001101111101001 0
#3801250000
1,
b0011011111010010 .
b001101111101001 /
#3801500000
0,
b0011011111010011 .
b001101111101010 0
#3801750000
1,
b0011011111010100 .
b001101111101010 /
#3802000000
0,
b0011011111010101 .
b001101111101011 0
#3802250000
1,
b0011011111010110 .
b001101111101011 /
#3802500000
0,
b0011011111010111 .
b001101111101100 0
#3802750000
1,
b0011011111011000 .
b001101111101100 /
#3803000000
0,
b0011011111011001 .
b001101111101101 0
#3803250000
1,
b0011011111011010 .
b001101111101101 /
#3803500000
0,
b0011011111011011 .
b001101111101110 0
#3803750000
1,
b0011011111011100 .
b001101111101110 /
#3804000000
0,
b0011011111011101 .
b001101111101111 0
#3804250000
1,
b0011011111011110 .
b001101111101111 /
#3804500000
0,
b0011011111011111 .
b001101111110000 0
#3804750000
1,
b0011011111100000 .
b001101111110000 /
#3805000000
0,
b0011011111100001 .
b001101111110001 0
#3805250000
1,
b0011011111100010 .
b001101111110001 /
#3805500000
0,
b0011011111100011 .
b001101111110010 0
#3805750000
1,
b0011011111100100 .
b001101111110010 /
#3806000000
0,
b0011011111100101 .
b001101111110011 0
#3806250000
1,
b0011011111100110 .
b001101111110011 /
#3806500000
0,
b0011011111100111 .
b001101111110100 0
#3806750000
1,
b0011011111101000 .
b001101111110100 /
#3807000000
0,
b0011011111101001 .
b001101111110101 0
#3807250000
1,
b0011011111101010 .
b001101111110101 /
#3807500000
0,
b0011011111101011 .
b001101111110110 0
#3807750000
1,
b0011011111101100 .
b001101111110110 /
#3808000000
0,
b0011011111101101 .
b001101111110111 0
#3808250000
1,
b0011011111101110 .
b001101111110111 /
#3808500000
0,
b0011011111101111 .
b001101111111000 0
#3808750000
1,
b0011011111110000 .
b001101111111000 /
#3809000000
0,
b0011011111110001 .
b001101111111001 0
#3809250000
1,
b0011011111110010 .
b001101111111001 /
#3809500000
0,
b0011011111110011 .
b001101111111010 0
#3809750000
1,
b0011011111110100 .
b001101111111010 /
#3810000000
0,
b0011011111110101 .
b001101111111011 0
#3810250000
1,
b0011011111110110 .
b001101111111011 /
#3810500000
0,
b0011011111110111 .
b001101111111100 0
#3810750000
1,
b0011011111111000 .
b001101111111100 /
#3811000000
0,
b0011011111111001 .
b001101111111101 0
#3811250000
1,
b0011011111111010 .
b001101111111101 /
#3811500000
0,
b0011011111111011 .
b001101111111110 0
#3811750000
1,
b0011011111111100 .
b001101111111110 /
#3812000000
0,
b0011011111111101 .
b001101111111111 0
#3812250000
1,
b0011011111111110 .
b001101111111111 /
#3812500000
0)
0,
b0011011111111111 .
b001110000000000 0
#3812750000
1,
b0011100000000000 .
b001110000000000 /
#3813000000
0,
b0011100000000001 .
b001110000000001 0
#3813250000
1,
b0011100000000010 .
b001110000000001 /
#3813500000
0,
b0011100000000011 .
b001110000000010 0
#3813750000
1,
b0011100000000100 .
b001110000000010 /
#3814000000
0,
b0011100000000101 .
b001110000000011 0
#3814250000
1,
b0011100000000110 .
b001110000000011 /
#3814500000
0,
b0011100000000111 .
b001110000000100 0
#3814750000
1,
b0011100000001000 .
b001110000000100 /
#3815000000
0,
b0011100000001001 .
b001110000000101 0
#3815250000
1,
b0011100000001010 .
b001110000000101 /
#3815500000
0,
b0011100000001011 .
b001110000000110 0
#3815750000
1,
b0011100000001100 .
b001110000000110 /
#3816000000
0,
b0011100000001101 .
b001110000000111 0
#3816250000
1,
b0011100000001110 .
b001110000000111 /
#3816500000
0,
b0011100000001111 .
b001110000001000 0
#3816750000
1,
b0011100000010000 .
b001110000001000 /
#3817000000
0,
b0011100000010001 .
b001110000001001 0
#3817250000
1,
b0011100000010010 .
b001110000001001 /
#3817500000
0,
b0011100000010011 .
b001110000001010 0
#3817750000
1,
b0011100000010100 .
b001110000001010 /
#3818000000
0,
b0011100000010101 .
b001110000001011 0
#3818250000
1,
b0011100000010110 .
b001110000001011 /
#3818500000
0,
b0011100000010111 .
b001110000001100 0
#3818750000
1,
b0011100000011000 .
b001110000001100 /
#3819000000
0,
b0011100000011001 .
b001110000001101 0
#3819250000
1,
b0011100000011010 .
b001110000001101 /
#3819500000
0,
b0011100000011011 .
b001110000001110 0
#3819750000
1,
b0011100000011100 .
b001110000001110 /
#3820000000
0,
b0011100000011101 .
b001110000001111 0
#3820250000
1,
b0011100000011110 .
b001110000001111 /
#3820500000
0,
b0011100000011111 .
b001110000010000 0
#3820750000
1,
b0011100000100000 .
b001110000010000 /
#3821000000
0,
b0011100000100001 .
b001110000010001 0
#3821250000
1,
b0011100000100010 .
b001110000010001 /
#3821500000
0,
b0011100000100011 .
b001110000010010 0
#3821750000
1,
b0011100000100100 .
b001110000010010 /
#3822000000
0,
b0011100000100101 .
b001110000010011 0
#3822250000
1,
b0011100000100110 .
b001110000010011 /
#3822500000
0,
b0011100000100111 .
b001110000010100 0
#3822750000
1,
b0011100000101000 .
b001110000010100 /
#3823000000
0,
b0011100000101001 .
b001110000010101 0
#3823250000
1,
b0011100000101010 .
b001110000010101 /
#3823500000
0,
b0011100000101011 .
b001110000010110 0
#3823750000
1,
b0011100000101100 .
b001110000010110 /
#3824000000
0,
b0011100000101101 .
b001110000010111 0
#3824250000
1,
b0011100000101110 .
b001110000010111 /
#3824500000
0,
b0011100000101111 .
b001110000011000 0
#3824750000
1,
b0011100000110000 .
b001110000011000 /
#3825000000
0,
b0011100000110001 .
b001110000011001 0
#3825250000
1,
b0011100000110010 .
b001110000011001 /
#3825500000
0,
b0011100000110011 .
b001110000011010 0
#3825750000
1,
b0011100000110100 .
b001110000011010 /
#3826000000
0,
b0011100000110101 .
b001110000011011 0
#3826250000
1,
b0011100000110110 .
b001110000011011 /
#3826500000
0,
b0011100000110111 .
b001110000011100 0
#3826750000
1,
b0011100000111000 .
b001110000011100 /
#3827000000
0,
b0011100000111001 .
b001110000011101 0
#3827250000
1,
b0011100000111010 .
b001110000011101 /
#3827500000
0,
b0011100000111011 .
b001110000011110 0
#3827750000
b01110110 (
1)
1,
b0011100000111100 .
b001110000011110 /
#3828000000
0,
b0011100000111101 .
b001110000011111 0
#3828250000
1,
b0011100000111110 .
b001110000011111 /
#3828500000
0,
b0011100000111111 .
b001110000100000 0
#3828750000
1,
b0011100001000000 .
b001110000100000 /
#3829000000
0,
b0011100001000001 .
b001110000100001 0
#3829250000
1,
b0011100001000010 .
b001110000100001 /
#3829500000
0,
b0011100001000011 .
b001110000100010 0
#3829750000
1,
b0011100001000100 .
b001110000100010 /
#3830000000
0,
b0011100001000101 .
b001110000100011 0
#3830250000
1,
b0011100001000110 .
b001110000100011 /
#3830500000
0,
b0011100001000111 .
b001110000100100 0
#3830750000
1,
b0011100001001000 .
b001110000100100 /
#3831000000
0,
b0011100001001001 .
b001110000100101 0
#3831250000
1,
b0011100001001010 .
b001110000100101 /
#3831500000
0,
b0011100001001011 .
b001110000100110 0
#3831750000
1,
b0011100001001100 .
b001110000100110 /
#3832000000
0,
b0011100001001101 .
b001110000100111 0
#3832250000
1,
b0011100001001110 .
b001110000100111 /
#3832500000
0,
b0011100001001111 .
b001110000101000 0
#3832750000
1,
b0011100001010000 .
b001110000101000 /
#3833000000
0,
b0011100001010001 .
b001110000101001 0
#3833250000
1,
b0011100001010010 .
b001110000101001 /
#3833500000
0,
b0011100001010011 .
b001110000101010 0
#3833750000
1,
b0011100001010100 .
b001110000101010 /
#3834000000
0,
b0011100001010101 .
b001110000101011 0
#3834250000
1,
b0011100001010110 .
b001110000101011 /
#3834500000
0,
b0011100001010111 .
b001110000101100 0
#3834750000
1,
b0011100001011000 .
b001110000101100 /
#3835000000
0,
b0011100001011001 .
b001110000101101 0
#3835250000
1,
b0011100001011010 .
b001110000101101 /
#3835500000
0,
b0011100001011011 .
b001110000101110 0
#3835750000
1,
b0011100001011100 .
b001110000101110 /
#3836000000
0,
b0011100001011101 .
b001110000101111 0
#3836250000
1,
b0011100001011110 .
b001110000101111 /
#3836500000
0,
b0011100001011111 .
b001110000110000 0
#3836750000
1,
b0011100001100000 .
b001110000110000 /
#3837000000
0,
b0011100001100001 .
b001110000110001 0
#3837250000
1,
b0011100001100010 .
b001110000110001 /
#3837500000
0,
b0011100001100011 .
b001110000110010 0
#3837750000
1,
b0011100001100100 .
b001110000110010 /
#3838000000
0,
b0011100001100101 .
b001110000110011 0
#3838250000
1,
b0011100001100110 .
b001110000110011 /
#3838500000
0,
b0011100001100111 .
b001110000110100 0
#3838750000
1,
b0011100001101000 .
b001110000110100 /
#3839000000
0,
b0011100001101001 .
b001110000110101 0
#3839250000
1,
b0011100001101010 .
b001110000110101 /
#3839500000
0,
b0011100001101011 .
b001110000110110 0
#3839750000
1,
b0011100001101100 .
b001110000110110 /
#3840000000
0,
b0011100001101101 .
b001110000110111 0
#3840250000
1,
b0011100001101110 .
b001110000110111 /
#3840500000
0,
b0011100001101111 .
b001110000111000 0
#3840750000
1,
b0011100001110000 .
b001110000111000 /
#3841000000
0,
b0011100001110001 .
b001110000111001 0
#3841250000
1,
b0011100001110010 .
b001110000111001 /
#3841500000
0,
b0011100001110011 .
b001110000111010 0
#3841750000
1,
b0011100001110100 .
b001110000111010 /
#3842000000
0,
b0011100001110101 .
b001110000111011 0
#3842250000
1,
b0011100001110110 .
b001110000111011 /
#3842500000
0,
b0011100001110111 .
b001110000111100 0
#3842750000
1,
b0011100001111000 .
b001110000111100 /
#3843000000
0)
0,
b0011100001111001 .
b001110000111101 0
#3843250000
1,
b0011100001111010 .
b001110000111101 /
#3843500000
0,
b0011100001111011 .
b001110000111110 0
#3843750000
1,
b0011100001111100 .
b001110000111110 /
#3844000000
0,
b0011100001111101 .
b001110000111111 0
#3844250000
1,
b0011100001111110 .
b001110000111111 /
#3844500000
0,
b0011100001111111 .
b001110001000000 0
#3844750000
1,
b0011100010000000 .
b001110001000000 /
#3845000000
0,
b0011100010000001 .
b001110001000001 0
#3845250000
1,
b0011100010000010 .
b001110001000001 /
#3845500000
0,
b0011100010000011 .
b001110001000010 0
#3845750000
1,
b0011100010000100 .
b001110001000010 /
#3846000000
0,
b0011100010000101 .
b001110001000011 0
#3846250000
1,
b0011100010000110 .
b001110001000011 /
#3846500000
0,
b0011100010000111 .
b001110001000100 0
#3846750000
1,
b0011100010001000 .
b001110001000100 /
#3847000000
0,
b0011100010001001 .
b001110001000101 0
#3847250000
1,
b0011100010001010 .
b001110001000101 /
#3847500000
0,
b0011100010001011 .
b001110001000110 0
#3847750000
1,
b0011100010001100 .
b001110001000110 /
#3848000000
0,
b0011100010001101 .
b001110001000111 0
#3848250000
1,
b0011100010001110 .
b001110001000111 /
#3848500000
0,
b0011100010001111 .
b001110001001000 0
#3848750000
1,
b0011100010010000 .
b001110001001000 /
#3849000000
0,
b0011100010010001 .
b001110001001001 0
#3849250000
1,
b0011100010010010 .
b001110001001001 /
#3849500000
0,
b0011100010010011 .
b001110001001010 0
#3849750000
1,
b0011100010010100 .
b001110001001010 /
#3850000000
0,
b0011100010010101 .
b001110001001011 0
#3850250000
1,
b0011100010010110 .
b001110001001011 /
#3850500000
0,
b0011100010010111 .
b001110001001100 0
#3850750000
1,
b0011100010011000 .
b001110001001100 /
#3851000000
0,
b0011100010011001 .
b001110001001101 0
#3851250000
1,
b0011100010011010 .
b001110001001101 /
#3851500000
0,
b0011100010011011 .
b001110001001110 0
#3851750000
1,
b0011100010011100 .
b001110001001110 /
#3852000000
0,
b0011100010011101 .
b001110001001111 0
#3852250000
1,
b0011100010011110 .
b001110001001111 /
#3852500000
0,
b0011100010011111 .
b001110001010000 0
#3852750000
1,
b0011100010100000 .
b001110001010000 /
#3853000000
0,
b0011100010100001 .
b001110001010001 0
#3853250000
1,
b0011100010100010 .
b001110001010001 /
#3853500000
0,
b0011100010100011 .
b001110001010010 0
#3853750000
1,
b0011100010100100 .
b001110001010010 /
#3854000000
0,
b0011100010100101 .
b001110001010011 0
#3854250000
1,
b0011100010100110 .
b001110001010011 /
#3854500000
0,
b0011100010100111 .
b001110001010100 0
#3854750000
1,
b0011100010101000 .
b001110001010100 /
#3855000000
0,
b0011100010101001 .
b001110001010101 0
#3855250000
1,
b0011100010101010 .
b001110001010101 /
#3855500000
0,
b0011100010101011 .
b001110001010110 0
#3855750000
1,
b0011100010101100 .
b001110001010110 /
#3856000000
0,
b0011100010101101 .
b001110001010111 0
#3856250000
1,
b0011100010101110 .
b001110001010111 /
#3856500000
0,
b0011100010101111 .
b001110001011000 0
#3856750000
1,
b0011100010110000 .
b001110001011000 /
#3857000000
0,
b0011100010110001 .
b001110001011001 0
#3857250000
1,
b0011100010110010 .
b001110001011001 /
#3857500000
0,
b0011100010110011 .
b001110001011010 0
#3857750000
1,
b0011100010110100 .
b001110001011010 /
#3858000000
0,
b0011100010110101 .
b001110001011011 0
#3858250000
b01110111 (
1)
1,
b0011100010110110 .
b001110001011011 /
#3858500000
0,
b0011100010110111 .
b001110001011100 0
#3858750000
1,
b0011100010111000 .
b001110001011100 /
#3859000000
0,
b0011100010111001 .
b001110001011101 0
#3859250000
1,
b0011100010111010 .
b001110001011101 /
#3859500000
0,
b0011100010111011 .
b001110001011110 0
#3859750000
1,
b0011100010111100 .
b001110001011110 /
#3860000000
0,
b0011100010111101 .
b001110001011111 0
#3860250000
1,
b0011100010111110 .
b001110001011111 /
#3860500000
0,
b0011100010111111 .
b001110001100000 0
#3860750000
1,
b0011100011000000 .
b001110001100000 /
#3861000000
0,
b0011100011000001 .
b001110001100001 0
#3861250000
1,
b0011100011000010 .
b001110001100001 /
#3861500000
0,
b0011100011000011 .
b001110001100010 0
#3861750000
1,
b0011100011000100 .
b001110001100010 /
#3862000000
0,
b0011100011000101 .
b001110001100011 0
#3862250000
1,
b0011100011000110 .
b001110001100011 /
#3862500000
0,
b0011100011000111 .
b001110001100100 0
#3862750000
1,
b0011100011001000 .
b001110001100100 /
#3863000000
0,
b0011100011001001 .
b001110001100101 0
#3863250000
1,
b0011100011001010 .
b001110001100101 /
#3863500000
0,
b0011100011001011 .
b001110001100110 0
#3863750000
1,
b0011100011001100 .
b001110001100110 /
#3864000000
0,
b0011100011001101 .
b001110001100111 0
#3864250000
1,
b0011100011001110 .
b001110001100111 /
#3864500000
0,
b0011100011001111 .
b001110001101000 0
#3864750000
1,
b0011100011010000 .
b001110001101000 /
#3865000000
0,
b0011100011010001 .
b001110001101001 0
#3865250000
1,
b0011100011010010 .
b001110001101001 /
#3865500000
0,
b0011100011010011 .
b001110001101010 0
#3865750000
1,
b0011100011010100 .
b001110001101010 /
#3866000000
0,
b0011100011010101 .
b001110001101011 0
#3866250000
1,
b0011100011010110 .
b001110001101011 /
#3866500000
0,
b0011100011010111 .
b001110001101100 0
#3866750000
1,
b0011100011011000 .
b001110001101100 /
#3867000000
0,
b0011100011011001 .
b001110001101101 0
#3867250000
1,
b0011100011011010 .
b001110001101101 /
#3867500000
0,
b0011100011011011 .
b001110001101110 0
#3867750000
1,
b0011100011011100 .
b001110001101110 /
#3868000000
0,
b0011100011011101 .
b001110001101111 0
#3868250000
1,
b0011100011011110 .
b001110001101111 /
#3868500000
0,
b0011100011011111 .
b001110001110000 0
#3868750000
1,
b0011100011100000 .
b001110001110000 /
#3869000000
0,
b0011100011100001 .
b001110001110001 0
#3869250000
1,
b0011100011100010 .
b001110001110001 /
#3869500000
0,
b0011100011100011 .
b001110001110010 0
#3869750000
1,
b0011100011100100 .
b001110001110010 /
#3870000000
0,
b0011100011100101 .
b001110001110011 0
#3870250000
1,
b0011100011100110 .
b001110001110011 /
#3870500000
0,
b0011100011100111 .
b001110001110100 0
#3870750000
1,
b0011100011101000 .
b001110001110100 /
#3871000000
0,
b0011100011101001 .
b001110001110101 0
#3871250000
1,
b0011100011101010 .
b001110001110101 /
#3871500000
0,
b0011100011101011 .
b001110001110110 0
#3871750000
1,
b0011100011101100 .
b001110001110110 /
#3872000000
0,
b0011100011101101 .
b001110001110111 0
#3872250000
1,
b0011100011101110 .
b001110001110111 /
#3872500000
0,
b0011100011101111 .
b001110001111000 0
#3872750000
1,
b0011100011110000 .
b001110001111000 /
#3873000000
0,
b0011100011110001 .
b001110001111001 0
#3873250000
1,
b0011100011110010 .
b001110001111001 /
#3873500000
0)
0,
b0011100011110011 .
b001110001111010 0
#3873750000
1,
b0011100011110100 .
b001110001111010 /
#3874000000
0,
b0011100011110101 .
b001110001111011 0
#3874250000
1,
b0011100011110110 .
b001110001111011 /
#3874500000
0,
b0011100011110111 .
b001110001111100 0
#3874750000
1,
b0011100011111000 .
b001110001111100 /
#3875000000
0,
b0011100011111001 .
b001110001111101 0
#3875250000
1,
b0011100011111010 .
b001110001111101 /
#3875500000
0,
b0011100011111011 .
b001110001111110 0
#3875750000
1,
b0011100011111100 .
b001110001111110 /
#3876000000
0,
b0011100011111101 .
b001110001111111 0
#3876250000
1,
b0011100011111110 .
b001110001111111 /
#3876500000
0,
b0011100011111111 .
b001110010000000 0
#3876750000
1,
b0011100100000000 .
b001110010000000 /
#3877000000
0,
b0011100100000001 .
b001110010000001 0
#3877250000
1,
b0011100100000010 .
b001110010000001 /
#3877500000
0,
b0011100100000011 .
b001110010000010 0
#3877750000
1,
b0011100100000100 .
b001110010000010 /
#3878000000
0,
b0011100100000101 .
b001110010000011 0
#3878250000
1,
b0011100100000110 .
b001110010000011 /
#3878500000
0,
b0011100100000111 .
b001110010000100 0
#3878750000
1,
b0011100100001000 .
b001110010000100 /
#3879000000
0,
b0011100100001001 .
b001110010000101 0
#3879250000
1,
b0011100100001010 .
b001110010000101 /
#3879500000
0,
b0011100100001011 .
b001110010000110 0
#3879750000
1,
b0011100100001100 .
b001110010000110 /
#3880000000
0,
b0011100100001101 .
b001110010000111 0
#3880250000
1,
b0011100100001110 .
b001110010000111 /
#3880500000
0,
b0011100100001111 .
b001110010001000 0
#3880750000
1,
b0011100100010000 .
b001110010001000 /
#3881000000
0,
b0011100100010001 .
b001110010001001 0
#3881250000
1,
b0011100100010010 .
b001110010001001 /
#3881500000
0,
b0011100100010011 .
b001110010001010 0
#3881750000
1,
b0011100100010100 .
b001110010001010 /
#3882000000
0,
b0011100100010101 .
b001110010001011 0
#3882250000
1,
b0011100100010110 .
b001110010001011 /
#3882500000
0,
b0011100100010111 .
b001110010001100 0
#3882750000
1,
b0011100100011000 .
b001110010001100 /
#3883000000
0,
b0011100100011001 .
b001110010001101 0
#3883250000
1,
b0011100100011010 .
b001110010001101 /
#3883500000
0,
b0011100100011011 .
b001110010001110 0
#3883750000
1,
b0011100100011100 .
b001110010001110 /
#3884000000
0,
b0011100100011101 .
b001110010001111 0
#3884250000
1,
b0011100100011110 .
b001110010001111 /
#3884500000
0,
b0011100100011111 .
b001110010010000 0
#3884750000
1,
b0011100100100000 .
b001110010010000 /
#3885000000
0,
b0011100100100001 .
b001110010010001 0
#3885250000
1,
b0011100100100010 .
b001110010010001 /
#3885500000
0,
b0011100100100011 .
b001110010010010 0
#3885750000
1,
b0011100100100100 .
b001110010010010 /
#3886000000
0,
b0011100100100101 .
b001110010010011 0
#3886250000
1,
b0011100100100110 .
b001110010010011 /
#3886500000
0,
b0011100100100111 .
b001110010010100 0
#3886750000
1,
b0011100100101000 .
b001110010010100 /
#3887000000
0,
b0011100100101001 .
b001110010010101 0
#3887250000
1,
b0011100100101010 .
b001110010010101 /
#3887500000
0,
b0011100100101011 .
b001110010010110 0
#3887750000
1,
b0011100100101100 .
b001110010010110 /
#3888000000
0,
b0011100100101101 .
b001110010010111 0
#3888250000
1,
b0011100100101110 .
b001110010010111 /
#3888500000
0,
b0011100100101111 .
b001110010011000 0
#3888750000
b01111000 (
1)
1,
b0011100100110000 .
b001110010011000 /
#3889000000
0,
b0011100100110001 .
b001110010011001 0
#3889250000
1,
b0011100100110010 .
b001110010011001 /
#3889500000
0,
b0011100100110011 .
b001110010011010 0
#3889750000
1,
b0011100100110100 .
b001110010011010 /
#3890000000
0,
b0011100100110101 .
b001110010011011 0
#3890250000
1,
b0011100100110110 .
b001110010011011 /
#3890500000
0,
b0011100100110111 .
b001110010011100 0
#3890750000
1,
b0011100100111000 .
b001110010011100 /
#3891000000
0,
b0011100100111001 .
b001110010011101 0
#3891250000
1,
b0011100100111010 .
b001110010011101 /
#3891500000
0,
b0011100100111011 .
b001110010011110 0
#3891750000
1,
b0011100100111100 .
b001110010011110 /
#3892000000
0,
b0011100100111101 .
b001110010011111 0
#3892250000
1,
b0011100100111110 .
b001110010011111 /
#3892500000
0,
b0011100100111111 .
b001110010100000 0
#3892750000
1,
b0011100101000000 .
b001110010100000 /
#3893000000
0,
b0011100101000001 .
b001110010100001 0
#3893250000
1,
b0011100101000010 .
b001110010100001 /
#3893500000
0,
b0011100101000011 .
b001110010100010 0
#3893750000
1,
b0011100101000100 .
b001110010100010 /
#3894000000
0,
b0011100101000101 .
b001110010100011 0
#3894250000
1,
b0011100101000110 .
b001110010100011 /
#3894500000
0,
b0011100101000111 .
b001110010100100 0
#3894750000
1,
b0011100101001000 .
b001110010100100 /
#3895000000
0,
b0011100101001001 .
b001110010100101 0
#3895250000
1,
b0011100101001010 .
b001110010100101 /
#3895500000
0,
b0011100101001011 .
b001110010100110 0
#3895750000
1,
b0011100101001100 .
b001110010100110 /
#3896000000
0,
b0011100101001101 .
b001110010100111 0
#3896250000
1,
b0011100101001110 .
b001110010100111 /
#3896500000
0,
b0011100101001111 .
b001110010101000 0
#3896750000
1,
b0011100101010000 .
b001110010101000 /
#3897000000
0,
b0011100101010001 .
b001110010101001 0
#3897250000
1,
b0011100101010010 .
b001110010101001 /
#3897500000
0,
b0011100101010011 .
b001110010101010 0
#3897750000
1,
b0011100101010100 .
b001110010101010 /
#3898000000
0,
b0011100101010101 .
b001110010101011 0
#3898250000
1,
b0011100101010110 .
b001110010101011 /
#3898500000
0,
b0011100101010111 .
b001110010101100 0
#3898750000
1,
b0011100101011000 .
b001110010101100 /
#3899000000
0,
b0011100101011001 .
b001110010101101 0
#3899250000
1,
b0011100101011010 .
b001110010101101 /
#3899500000
0,
b0011100101011011 .
b001110010101110 0
#3899750000
1,
b0011100101011100 .
b001110010101110 /
#3900000000
0,
b0011100101011101 .
b001110010101111 0
#3900250000
1,
b0011100101011110 .
b001110010101111 /
#3900500000
0,
b0011100101011111 .
b001110010110000 0
#3900750000
1,
b0011100101100000 .
b001110010110000 /
#3901000000
0,
b0011100101100001 .
b001110010110001 0
#3901250000
1,
b0011100101100010 .
b001110010110001 /
#3901500000
0,
b0011100101100011 .
b001110010110010 0
#3901750000
1,
b0011100101100100 .
b001110010110010 /
#3902000000
0,
b0011100101100101 .
b001110010110011 0
#3902250000
1,
b0011100101100110 .
b001110010110011 /
#3902500000
0,
b0011100101100111 .
b001110010110100 0
#3902750000
1,
b0011100101101000 .
b001110010110100 /
#3903000000
0,
b0011100101101001 .
b001110010110101 0
#3903250000
1,
b0011100101101010 .
b001110010110101 /
#3903500000
0,
b0011100101101011 .
b001110010110110 0
#3903750000
1,
b0011100101101100 .
b001110010110110 /
#3904000000
0)
0,
b0011100101101101 .
b001110010110111 0
#3904250000
1,
b0011100101101110 .
b001110010110111 /
#3904500000
0,
b0011100101101111 .
b001110010111000 0
#3904750000
1,
b0011100101110000 .
b001110010111000 /
#3905000000
0,
b0011100101110001 .
b001110010111001 0
#3905250000
1,
b0011100101110010 .
b001110010111001 /
#3905500000
0,
b0011100101110011 .
b001110010111010 0
#3905750000
1,
b0011100101110100 .
b001110010111010 /
#3906000000
0,
b0011100101110101 .
b001110010111011 0
#3906250000
1,
b0011100101110110 .
b001110010111011 /
#3906500000
0,
b0011100101110111 .
b001110010111100 0
#3906750000
1,
b0011100101111000 .
b001110010111100 /
#3907000000
0,
b0011100101111001 .
b001110010111101 0
#3907250000
1,
b0011100101111010 .
b001110010111101 /
#3907500000
0,
b0011100101111011 .
b001110010111110 0
#3907750000
1,
b0011100101111100 .
b001110010111110 /
#3908000000
0,
b0011100101111101 .
b001110010111111 0
#3908250000
1,
b0011100101111110 .
b001110010111111 /
#3908500000
0,
b0011100101111111 .
b001110011000000 0
#3908750000
1,
b0011100110000000 .
b001110011000000 /
#3909000000
0,
b0011100110000001 .
b001110011000001 0
#3909250000
1,
b0011100110000010 .
b001110011000001 /
#3909500000
0,
b0011100110000011 .
b001110011000010 0
#3909750000
1,
b0011100110000100 .
b001110011000010 /
#3910000000
0,
b0011100110000101 .
b001110011000011 0
#3910250000
1,
b0011100110000110 .
b001110011000011 /
#3910500000
0,
b0011100110000111 .
b001110011000100 0
#3910750000
1,
b0011100110001000 .
b001110011000100 /
#3911000000
0,
b0011100110001001 .
b001110011000101 0
#3911250000
1,
b0011100110001010 .
b001110011000101 /
#3911500000
0,
b0011100110001011 .
b001110011000110 0
#3911750000
1,
b0011100110001100 .
b001110011000110 /
#3912000000
0,
b0011100110001101 .
b001110011000111 0
#3912250000
1,
b0011100110001110 .
b001110011000111 /
#3912500000
0,
b0011100110001111 .
b001110011001000 0
#3912750000
1,
b0011100110010000 .
b001110011001000 /
#3913000000
0,
b0011100110010001 .
b001110011001001 0
#3913250000
1,
b0011100110010010 .
b001110011001001 /
#3913500000
0,
b0011100110010011 .
b001110011001010 0
#3913750000
1,
b0011100110010100 .
b001110011001010 /
#3914000000
0,
b0011100110010101 .
b001110011001011 0
#3914250000
1,
b0011100110010110 .
b001110011001011 /
#3914500000
0,
b0011100110010111 .
b001110011001100 0
#3914750000
1,
b0011100110011000 .
b001110011001100 /
#3915000000
0,
b0011100110011001 .
b001110011001101 0
#3915250000
1,
b0011100110011010 .
b001110011001101 /
#3915500000
0,
b0011100110011011 .
b001110011001110 0
#3915750000
1,
b0011100110011100 .
b001110011001110 /
#3916000000
0,
b0011100110011101 .
b001110011001111 0
#3916250000
1,
b0011100110011110 .
b001110011001111 /
#3916500000
0,
b0011100110011111 .
b001110011010000 0
#3916750000
1,
b0011100110100000 .
b001110011010000 /
#3917000000
0,
b0011100110100001 .
b001110011010001 0
#3917250000
1,
b0011100110100010 .
b001110011010001 /
#3917500000
0,
b0011100110100011 .
b001110011010010 0
#3917750000
1,
b0011100110100100 .
b001110011010010 /
#3918000000
0,
b0011100110100101 .
b001110011010011 0
#3918250000
1,
b0011100110100110 .
b001110011010011 /
#3918500000
0,
b0011100110100111 .
b001110011010100 0
#3918750000
1,
b0011100110101000 .
b001110011010100 /
#3919000000
0,
b0011100110101001 .
b001110011010101 0
#3919250000
b01111001 (
1)
1,
b0011100110101010 .
b001110011010101 /
#3919500000
0,
b0011100110101011 .
b001110011010110 0
#3919750000
1,
b0011100110101100 .
b001110011010110 /
#3920000000
0,
b0011100110101101 .
b001110011010111 0
#3920250000
1,
b0011100110101110 .
b001110011010111 /
#3920500000
0,
b0011100110101111 .
b001110011011000 0
#3920750000
1,
b0011100110110000 .
b001110011011000 /
#3921000000
0,
b0011100110110001 .
b001110011011001 0
#3921250000
1,
b0011100110110010 .
b001110011011001 /
#3921500000
0,
b0011100110110011 .
b001110011011010 0
#3921750000
1,
b0011100110110100 .
b001110011011010 /
#3922000000
0,
b0011100110110101 .
b001110011011011 0
#3922250000
1,
b0011100110110110 .
b001110011011011 /
#3922500000
0,
b0011100110110111 .
b001110011011100 0
#3922750000
1,
b0011100110111000 .
b001110011011100 /
#3923000000
0,
b0011100110111001 .
b001110011011101 0
#3923250000
1,
b0011100110111010 .
b001110011011101 /
#3923500000
0,
b0011100110111011 .
b001110011011110 0
#3923750000
1,
b0011100110111100 .
b001110011011110 /
#3924000000
0,
b0011100110111101 .
b001110011011111 0
#3924250000
1,
b0011100110111110 .
b001110011011111 /
#3924500000
0,
b0011100110111111 .
b001110011100000 0
#3924750000
1,
b0011100111000000 .
b001110011100000 /
#3925000000
0,
b0011100111000001 .
b001110011100001 0
#3925250000
1,
b0011100111000010 .
b001110011100001 /
#3925500000
0,
b0011100111000011 .
b001110011100010 0
#3925750000
1,
b0011100111000100 .
b001110011100010 /
#3926000000
0,
b0011100111000101 .
b001110011100011 0
#3926250000
1,
b0011100111000110 .
b001110011100011 /
#3926500000
0,
b0011100111000111 .
b001110011100100 0
#3926750000
1,
b0011100111001000 .
b001110011100100 /
#3927000000
0,
b0011100111001001 .
b001110011100101 0
#3927250000
1,
b0011100111001010 .
b001110011100101 /
#3927500000
0,
b0011100111001011 .
b001110011100110 0
#3927750000
1,
b0011100111001100 .
b001110011100110 /
#3928000000
0,
b0011100111001101 .
b001110011100111 0
#3928250000
1,
b0011100111001110 .
b001110011100111 /
#3928500000
0,
b0011100111001111 .
b001110011101000 0
#3928750000
1,
b0011100111010000 .
b001110011101000 /
#3929000000
0,
b0011100111010001 .
b001110011101001 0
#3929250000
1,
b0011100111010010 .
b001110011101001 /
#3929500000
0,
b0011100111010011 .
b001110011101010 0
#3929750000
1,
b0011100111010100 .
b001110011101010 /
#3930000000
0,
b0011100111010101 .
b001110011101011 0
#3930250000
1,
b0011100111010110 .
b001110011101011 /
#3930500000
0,
b0011100111010111 .
b001110011101100 0
#3930750000
1,
b0011100111011000 .
b001110011101100 /
#3931000000
0,
b0011100111011001 .
b001110011101101 0
#3931250000
1,
b0011100111011010 .
b001110011101101 /
#3931500000
0,
b0011100111011011 .
b001110011101110 0
#3931750000
1,
b0011100111011100 .
b001110011101110 /
#3932000000
0,
b0011100111011101 .
b001110011101111 0
#3932250000
1,
b0011100111011110 .
b001110011101111 /
#3932500000
0,
b0011100111011111 .
b001110011110000 0
#3932750000
1,
b0011100111100000 .
b001110011110000 /
#3933000000
0,
b0011100111100001 .
b001110011110001 0
#3933250000
1,
b0011100111100010 .
b001110011110001 /
#3933500000
0,
b0011100111100011 .
b001110011110010 0
#3933750000
1,
b0011100111100100 .
b001110011110010 /
#3934000000
0,
b0011100111100101 .
b001110011110011 0
#3934250000
1,
b0011100111100110 .
b001110011110011 /
#3934500000
0)
0,
b0011100111100111 .
b001110011110100 0
#3934750000
1,
b0011100111101000 .
b001110011110100 /
#3935000000
0,
b0011100111101001 .
b001110011110101 0
#3935250000
1,
b0011100111101010 .
b001110011110101 /
#3935500000
0,
b0011100111101011 .
b001110011110110 0
#3935750000
1,
b0011100111101100 .
b001110011110110 /
#3936000000
0,
b0011100111101101 .
b001110011110111 0
#3936250000
1,
b0011100111101110 .
b001110011110111 /
#3936500000
0,
b0011100111101111 .
b001110011111000 0
#3936750000
1,
b0011100111110000 .
b001110011111000 /
#3937000000
0,
b0011100111110001 .
b001110011111001 0
#3937250000
1,
b0011100111110010 .
b001110011111001 /
#3937500000
0,
b0011100111110011 .
b001110011111010 0
#3937750000
1,
b0011100111110100 .
b001110011111010 /
#3938000000
0,
b0011100111110101 .
b001110011111011 0
#3938250000
1,
b0011100111110110 .
b001110011111011 /
#3938500000
0,
b0011100111110111 .
b001110011111100 0
#3938750000
1,
b0011100111111000 .
b001110011111100 /
#3939000000
0,
b0011100111111001 .
b001110011111101 0
#3939250000
1,
b0011100111111010 .
b001110011111101 /
#3939500000
0,
b0011100111111011 .
b001110011111110 0
#3939750000
1,
b0011100111111100 .
b001110011111110 /
#3940000000
0,
b0011100111111101 .
b001110011111111 0
#3940250000
1,
b0011100111111110 .
b001110011111111 /
#3940500000
0,
b0011100111111111 .
b001110100000000 0
#3940750000
1,
b0011101000000000 .
b001110100000000 /
#3941000000
0,
b0011101000000001 .
b001110100000001 0
#3941250000
1,
b0011101000000010 .
b001110100000001 /
#3941500000
0,
b0011101000000011 .
b001110100000010 0
#3941750000
1,
b0011101000000100 .
b001110100000010 /
#3942000000
0,
b0011101000000101 .
b001110100000011 0
#3942250000
1,
b0011101000000110 .
b001110100000011 /
#3942500000
0,
b0011101000000111 .
b001110100000100 0
#3942750000
1,
b0011101000001000 .
b001110100000100 /
#3943000000
0,
b0011101000001001 .
b001110100000101 0
#3943250000
1,
b0011101000001010 .
b001110100000101 /
#3943500000
0,
b0011101000001011 .
b001110100000110 0
#3943750000
1,
b0011101000001100 .
b001110100000110 /
#3944000000
0,
b0011101000001101 .
b001110100000111 0
#3944250000
1,
b0011101000001110 .
b001110100000111 /
#3944500000
0,
b0011101000001111 .
b001110100001000 0
#3944750000
1,
b0011101000010000 .
b001110100001000 /
#3945000000
0,
b0011101000010001 .
b001110100001001 0
#3945250000
1,
b0011101000010010 .
b001110100001001 /
#3945500000
0,
b0011101000010011 .
b001110100001010 0
#3945750000
1,
b0011101000010100 .
b001110100001010 /
#3946000000
0,
b0011101000010101 .
b001110100001011 0
#3946250000
1,
b0011101000010110 .
b001110100001011 /
#3946500000
0,
b0011101000010111 .
b001110100001100 0
#3946750000
1,
b0011101000011000 .
b001110100001100 /
#3947000000
0,
b0011101000011001 .
b001110100001101 0
#3947250000
1,
b0011101000011010 .
b001110100001101 /
#3947500000
0,
b0011101000011011 .
b001110100001110 0
#3947750000
1,
b0011101000011100 .
b001110100001110 /
#3948000000
0,
b0011101000011101 .
b001110100001111 0
#3948250000
1,
b0011101000011110 .
b001110100001111 /
#3948500000
0,
b0011101000011111 .
b001110100010000 0
#3948750000
1,
b0011101000100000 .
b001110100010000 /
#3949000000
0,
b0011101000100001 .
b001110100010001 0
#3949250000
1,
b0011101000100010 .
b001110100010001 /
#3949500000
0,
b0011101000100011 .
b001110100010010 0
#3949750000
b01111010 (
1)
1,
b0011101000100100 .
b001110100010010 /
#3950000000
0,
b0011101000100101 .
b001110100010011 0
#3950250000
1,
b0011101000100110 .
b001110100010011 /
#3950500000
0,
b0011101000100111 .
b001110100010100 0
#3950750000
1,
b0011101000101000 .
b001110100010100 /
#3951000000
0,
b0011101000101001 .
b001110100010101 0
#3951250000
1,
b0011101000101010 .
b001110100010101 /
#3951500000
0,
b0011101000101011 .
b001110100010110 0
#3951750000
1,
b0011101000101100 .
b001110100010110 /
#3952000000
0,
b0011101000101101 .
b001110100010111 0
#3952250000
1,
b0011101000101110 .
b001110100010111 /
#3952500000
0,
b0011101000101111 .
b001110100011000 0
#3952750000
1,
b0011101000110000 .
b001110100011000 /
#3953000000
0,
b0011101000110001 .
b001110100011001 0
#3953250000
1,
b0011101000110010 .
b001110100011001 /
#3953500000
0,
b0011101000110011 .
b001110100011010 0
#3953750000
1,
b0011101000110100 .
b001110100011010 /
#3954000000
0,
b0011101000110101 .
b001110100011011 0
#3954250000
1,
b0011101000110110 .
b001110100011011 /
#3954500000
0,
b0011101000110111 .
b001110100011100 0
#3954750000
1,
b0011101000111000 .
b001110100011100 /
#3955000000
0,
b0011101000111001 .
b001110100011101 0
#3955250000
1,
b0011101000111010 .
b001110100011101 /
#3955500000
0,
b0011101000111011 .
b001110100011110 0
#3955750000
1,
b0011101000111100 .
b001110100011110 /
#3956000000
0,
b0011101000111101 .
b001110100011111 0
#3956250000
1,
b0011101000111110 .
b001110100011111 /
#3956500000
0,
b0011101000111111 .
b001110100100000 0
#3956750000
1,
b0011101001000000 .
b001110100100000 /
#3957000000
0,
b0011101001000001 .
b001110100100001 0
#3957250000
1,
b0011101001000010 .
b001110100100001 /
#3957500000
0,
b0011101001000011 .
b001110100100010 0
#3957750000
1,
b0011101001000100 .
b001110100100010 /
#3958000000
0,
b0011101001000101 .
b001110100100011 0
#3958250000
1,
b0011101001000110 .
b001110100100011 /
#3958500000
0,
b0011101001000111 .
b001110100100100 0
#3958750000
1,
b0011101001001000 .
b001110100100100 /
#3959000000
0,
b0011101001001001 .
b001110100100101 0
#3959250000
1,
b0011101001001010 .
b001110100100101 /
#3959500000
0,
b0011101001001011 .
b001110100100110 0
#3959750000
1,
b0011101001001100 .
b001110100100110 /
#3960000000
0,
b0011101001001101 .
b001110100100111 0
#3960250000
1,
b0011101001001110 .
b001110100100111 /
#3960500000
0,
b0011101001001111 .
b001110100101000 0
#3960750000
1,
b0011101001010000 .
b001110100101000 /
#3961000000
0,
b0011101001010001 .
b001110100101001 0
#3961250000
1,
b0011101001010010 .
b001110100101001 /
#3961500000
0,
b0011101001010011 .
b001110100101010 0
#3961750000
1,
b0011101001010100 .
b001110100101010 /
#3962000000
0,
b0011101001010101 .
b001110100101011 0
#3962250000
1,
b0011101001010110 .
b001110100101011 /
#3962500000
0,
b0011101001010111 .
b001110100101100 0
#3962750000
1,
b0011101001011000 .
b001110100101100 /
#3963000000
0,
b0011101001011001 .
b001110100101101 0
#3963250000
1,
b0011101001011010 .
b001110100101101 /
#3963500000
0,
b0011101001011011 .
b001110100101110 0
#3963750000
1,
b0011101001011100 .
b001110100101110 /
#3964000000
0,
b0011101001011101 .
b001110100101111 0
#3964250000
1,
b0011101001011110 .
b001110100101111 /
#3964500000
0,
b0011101001011111 .
b001110100110000 0
#3964750000
1,
b0011101001100000 .
b001110100110000 /
#3965000000
0)
0,
b0011101001100001 .
b001110100110001 0
#3965250000
1,
b0011101001100010 .
b001110100110001 /
#3965500000
0,
b0011101001100011 .
b001110100110010 0
#3965750000
1,
b0011101001100100 .
b001110100110010 /
#3966000000
0,
b0011101001100101 .
b001110100110011 0
#3966250000
1,
b0011101001100110 .
b001110100110011 /
#3966500000
0,
b0011101001100111 .
b001110100110100 0
#3966750000
1,
b0011101001101000 .
b001110100110100 /
#3967000000
0,
b0011101001101001 .
b001110100110101 0
#3967250000
1,
b0011101001101010 .
b001110100110101 /
#3967500000
0,
b0011101001101011 .
b001110100110110 0
#3967750000
1,
b0011101001101100 .
b001110100110110 /
#3968000000
0,
b0011101001101101 .
b001110100110111 0
#3968250000
1,
b0011101001101110 .
b001110100110111 /
#3968500000
0,
b0011101001101111 .
b001110100111000 0
#3968750000
1,
b0011101001110000 .
b001110100111000 /
#3969000000
0,
b0011101001110001 .
b001110100111001 0
#3969250000
1,
b0011101001110010 .
b001110100111001 /
#3969500000
0,
b0011101001110011 .
b001110100111010 0
#3969750000
1,
b0011101001110100 .
b001110100111010 /
#3970000000
0,
b0011101001110101 .
b001110100111011 0
#3970250000
1,
b0011101001110110 .
b001110100111011 /
#3970500000
0,
b0011101001110111 .
b001110100111100 0
#3970750000
1,
b0011101001111000 .
b001110100111100 /
#3971000000
0,
b0011101001111001 .
b001110100111101 0
#3971250000
1,
b0011101001111010 .
b001110100111101 /
#3971500000
0,
b0011101001111011 .
b001110100111110 0
#3971750000
1,
b0011101001111100 .
b001110100111110 /
#3972000000
0,
b0011101001111101 .
b001110100111111 0
#3972250000
1,
b0011101001111110 .
b001110100111111 /
#3972500000
0,
b0011101001111111 .
b001110101000000 0
#3972750000
1,
b0011101010000000 .
b001110101000000 /
#3973000000
0,
b0011101010000001 .
b001110101000001 0
#3973250000
1,
b0011101010000010 .
b001110101000001 /
#3973500000
0,
b0011101010000011 .
b001110101000010 0
#3973750000
1,
b0011101010000100 .
b001110101000010 /
#3974000000
0,
b0011101010000101 .
b001110101000011 0
#3974250000
1,
b0011101010000110 .
b001110101000011 /
#3974500000
0,
b0011101010000111 .
b001110101000100 0
#3974750000
1,
b0011101010001000 .
b001110101000100 /
#3975000000
0,
b0011101010001001 .
b001110101000101 0
#3975250000
1,
b0011101010001010 .
b001110101000101 /
#3975500000
0,
b0011101010001011 .
b001110101000110 0
#3975750000
1,
b0011101010001100 .
b001110101000110 /
#3976000000
0,
b0011101010001101 .
b001110101000111 0
#3976250000
1,
b0011101010001110 .
b001110101000111 /
#3976500000
0,
b0011101010001111 .
b001110101001000 0
#3976750000
1,
b0011101010010000 .
b001110101001000 /
#3977000000
0,
b0011101010010001 .
b001110101001001 0
#3977250000
1,
b0011101010010010 .
b001110101001001 /
#3977500000
0,
b0011101010010011 .
b001110101001010 0
#3977750000
1,
b0011101010010100 .
b001110101001010 /
#3978000000
0,
b0011101010010101 .
b001110101001011 0
#3978250000
1,
b0011101010010110 .
b001110101001011 /
#3978500000
0,
b0011101010010111 .
b001110101001100 0
#3978750000
1,
b0011101010011000 .
b001110101001100 /
#3979000000
0,
b0011101010011001 .
b001110101001101 0
#3979250000
1,
b0011101010011010 .
b001110101001101 /
#3979500000
0,
b0011101010011011 .
b001110101001110 0
#3979750000
1,
b0011101010011100 .
b001110101001110 /
#3980000000
0,
b0011101010011101 .
b001110101001111 0
#3980250000
b01111011 (
1)
1,
b0011101010011110 .
b001110101001111 /
#3980500000
0,
b0011101010011111 .
b001110101010000 0
#3980750000
1,
b0011101010100000 .
b001110101010000 /
#3981000000
0,
b0011101010100001 .
b001110101010001 0
#3981250000
1,
b0011101010100010 .
b001110101010001 /
#3981500000
0,
b0011101010100011 .
b001110101010010 0
#3981750000
1,
b0011101010100100 .
b001110101010010 /
#3982000000
0,
b0011101010100101 .
b001110101010011 0
#3982250000
1,
b0011101010100110 .
b001110101010011 /
#3982500000
0,
b0011101010100111 .
b001110101010100 0
#3982750000
1,
b0011101010101000 .
b001110101010100 /
#3983000000
0,
b0011101010101001 .
b001110101010101 0
#3983250000
1,
b0011101010101010 .
b001110101010101 /
#3983500000
0,
b0011101010101011 .
b001110101010110 0
#3983750000
1,
b0011101010101100 .
b001110101010110 /
#3984000000
0,
b0011101010101101 .
b001110101010111 0
#3984250000
1,
b0011101010101110 .
b001110101010111 /
#3984500000
0,
b0011101010101111 .
b001110101011000 0
#3984750000
1,
b0011101010110000 .
b001110101011000 /
#3985000000
0,
b0011101010110001 .
b001110101011001 0
#3985250000
1,
b0011101010110010 .
b001110101011001 /
#3985500000
0,
b0011101010110011 .
b001110101011010 0
#3985750000
1,
b0011101010110100 .
b001110101011010 /
#3986000000
0,
b0011101010110101 .
b001110101011011 0
#3986250000
1,
b0011101010110110 .
b001110101011011 /
#3986500000
0,
b0011101010110111 .
b001110101011100 0
#3986750000
1,
b0011101010111000 .
b001110101011100 /
#3987000000
0,
b0011101010111001 .
b001110101011101 0
#3987250000
1,
b0011101010111010 .
b001110101011101 /
#3987500000
0,
b0011101010111011 .
b001110101011110 0
#3987750000
1,
b0011101010111100 .
b001110101011110 /
#3988000000
0,
b0011101010111101 .
b001110101011111 0
#3988250000
1,
b0011101010111110 .
b001110101011111 /
#3988500000
0,
b0011101010111111 .
b001110101100000 0
#3988750000
1,
b0011101011000000 .
b001110101100000 /
#3989000000
0,
b0011101011000001 .
b001110101100001 0
#3989250000
1,
b0011101011000010 .
b001110101100001 /
#3989500000
0,
b0011101011000011 .
b001110101100010 0
#3989750000
1,
b0011101011000100 .
b001110101100010 /
#3990000000
0,
b0011101011000101 .
b001110101100011 0
#3990250000
1,
b0011101011000110 .
b001110101100011 /
#3990500000
0,
b0011101011000111 .
b001110101100100 0
#3990750000
1,
b0011101011001000 .
b001110101100100 /
#3991000000
0,
b0011101011001001 .
b001110101100101 0
#3991250000
1,
b0011101011001010 .
b001110101100101 /
#3991500000
0,
b0011101011001011 .
b001110101100110 0
#3991750000
1,
b0011101011001100 .
b001110101100110 /
#3992000000
0,
b0011101011001101 .
b001110101100111 0
#3992250000
1,
b0011101011001110 .
b001110101100111 /
#3992500000
0,
b0011101011001111 .
b001110101101000 0
#3992750000
1,
b0011101011010000 .
b001110101101000 /
#3993000000
0,
b0011101011010001 .
b001110101101001 0
#3993250000
1,
b0011101011010010 .
b001110101101001 /
#3993500000
0,
b0011101011010011 .
b001110101101010 0
#3993750000
1,
b0011101011010100 .
b001110101101010 /
#3994000000
0,
b0011101011010101 .
b001110101101011 0
#3994250000
1,
b0011101011010110 .
b001110101101011 /
#3994500000
0,
b0011101011010111 .
b001110101101100 0
#3994750000
1,
b0011101011011000 .
b001110101101100 /
#3995000000
0,
b0011101011011001 .
b001110101101101 0
#3995250000
1,
b0011101011011010 .
b001110101101101 /
#3995500000
0)
0,
b0011101011011011 .
b001110101101110 0
#3995750000
1,
b0011101011011100 .
b001110101101110 /
#3996000000
0,
b0011101011011101 .
b001110101101111 0
#3996250000
1,
b0011101011011110 .
b001110101101111 /
#3996500000
0,
b0011101011011111 .
b001110101110000 0
#3996750000
1,
b0011101011100000 .
b001110101110000 /
#3997000000
0,
b0011101011100001 .
b001110101110001 0
#3997250000
1,
b0011101011100010 .
b001110101110001 /
#3997500000
0,
b0011101011100011 .
b001110101110010 0
#3997750000
1,
b0011101011100100 .
b001110101110010 /
#3998000000
0,
b0011101011100101 .
b001110101110011 0
#3998250000
1,
b0011101011100110 .
b001110101110011 /
#3998500000
0,
b0011101011100111 .
b001110101110100 0
#3998750000
1,
b0011101011101000 .
b001110101110100 /
#3999000000
0,
b0011101011101001 .
b001110101110101 0
#3999250000
1,
b0011101011101010 .
b001110101110101 /
#3999500000
0,
b0011101011101011 .
b001110101110110 0
#3999750000
1,
b0011101011101100 .
b001110101110110 /
#4000000000
0,
b0011101011101101 .
b001110101110111 0
#4000250000
1,
b0011101011101110 .
b001110101110111 /
#4000500000
0,
b0011101011101111 .
b001110101111000 0
#4000750000
1,
b0011101011110000 .
b001110101111000 /
#4001000000
0,
b0011101011110001 .
b001110101111001 0
#4001250000
1,
b0011101011110010 .
b001110101111001 /
#4001500000
0,
b0011101011110011 .
b001110101111010 0
#4001750000
1,
b0011101011110100 .
b001110101111010 /
#4002000000
0,
b0011101011110101 .
b001110101111011 0
#4002250000
1,
b0011101011110110 .
b001110101111011 /
#4002500000
0,
b0011101011110111 .
b001110101111100 0
#4002750000
1,
b0011101011111000 .
b001110101111100 /
#4003000000
0,
b0011101011111001 .
b001110101111101 0
#4003250000
1,
b0011101011111010 .
b001110101111101 /
#4003500000
0,
b0011101011111011 .
b001110101111110 0
#4003750000
1,
b0011101011111100 .
b001110101111110 /
#4004000000
0,
b0011101011111101 .
b001110101111111 0
#4004250000
1,
b0011101011111110 .
b001110101111111 /
#4004500000
0,
b0011101011111111 .
b001110110000000 0
#4004750000
1,
b0011101100000000 .
b001110110000000 /
#4005000000
0,
b0011101100000001 .
b001110110000001 0
#4005250000
1,
b0011101100000010 .
b001110110000001 /
#4005500000
0,
b0011101100000011 .
b001110110000010 0
#4005750000
1,
b0011101100000100 .
b001110110000010 /
#4006000000
0,
b0011101100000101 .
b001110110000011 0
#4006250000
1,
b0011101100000110 .
b001110110000011 /
#4006500000
0,
b0011101100000111 .
b001110110000100 0
#4006750000
1,
b0011101100001000 .
b001110110000100 /
#4007000000
0,
b0011101100001001 .
b001110110000101 0
#4007250000
1,
b0011101100001010 .
b001110110000101 /
#4007500000
0,
b0011101100001011 .
b001110110000110 0
#4007750000
1,
b0011101100001100 .
b001110110000110 /
#4008000000
0,
b0011101100001101 .
b001110110000111 0
#4008250000
1,
b0011101100001110 .
b001110110000111 /
#4008500000
0,
b0011101100001111 .
b001110110001000 0
#4008750000
1,
b0011101100010000 .
b001110110001000 /
#4009000000
0,
b0011101100010001 .
b001110110001001 0
#4009250000
1,
b0011101100010010 .
b001110110001001 /
#4009500000
0,
b0011101100010011 .
b001110110001010 0
#4009750000
1,
b0011101100010100 .
b001110110001010 /
#4010000000
0,
b0011101100010101 .
b001110110001011 0
#4010250000
1,
b0011101100010110 .
b001110110001011 /
#4010500000
0,
b0011101100010111 .
b001110110001100 0
#4010750000
b01111100 (
1)
1,
b0011101100011000 .
b001110110001100 /
#4011000000
0,
b0011101100011001 .
b001110110001101 0
#4011250000
1,
b0011101100011010 .
b001110110001101 /
#4011500000
0,
b0011101100011011 .
b001110110001110 0
#4011750000
1,
b0011101100011100 .
b001110110001110 /
#4012000000
0,
b0011101100011101 .
b001110110001111 0
#4012250000
1,
b0011101100011110 .
b001110110001111 /
#4012500000
0,
b0011101100011111 .
b001110110010000 0
#4012750000
1,
b0011101100100000 .
b001110110010000 /
#4013000000
0,
b0011101100100001 .
b001110110010001 0
#4013250000
1,
b0011101100100010 .
b001110110010001 /
#4013500000
0,
b0011101100100011 .
b001110110010010 0
#4013750000
1,
b0011101100100100 .
b001110110010010 /
#4014000000
0,
b0011101100100101 .
b001110110010011 0
#4014250000
1,
b0011101100100110 .
b001110110010011 /
#4014500000
0,
b0011101100100111 .
b001110110010100 0
#4014750000
1,
b0011101100101000 .
b001110110010100 /
#4015000000
0,
b0011101100101001 .
b001110110010101 0
#4015250000
1,
b0011101100101010 .
b001110110010101 /
#4015500000
0,
b0011101100101011 .
b001110110010110 0
#4015750000
1,
b0011101100101100 .
b001110110010110 /
#4016000000
0,
b0011101100101101 .
b001110110010111 0
#4016250000
1,
b0011101100101110 .
b001110110010111 /
#4016500000
0,
b0011101100101111 .
b001110110011000 0
#4016750000
1,
b0011101100110000 .
b001110110011000 /
#4017000000
0,
b0011101100110001 .
b001110110011001 0
#4017250000
1,
b0011101100110010 .
b001110110011001 /
#4017500000
0,
b0011101100110011 .
b001110110011010 0
#4017750000
1,
b0011101100110100 .
b001110110011010 /
#4018000000
0,
b0011101100110101 .
b001110110011011 0
#4018250000
1,
b0011101100110110 .
b001110110011011 /
#4018500000
0,
b0011101100110111 .
b001110110011100 0
#4018750000
1,
b0011101100111000 .
b001110110011100 /
#4019000000
0,
b0011101100111001 .
b001110110011101 0
#4019250000
1,
b0011101100111010 .
b001110110011101 /
#4019500000
0,
b0011101100111011 .
b001110110011110 0
#4019750000
1,
b0011101100111100 .
b001110110011110 /
#4020000000
0,
b0011101100111101 .
b001110110011111 0
#4020250000
1,
b0011101100111110 .
b001110110011111 /
#4020500000
0,
b0011101100111111 .
b001110110100000 0
#4020750000
1,
b0011101101000000 .
b001110110100000 /
#4021000000
0,
b0011101101000001 .
b001110110100001 0
#4021250000
1,
b0011101101000010 .
b001110110100001 /
#4021500000
0,
b0011101101000011 .
b001110110100010 0
#4021750000
1,
b0011101101000100 .
b001110110100010 /
#4022000000
0,
b0011101101000101 .
b001110110100011 0
#4022250000
1,
b0011101101000110 .
b001110110100011 /
#4022500000
0,
b0011101101000111 .
b001110110100100 0
#4022750000
1,
b0011101101001000 .
b001110110100100 /
#4023000000
0,
b0011101101001001 .
b001110110100101 0
#4023250000
1,
b0011101101001010 .
b001110110100101 /
#4023500000
0,
b0011101101001011 .
b001110110100110 0
#4023750000
1,
b0011101101001100 .
b001110110100110 /
#4024000000
0,
b0011101101001101 .
b001110110100111 0
#4024250000
1,
b0011101101001110 .
b001110110100111 /
#4024500000
0,
b0011101101001111 .
b001110110101000 0
#4024750000
1,
b0011101101010000 .
b001110110101000 /
#4025000000
0,
b0011101101010001 .
b001110110101001 0
#4025250000
1,
b0011101101010010 .
b001110110101001 /
#4025500000
0,
b0011101101010011 .
b001110110101010 0
#4025750000
1,
b0011101101010100 .
b001110110101010 /
#4026000000
0)
0,
b0011101101010101 .
b001110110101011 0
#4026250000
1,
b0011101101010110 .
b001110110101011 /
#4026500000
0,
b0011101101010111 .
b001110110101100 0
#4026750000
1,
b0011101101011000 .
b001110110101100 /
#4027000000
0,
b0011101101011001 .
b001110110101101 0
#4027250000
1,
b0011101101011010 .
b001110110101101 /
#4027500000
0,
b0011101101011011 .
b001110110101110 0
#4027750000
1,
b0011101101011100 .
b001110110101110 /
#4028000000
0,
b0011101101011101 .
b001110110101111 0
#4028250000
1,
b0011101101011110 .
b001110110101111 /
#4028500000
0,
b0011101101011111 .
b001110110110000 0
#4028750000
1,
b0011101101100000 .
b001110110110000 /
#4029000000
0,
b0011101101100001 .
b001110110110001 0
#4029250000
1,
b0011101101100010 .
b001110110110001 /
#4029500000
0,
b0011101101100011 .
b001110110110010 0
#4029750000
1,
b0011101101100100 .
b001110110110010 /
#4030000000
0,
b0011101101100101 .
b001110110110011 0
#4030250000
1,
b0011101101100110 .
b001110110110011 /
#4030500000
0,
b0011101101100111 .
b001110110110100 0
#4030750000
1,
b0011101101101000 .
b001110110110100 /
#4031000000
0,
b0011101101101001 .
b001110110110101 0
#4031250000
1,
b0011101101101010 .
b001110110110101 /
#4031500000
0,
b0011101101101011 .
b001110110110110 0
#4031750000
1,
b0011101101101100 .
b001110110110110 /
#4032000000
0,
b0011101101101101 .
b001110110110111 0
#4032250000
1,
b0011101101101110 .
b001110110110111 /
#4032500000
0,
b0011101101101111 .
b001110110111000 0
#4032750000
1,
b0011101101110000 .
b001110110111000 /
#4033000000
0,
b0011101101110001 .
b001110110111001 0
#4033250000
1,
b0011101101110010 .
b001110110111001 /
#4033500000
0,
b0011101101110011 .
b001110110111010 0
#4033750000
1,
b0011101101110100 .
b001110110111010 /
#4034000000
0,
b0011101101110101 .
b001110110111011 0
#4034250000
1,
b0011101101110110 .
b001110110111011 /
#4034500000
0,
b0011101101110111 .
b001110110111100 0
#4034750000
1,
b0011101101111000 .
b001110110111100 /
#4035000000
0,
b0011101101111001 .
b001110110111101 0
#4035250000
1,
b0011101101111010 .
b001110110111101 /
#4035500000
0,
b0011101101111011 .
b001110110111110 0
#4035750000
1,
b0011101101111100 .
b001110110111110 /
#4036000000
0,
b0011101101111101 .
b001110110111111 0
#4036250000
1,
b0011101101111110 .
b001110110111111 /
#4036500000
0,
b0011101101111111 .
b001110111000000 0
#4036750000
1,
b0011101110000000 .
b001110111000000 /
#4037000000
0,
b0011101110000001 .
b001110111000001 0
#4037250000
1,
b0011101110000010 .
b001110111000001 /
#4037500000
0,
b0011101110000011 .
b001110111000010 0
#4037750000
1,
b0011101110000100 .
b001110111000010 /
#4038000000
0,
b0011101110000101 .
b001110111000011 0
#4038250000
1,
b0011101110000110 .
b001110111000011 /
#4038500000
0,
b0011101110000111 .
b001110111000100 0
#4038750000
1,
b0011101110001000 .
b001110111000100 /
#4039000000
0,
b0011101110001001 .
b001110111000101 0
#4039250000
1,
b0011101110001010 .
b001110111000101 /
#4039500000
0,
b0011101110001011 .
b001110111000110 0
#4039750000
1,
b0011101110001100 .
b001110111000110 /
#4040000000
0,
b0011101110001101 .
b001110111000111 0
#4040250000
1,
b0011101110001110 .
b001110111000111 /
#4040500000
0,
b0011101110001111 .
b001110111001000 0
#4040750000
1,
b0011101110010000 .
b001110111001000 /
#4041000000
0,
b0011101110010001 .
b001110111001001 0
#4041250000
b01111101 (
1)
1,
b0011101110010010 .
b001110111001001 /
#4041500000
0,
b0011101110010011 .
b001110111001010 0
#4041750000
1,
b0011101110010100 .
b001110111001010 /
#4042000000
0,
b0011101110010101 .
b001110111001011 0
#4042250000
1,
b0011101110010110 .
b001110111001011 /
#4042500000
0,
b0011101110010111 .
b001110111001100 0
#4042750000
1,
b0011101110011000 .
b001110111001100 /
#4043000000
0,
b0011101110011001 .
b001110111001101 0
#4043250000
1,
b0011101110011010 .
b001110111001101 /
#4043500000
0,
b0011101110011011 .
b001110111001110 0
#4043750000
1,
b0011101110011100 .
b001110111001110 /
#4044000000
0,
b0011101110011101 .
b001110111001111 0
#4044250000
1,
b0011101110011110 .
b001110111001111 /
#4044500000
0,
b0011101110011111 .
b001110111010000 0
#4044750000
1,
b0011101110100000 .
b001110111010000 /
#4045000000
0,
b0011101110100001 .
b001110111010001 0
#4045250000
1,
b0011101110100010 .
b001110111010001 /
#4045500000
0,
b0011101110100011 .
b001110111010010 0
#4045750000
1,
b0011101110100100 .
b001110111010010 /
#4046000000
0,
b0011101110100101 .
b001110111010011 0
#4046250000
1,
b0011101110100110 .
b001110111010011 /
#4046500000
0,
b0011101110100111 .
b001110111010100 0
#4046750000
1,
b0011101110101000 .
b001110111010100 /
#4047000000
0,
b0011101110101001 .
b001110111010101 0
#4047250000
1,
b0011101110101010 .
b001110111010101 /
#4047500000
0,
b0011101110101011 .
b001110111010110 0
#4047750000
1,
b0011101110101100 .
b001110111010110 /
#4048000000
0,
b0011101110101101 .
b001110111010111 0
#4048250000
1,
b0011101110101110 .
b001110111010111 /
#4048500000
0,
b0011101110101111 .
b001110111011000 0
#4048750000
1,
b0011101110110000 .
b001110111011000 /
#4049000000
0,
b0011101110110001 .
b001110111011001 0
#4049250000
1,
b0011101110110010 .
b001110111011001 /
#4049500000
0,
b0011101110110011 .
b001110111011010 0
#4049750000
1,
b0011101110110100 .
b001110111011010 /
#4050000000
0,
b0011101110110101 .
b001110111011011 0
#4050250000
1,
b0011101110110110 .
b001110111011011 /
#4050500000
0,
b0011101110110111 .
b001110111011100 0
#4050750000
1,
b0011101110111000 .
b001110111011100 /
#4051000000
0,
b0011101110111001 .
b001110111011101 0
#4051250000
1,
b0011101110111010 .
b001110111011101 /
#4051500000
0,
b0011101110111011 .
b001110111011110 0
#4051750000
1,
b0011101110111100 .
b001110111011110 /
#4052000000
0,
b0011101110111101 .
b001110111011111 0
#4052250000
1,
b0011101110111110 .
b001110111011111 /
#4052500000
0,
b0011101110111111 .
b001110111100000 0
#4052750000
1,
b0011101111000000 .
b001110111100000 /
#4053000000
0,
b0011101111000001 .
b001110111100001 0
#4053250000
1,
b0011101111000010 .
b001110111100001 /
#4053500000
0,
b0011101111000011 .
b001110111100010 0
#4053750000
1,
b0011101111000100 .
b001110111100010 /
#4054000000
0,
b0011101111000101 .
b001110111100011 0
#4054250000
1,
b0011101111000110 .
b001110111100011 /
#4054500000
0,
b0011101111000111 .
b001110111100100 0
#4054750000
1,
b0011101111001000 .
b001110111100100 /
#4055000000
0,
b0011101111001001 .
b001110111100101 0
#4055250000
1,
b0011101111001010 .
b001110111100101 /
#4055500000
0,
b0011101111001011 .
b001110111100110 0
#4055750000
1,
b0011101111001100 .
b001110111100110 /
#4056000000
0,
b0011101111001101 .
b001110111100111 0
#4056250000
1,
b0011101111001110 .
b001110111100111 /
#4056500000
0)
0,
b0011101111001111 .
b001110111101000 0
#4056750000
1,
b0011101111010000 .
b001110111101000 /
#4057000000
0,
b0011101111010001 .
b001110111101001 0
#4057250000
1,
b0011101111010010 .
b001110111101001 /
#4057500000
0,
b0011101111010011 .
b001110111101010 0
#4057750000
1,
b0011101111010100 .
b001110111101010 /
#4058000000
0,
b0011101111010101 .
b001110111101011 0
#4058250000
1,
b0011101111010110 .
b001110111101011 /
#4058500000
0,
b0011101111010111 .
b001110111101100 0
#4058750000
1,
b0011101111011000 .
b001110111101100 /
#4059000000
0,
b0011101111011001 .
b001110111101101 0
#4059250000
1,
b0011101111011010 .
b001110111101101 /
#4059500000
0,
b0011101111011011 .
b001110111101110 0
#4059750000
1,
b0011101111011100 .
b001110111101110 /
#4060000000
0,
b0011101111011101 .
b001110111101111 0
#4060250000
1,
b0011101111011110 .
b001110111101111 /
#4060500000
0,
b0011101111011111 .
b001110111110000 0
#4060750000
1,
b0011101111100000 .
b001110111110000 /
#4061000000
0,
b0011101111100001 .
b001110111110001 0
#4061250000
1,
b0011101111100010 .
b001110111110001 /
#4061500000
0,
b0011101111100011 .
b001110111110010 0
#4061750000
1,
b0011101111100100 .
b001110111110010 /
#4062000000
0,
b0011101111100101 .
b001110111110011 0
#4062250000
1,
b0011101111100110 .
b001110111110011 /
#4062500000
0,
b0011101111100111 .
b001110111110100 0
#4062750000
1,
b0011101111101000 .
b001110111110100 /
#4063000000
0,
b0011101111101001 .
b001110111110101 0
#4063250000
1,
b0011101111101010 .
b001110111110101 /
#4063500000
0,
b0011101111101011 .
b001110111110110 0
#4063750000
1,
b0011101111101100 .
b001110111110110 /
#4064000000
0,
b0011101111101101 .
b001110111110111 0
#4064250000
1,
b0011101111101110 .
b001110111110111 /
#4064500000
0,
b0011101111101111 .
b001110111111000 0
#4064750000
1,
b0011101111110000 .
b001110111111000 /
#4065000000
0,
b0011101111110001 .
b001110111111001 0
#4065250000
1,
b0011101111110010 .
b001110111111001 /
#4065500000
0,
b0011101111110011 .
b001110111111010 0
#4065750000
1,
b0011101111110100 .
b001110111111010 /
#4066000000
0,
b0011101111110101 .
b001110111111011 0
#4066250000
1,
b0011101111110110 .
b001110111111011 /
#4066500000
0,
b0011101111110111 .
b001110111111100 0
#4066750000
1,
b0011101111111000 .
b001110111111100 /
#4067000000
0,
b0011101111111001 .
b001110111111101 0
#4067250000
1,
b0011101111111010 .
b001110111111101 /
#4067500000
0,
b0011101111111011 .
b001110111111110 0
#4067750000
1,
b0011101111111100 .
b001110111111110 /
#4068000000
0,
b0011101111111101 .
b001110111111111 0
#4068250000
1,
b0011101111111110 .
b001110111111111 /
#4068500000
0,
b0011101111111111 .
b001111000000000 0
#4068750000
1,
b0011110000000000 .
b001111000000000 /
#4069000000
0,
b0011110000000001 .
b001111000000001 0
#4069250000
1,
b0011110000000010 .
b001111000000001 /
#4069500000
0,
b0011110000000011 .
b001111000000010 0
#4069750000
1,
b0011110000000100 .
b001111000000010 /
#4070000000
0,
b0011110000000101 .
b001111000000011 0
#4070250000
1,
b0011110000000110 .
b001111000000011 /
#4070500000
0,
b0011110000000111 .
b001111000000100 0
#4070750000
1,
b0011110000001000 .
b001111000000100 /
#4071000000
0,
b0011110000001001 .
b001111000000101 0
#4071250000
1,
b0011110000001010 .
b001111000000101 /
#4071500000
0,
b0011110000001011 .
b001111000000110 0
#4071750000
b01111110 (
1)
1,
b0011110000001100 .
b001111000000110 /
#4072000000
0,
b0011110000001101 .
b001111000000111 0
#4072250000
1,
b0011110000001110 .
b001111000000111 /
#4072500000
0,
b0011110000001111 .
b001111000001000 0
#4072750000
1,
b0011110000010000 .
b001111000001000 /
#4073000000
0,
b0011110000010001 .
b001111000001001 0
#4073250000
1,
b0011110000010010 .
b001111000001001 /
#4073500000
0,
b0011110000010011 .
b001111000001010 0
#4073750000
1,
b0011110000010100 .
b001111000001010 /
#4074000000
0,
b0011110000010101 .
b001111000001011 0
#4074250000
1,
b0011110000010110 .
b001111000001011 /
#4074500000
0,
b0011110000010111 .
b001111000001100 0
#4074750000
1,
b0011110000011000 .
b001111000001100 /
#4075000000
0,
b0011110000011001 .
b001111000001101 0
#4075250000
1,
b0011110000011010 .
b001111000001101 /
#4075500000
0,
b0011110000011011 .
b001111000001110 0
#4075750000
1,
b0011110000011100 .
b001111000001110 /
#4076000000
0,
b0011110000011101 .
b001111000001111 0
#4076250000
1,
b0011110000011110 .
b001111000001111 /
#4076500000
0,
b0011110000011111 .
b001111000010000 0
#4076750000
1,
b0011110000100000 .
b001111000010000 /
#4077000000
0,
b0011110000100001 .
b001111000010001 0
#4077250000
1,
b0011110000100010 .
b001111000010001 /
#4077500000
0,
b0011110000100011 .
b001111000010010 0
#4077750000
1,
b0011110000100100 .
b001111000010010 /
#4078000000
0,
b0011110000100101 .
b001111000010011 0
#4078250000
1,
b0011110000100110 .
b001111000010011 /
#4078500000
0,
b0011110000100111 .
b001111000010100 0
#4078750000
1,
b0011110000101000 .
b001111000010100 /
#4079000000
0,
b0011110000101001 .
b001111000010101 0
#4079250000
1,
b0011110000101010 .
b001111000010101 /
#4079500000
0,
b0011110000101011 .
b001111000010110 0
#4079750000
1,
b0011110000101100 .
b001111000010110 /
#4080000000
0,
b0011110000101101 .
b001111000010111 0
#4080250000
1,
b0011110000101110 .
b001111000010111 /
#4080500000
0,
b0011110000101111 .
b001111000011000 0
#4080750000
1,
b0011110000110000 .
b001111000011000 /
#4081000000
0,
b0011110000110001 .
b001111000011001 0
#4081250000
1,
b0011110000110010 .
b001111000011001 /
#4081500000
0,
b0011110000110011 .
b001111000011010 0
#4081750000
1,
b0011110000110100 .
b001111000011010 /
#4082000000
0,
b0011110000110101 .
b001111000011011 0
#4082250000
1,
b0011110000110110 .
b001111000011011 /
#4082500000
0,
b0011110000110111 .
b001111000011100 0
#4082750000
1,
b0011110000111000 .
b001111000011100 /
#4083000000
0,
b0011110000111001 .
b001111000011101 0
#4083250000
1,
b0011110000111010 .
b001111000011101 /
#4083500000
0,
b0011110000111011 .
b001111000011110 0
#4083750000
1,
b0011110000111100 .
b001111000011110 /
#4084000000
0,
b0011110000111101 .
b001111000011111 0
#4084250000
1,
b0011110000111110 .
b001111000011111 /
#4084500000
0,
b0011110000111111 .
b001111000100000 0
#4084750000
1,
b0011110001000000 .
b001111000100000 /
#4085000000
0,
b0011110001000001 .
b001111000100001 0
#4085250000
1,
b0011110001000010 .
b001111000100001 /
#4085500000
0,
b0011110001000011 .
b001111000100010 0
#4085750000
1,
b0011110001000100 .
b001111000100010 /
#4086000000
0,
b0011110001000101 .
b001111000100011 0
#4086250000
1,
b0011110001000110 .
b001111000100011 /
#4086500000
0,
b0011110001000111 .
b001111000100100 0
#4086750000
1,
b0011110001001000 .
b001111000100100 /
#4087000000
0)
0,
b0011110001001001 .
b001111000100101 0
#4087250000
1,
b0011110001001010 .
b001111000100101 /
#4087500000
0,
b0011110001001011 .
b001111000100110 0
#4087750000
1,
b0011110001001100 .
b001111000100110 /
#4088000000
0,
b0011110001001101 .
b001111000100111 0
#4088250000
1,
b0011110001001110 .
b001111000100111 /
#4088500000
0,
b0011110001001111 .
b001111000101000 0
#4088750000
1,
b0011110001010000 .
b001111000101000 /
#4089000000
0,
b0011110001010001 .
b001111000101001 0
#4089250000
1,
b0011110001010010 .
b001111000101001 /
#4089500000
0,
b0011110001010011 .
b001111000101010 0
#4089750000
1,
b0011110001010100 .
b001111000101010 /
#4090000000
0,
b0011110001010101 .
b001111000101011 0
#4090250000
1,
b0011110001010110 .
b001111000101011 /
#4090500000
0,
b0011110001010111 .
b001111000101100 0
#4090750000
1,
b0011110001011000 .
b001111000101100 /
#4091000000
0,
b0011110001011001 .
b001111000101101 0
#4091250000
1,
b0011110001011010 .
b001111000101101 /
#4091500000
0,
b0011110001011011 .
b001111000101110 0
#4091750000
1,
b0011110001011100 .
b001111000101110 /
#4092000000
0,
b0011110001011101 .
b001111000101111 0
#4092250000
1,
b0011110001011110 .
b001111000101111 /
#4092500000
0,
b0011110001011111 .
b001111000110000 0
#4092750000
1,
b0011110001100000 .
b001111000110000 /
#4093000000
0,
b0011110001100001 .
b001111000110001 0
#4093250000
1,
b0011110001100010 .
b001111000110001 /
#4093500000
0,
b0011110001100011 .
b001111000110010 0
#4093750000
1,
b0011110001100100 .
b001111000110010 /
#4094000000
0,
b0011110001100101 .
b001111000110011 0
#4094250000
1,
b0011110001100110 .
b001111000110011 /
#4094500000
0,
b0011110001100111 .
b001111000110100 0
#4094750000
1,
b0011110001101000 .
b001111000110100 /
#4095000000
0,
b0011110001101001 .
b001111000110101 0
#4095250000
1,
b0011110001101010 .
b001111000110101 /
#4095500000
0,
b0011110001101011 .
b001111000110110 0
#4095750000
1,
b0011110001101100 .
b001111000110110 /
#4096000000
0,
b0011110001101101 .
b001111000110111 0
#4096250000
1,
b0011110001101110 .
b001111000110111 /
#4096500000
0,
b0011110001101111 .
b001111000111000 0
#4096750000
1,
b0011110001110000 .
b001111000111000 /
#4097000000
0,
b0011110001110001 .
b001111000111001 0
#4097250000
1,
b0011110001110010 .
b001111000111001 /
#4097500000
0,
b0011110001110011 .
b001111000111010 0
#4097750000
1,
b0011110001110100 .
b001111000111010 /
#4098000000
0,
b0011110001110101 .
b001111000111011 0
#4098250000
1,
b0011110001110110 .
b001111000111011 /
#4098500000
0,
b0011110001110111 .
b001111000111100 0
#4098750000
1,
b0011110001111000 .
b001111000111100 /
#4099000000
0,
b0011110001111001 .
b001111000111101 0
#4099250000
1,
b0011110001111010 .
b001111000111101 /
#4099500000
0,
b0011110001111011 .
b001111000111110 0
#4099750000
1,
b0011110001111100 .
b001111000111110 /
#4100000000
0,
b0011110001111101 .
b001111000111111 0
#4100250000
1,
b0011110001111110 .
b001111000111111 /
#4100500000
0,
b0011110001111111 .
b001111001000000 0
#4100750000
1,
b0011110010000000 .
b001111001000000 /
#4101000000
0,
b0011110010000001 .
b001111001000001 0
#4101250000
1,
b0011110010000010 .
b001111001000001 /
#4101500000
0,
b0011110010000011 .
b001111001000010 0
#4101750000
1,
b0011110010000100 .
b001111001000010 /
#4102000000
0,
b0011110010000101 .
b001111001000011 0
#4102250000
b01111111 (
1)
1,
b11 -
b0011110010000110 .
b001111001000011 /
#4102500000
0,
b0011110010000111 .
b001111001000100 0
#4102750000
1,
b0011110010001000 .
b001111001000100 /
#4103000000
0,
b0011110010001001 .
b001111001000101 0
#4103250000
1,
b0011110010001010 .
b001111001000101 /
#4103500000
0,
b0011110010001011 .
b001111001000110 0
#4103750000
1,
b0011110010001100 .
b001111001000110 /
#4104000000
0,
b0011110010001101 .
b001111001000111 0
#4104250000
1,
b0011110010001110 .
b001111001000111 /
#4104500000
0,
b0011110010001111 .
b001111001001000 0
#4104750000
1,
b0011110010010000 .
b001111001001000 /
#4105000000
0,
b0011110010010001 .
b001111001001001 0
#4105250000
1,
b0011110010010010 .
b001111001001001 /
#4105500000
0,
b0011110010010011 .
b001111001001010 0
#4105750000
1,
b0011110010010100 .
b001111001001010 /
#4106000000
0,
b0011110010010101 .
b001111001001011 0
#4106250000
1,
b0011110010010110 .
b001111001001011 /
#4106500000
0,
b0011110010010111 .
b001111001001100 0
#4106750000
1,
b0011110010011000 .
b001111001001100 /
#4107000000
0,
b0011110010011001 .
b001111001001101 0
#4107250000
1,
b0011110010011010 .
b001111001001101 /
#4107500000
0,
b0011110010011011 .
b001111001001110 0
#4107750000
1,
b0011110010011100 .
b001111001001110 /
#4108000000
0,
b0011110010011101 .
b001111001001111 0
#4108250000
1,
b0011110010011110 .
b001111001001111 /
#4108500000
0,
b0011110010011111 .
b001111001010000 0
#4108750000
1,
b0011110010100000 .
b001111001010000 /
#4109000000
0,
b0011110010100001 .
b001111001010001 0
#4109250000
1,
b0011110010100010 .
b001111001010001 /
#4109500000
0,
b0011110010100011 .
b001111001010010 0
#4109750000
1,
b0011110010100100 .
b001111001010010 /
#4110000000
0,
b0011110010100101 .
b001111001010011 0
#4110250000
1,
b0011110010100110 .
b001111001010011 /
#4110500000
0,
b0011110010100111 .
b001111001010100 0
#4110750000
1,
b0011110010101000 .
b001111001010100 /
#4111000000
0,
b0011110010101001 .
b001111001010101 0
#4111250000
1,
b0011110010101010 .
b001111001010101 /
#4111500000
0,
b0011110010101011 .
b001111001010110 0
#4111750000
1,
b0011110010101100 .
b001111001010110 /
#4112000000
0,
b0011110010101101 .
b001111001010111 0
#4112250000
1,
b0011110010101110 .
b001111001010111 /
#4112500000
0,
b0011110010101111 .
b001111001011000 0
#4112750000
1,
b0011110010110000 .
b001111001011000 /
#4113000000
0,
b0011110010110001 .
b001111001011001 0
#4113250000
1,
b0011110010110010 .
b001111001011001 /
#4113500000
0,
b0011110010110011 .
b001111001011010 0
#4113750000
1,
b0011110010110100 .
b001111001011010 /
#4114000000
0,
b0011110010110101 .
b001111001011011 0
#4114250000
1,
b0011110010110110 .
b001111001011011 /
#4114500000
0,
b0011110010110111 .
b001111001011100 0
#4114750000
1,
b0011110010111000 .
b001111001011100 /
#4115000000
0,
b0011110010111001 .
b001111001011101 0
#4115250000
1,
b0011110010111010 .
b001111001011101 /
#4115500000
0,
b0011110010111011 .
b001111001011110 0
#4115750000
1,
b0011110010111100 .
b001111001011110 /
#4116000000
0,
b0011110010111101 .
b001111001011111 0
#4116250000
1,
b0011110010111110 .
b001111001011111 /
#4116500000
0,
b0011110010111111 .
b001111001100000 0
#4116750000
1,
b0011110011000000 .
b001111001100000 /
#4117000000
0,
b0011110011000001 .
b001111001100001 0
#4117250000
1,
b0011110011000010 .
b001111001100001 /
#4117500000
0)
0,
b0011110011000011 .
b001111001100010 0
#4117750000
1,
b0011110011000100 .
b001111001100010 /
#4118000000
0,
b0011110011000101 .
b001111001100011 0
#4118250000
1,
b0011110011000110 .
b001111001100011 /
#4118500000
0,
b0011110011000111 .
b001111001100100 0
#4118750000
1,
b0011110011001000 .
b001111001100100 /
#4119000000
0,
b0011110011001001 .
b001111001100101 0
#4119250000
1,
b0011110011001010 .
b001111001100101 /
#4119500000
0,
b0011110011001011 .
b001111001100110 0
#4119750000
1,
b0011110011001100 .
b001111001100110 /
#4120000000
0,
b0011110011001101 .
b001111001100111 0
#4120250000
1,
b0011110011001110 .
b001111001100111 /
#4120500000
0,
b0011110011001111 .
b001111001101000 0
#4120750000
1,
b0011110011010000 .
b001111001101000 /
#4121000000
0,
b0011110011010001 .
b001111001101001 0
#4121250000
1,
b0011110011010010 .
b001111001101001 /
#4121500000
0,
b0011110011010011 .
b001111001101010 0
#4121750000
1,
b0011110011010100 .
b001111001101010 /
#4122000000
0,
b0011110011010101 .
b001111001101011 0
#4122250000
1,
b0011110011010110 .
b001111001101011 /
#4122500000
0,
b0011110011010111 .
b001111001101100 0
#4122750000
1,
b0011110011011000 .
b001111001101100 /
#4123000000
0,
b0011110011011001 .
b001111001101101 0
#4123250000
1,
b0011110011011010 .
b001111001101101 /
#4123500000
0,
b0011110011011011 .
b001111001101110 0
#4123750000
1,
b0011110011011100 .
b001111001101110 /
#4124000000
0,
b0011110011011101 .
b001111001101111 0
#4124250000
1,
b0011110011011110 .
b001111001101111 /
#4124500000
0,
b0011110011011111 .
b001111001110000 0
#4124750000
1,
b0011110011100000 .
b001111001110000 /
#4125000000
0,
b0011110011100001 .
b001111001110001 0
#4125250000
1,
b0011110011100010 .
b001111001110001 /
#4125500000
0,
b0011110011100011 .
b001111001110010 0
#4125750000
1,
b0011110011100100 .
b001111001110010 /
#4126000000
0,
b0011110011100101 .
b001111001110011 0
#4126250000
1,
b0011110011100110 .
b001111001110011 /
#4126500000
0,
b0011110011100111 .
b001111001110100 0
#4126750000
1,
b0011110011101000 .
b001111001110100 /
#4127000000
0,
b0011110011101001 .
b001111001110101 0
#4127250000
1,
b0011110011101010 .
b001111001110101 /
#4127500000
0,
b0011110011101011 .
b001111001110110 0
#4127750000
1,
b0011110011101100 .
b001111001110110 /
#4128000000
0,
b0011110011101101 .
b001111001110111 0
#4128250000
1,
b0011110011101110 .
b001111001110111 /
#4128500000
0,
b0011110011101111 .
b001111001111000 0
#4128750000
1,
b0011110011110000 .
b001111001111000 /
#4129000000
0,
b0011110011110001 .
b001111001111001 0
#4129250000
1,
b0011110011110010 .
b001111001111001 /
#4129500000
0,
b0011110011110011 .
b001111001111010 0
#4129750000
1,
b0011110011110100 .
b001111001111010 /
#4130000000
0,
b0011110011110101 .
b001111001111011 0
#4130250000
1,
b0011110011110110 .
b001111001111011 /
#4130500000
0,
b0011110011110111 .
b001111001111100 0
#4130750000
1,
b0011110011111000 .
b001111001111100 /
#4131000000
0,
b0011110011111001 .
b001111001111101 0
#4131250000
1,
b0011110011111010 .
b001111001111101 /
#4131500000
0,
b0011110011111011 .
b001111001111110 0
#4131750000
1,
b0011110011111100 .
b001111001111110 /
#4132000000
0,
b0011110011111101 .
b001111001111111 0
#4132250000
1,
b0011110011111110 .
b001111001111111 /
#4132500000
0,
b0011110011111111 .
b001111010000000 0
#4132750000
0$
b11 &
b10000000 (
1)
1,
b10 -
b0011110100000000 .
b001111010000000 /
#4133000000
0,
#4133250000
1,
#4133500000
0,
#4133750000
1,
#4134000000
0,
#4134250000
1,
#4134500000
0,
#4134750000
1,
#4135000000
0,
#4135250000
1,
#4135500000
0,
#4135750000
1,
#4136000000
0,
#4136250000
1,
#4136500000
0,
#4136750000
1,
#4137000000
0,
#4137250000
1,
#4137500000
0,
#4137750000
1,
#4138000000
0,
#4138250000
1,
#4138500000
0,
#4138750000
1,
#4139000000
0,
#4139250000
1,
#4139500000
0,
#4139750000
1,
#4140000000
0,
#4140250000
1,
#4140500000
0,
#4140750000
1,
#4141000000
0,
#4141250000
1,
#4141500000
0,
#4141750000
1,
#4142000000
0,
#4142250000
1,
#4142500000
0,
#4142750000
1,
#4143000000
0,
#4143250000
1,
#4143500000
0,
#4143750000
1,
#4144000000
0,
#4144250000
1,
#4144500000
0,
#4144750000
1,
#4145000000
0,
#4145250000
1,
#4145500000
0,
#4145750000
1,
#4146000000
0,
#4146250000
1,
#4146500000
0,
#4146750000
1,
#4147000000
0,
#4147250000
1,
#4147500000
0,
#4147750000
1,
#4148000000
0)
0,
#4148250000
1,
#4148500000
0,
#4148750000
1,
#4149000000
0,
#4149250000
1,
#4149500000
0,
#4149750000
1,
#4150000000
0,
#4150250000
1,
#4150500000
0,
#4150750000
1,
#4151000000
0,
#4151250000
1,
#4151500000
0,
#4151750000
1,
#4152000000
0,
#4152250000
1,
#4152500000
0,
#4152750000
1,
#4153000000
0,
#4153250000
1,
#4153500000
0,
#4153750000
1,
#4154000000
0,
#4154250000
1,
#4154500000
0,
#4154750000
1,
#4155000000
0,
#4155250000
1,
#4155500000
0,
#4155750000
1,
#4156000000
0,
#4156250000
1,
#4156500000
0,
#4156750000
1,
#4157000000
0,
#4157250000
1,
#4157500000
0,
#4157750000
1,
#4158000000
0,
#4158250000
1,
#4158500000
0,
#4158750000
1,
#4159000000
0,
#4159250000
1,
#4159500000
0,
#4159750000
1,
#4160000000
0,
#4160250000
1,
#4160500000
0,
#4160750000
1,
#4161000000
0,
#4161250000
1,
#4161500000
0,
#4161750000
1,
#4162000000
0,
#4162250000
1,
#4162500000
0,
#4162750000
1,
#4163000000
0,
#4163250000
b10 &
b00000000 (
1)
1,
b00 -
#4163500000
0,
#4163750000
1,
#4164000000
0,
#4164250000
1,
#4164500000
0,
#4164750000
1,
#4165000000
0,
#4165250000
1,
#4165500000
0,
#4165750000
1,
#4166000000
0,
#4166250000
1,
#4166500000
0,
#4166750000
1,
#4167000000
0,
#4167250000
1,
#4167500000
0,
#4167750000
1,
#4168000000
0,
#4168250000
1,
#4168500000
0,
#4168750000
1,
#4169000000
0,
#4169250000
1,
#4169500000
0,
#4169750000
1,
#4170000000
0,
#4170250000
1,
#4170500000
0,
#4170750000
1,
#4171000000
0,
#4171250000
1,
#4171500000
0,
#4171750000
1,
#4172000000
0,
#4172250000
1,
#4172500000
0,
#4172750000
1,
#4173000000
0,
#4173250000
1,
#4173500000
0,
#4173750000
1,
#4174000000
0,
#4174250000
1,
#4174500000
0,
#4174750000
1,
#4175000000
0,
#4175250000
1,
#4175500000
0,
#4175750000
1,
#4176000000
0,
#4176250000
1,
#4176500000
0,
#4176750000
1,
#4177000000
0,
#4177250000
1,
#4177500000
0,
#4177750000
1,
#4178000000
0,
#4178250000
1,
#4178500000
0)
0,
#4178750000
1,
#4179000000
0,
#4179250000
1,
#4179500000
0,
#4179750000
1,
#4180000000
0,
#4180250000
1,
#4180500000
0,
#4180750000
1,
#4181000000
0,
#4181250000
1,
#4181500000
0,
#4181750000
1,
#4182000000
0,
#4182250000
1,
#4182500000
0,
#4182750000
1,
#4183000000
0,
#4183250000
1,
#4183500000
0,
#4183750000
1,
#4184000000
0,
#4184250000
1,
#4184500000
0,
#4184750000
1,
#4185000000
0,
#4185250000
1,
#4185500000
0,
#4185750000
1,
#4186000000
0,
#4186250000
1,
#4186500000
0,
#4186750000
1,
#4187000000
0,
#4187250000
1,
#4187500000
0,
#4187750000
1,
#4188000000
0,
#4188250000
1,
#4188500000
0,
#4188750000
1,
#4189000000
0,
#4189250000
1,
#4189500000
0,
#4189750000
1,
#4190000000
0,
#4190250000
1,
#4190500000
0,
#4190750000
1,
#4191000000
0,
#4191250000
1,
#4191500000
0,
#4191750000
1,
#4192000000
0,
#4192250000
1,
#4192500000
0,
#4192750000
1,
#4193000000
0,
#4193250000
1,
#4193500000
0,
#4193750000
b0011110100000000 #
b0000000001111010 %
b00 &
1'
1)
1,
b0000000000000000 .
b000000000000000 /
b000000000000000 0
#4194000000
0,
#4194250000
1,
#4194500000
0,
#4194750000
1,
#4195000000
0,
#4195250000
1,
#4195500000
0,
#4195750000
1,
#4196000000
0,
#4196250000
1,
#4196500000
0,
#4196750000
1,
#4197000000
0,
#4197250000
1,
#4197500000
0,
#4197750000
1,
#4198000000
0,
#4198250000
1,
#4198500000
0,
#4198750000
1,
#4199000000
0,
#4199250000
1,
#4199500000
0,
#4199750000
1,
#4200000000
0,
#4200250000
1,
#4200500000
0,
#4200750000
1,
#4201000000
0,
#4201250000
1,
#4201500000
0,
#4201750000
1,
#4202000000
0,
#4202250000
1,
#4202500000
0,
#4202750000
1,
#4203000000
0,
#4203250000
1,
#4203500000
0,
#4203750000
1,
#4204000000
0,
#4204250000
1,
#4204500000
0,
#4204750000
1,
#4205000000
0,
#4205250000
1,
#4205500000
0,
#4205750000
1,
#4206000000
0,
#4206250000
1,
#4206500000
0,
#4206750000
1,
#4207000000
0,
#4207250000
1,
#4207500000
0,
#4207750000
1,
#4208000000
0,
#4208250000
1,
#4208500000
0,
#4208750000
1,
#4209000000
0)
0,
#4209250000
1,
#4209500000
0,
#4209750000
1,
#4210000000
0,
#4210250000
1,
#4210500000
0,
#4210750000
1,
#4211000000
0,
#4211250000
1,
#4211500000
0,
#4211750000
1,
#4212000000
0,
#4212250000
1,
#4212500000
0,
#4212750000
1,
#4213000000
0,
#4213250000
1,
#4213500000
0,
#4213750000
1,
#4214000000
0,
#4214250000
1,
#4214500000
0,
#4214750000
1,
#4215000000
0,
#4215250000
1,
#4215500000
0,
#4215750000
1,
#4216000000
0,
#4216250000
1,
#4216500000
0,
#4216750000
1,
#4217000000
0,
#4217250000
1,
#4217500000
0,
#4217750000
1,
#4218000000
0,
#4218250000
1,
#4218500000
0,
#4218750000
1,
#4219000000
0,
#4219250000
1,
#4219500000
0,
#4219750000
1,
#4220000000
0,
#4220250000
1,
#4220500000
0,
#4220750000
1,
#4221000000
0,
#4221250000
1,
#4221500000
0,
#4221750000
1,
#4222000000
0,
#4222250000
1,
#4222500000
0,
#4222750000
1,
#4223000000
0,
#4223250000
1,
#4223500000
0,
#4223750000
1,
#4224000000
0,
#4224250000
1)
1,
#4224500000
0,
#4224750000
1,
#4225000000
0,
#4225250000
1,
#4225500000
0,
#4225750000
1,
#4226000000
0,
#4226250000
1,
#4226500000
0,
#4226750000
1,
#4227000000
0,
#4227250000
1,
#4227500000
0,
#4227750000
1,
#4228000000
0,
#4228250000
1,
#4228500000
0,
#4228750000
1,
#4229000000
0,
#4229250000
1,
#4229500000
0,
#4229750000
1,
#4230000000
0,
#4230250000
1,
#4230500000
0,
#4230750000
1,
#4231000000
0,
#4231250000
1,
#4231500000
0,
#4231750000
1,
#4232000000
0,
#4232250000
1,
#4232500000
0,
#4232750000
1,
#4233000000
0,
#4233250000
1,
#4233500000
0,
#4233750000
1,
#4234000000
0,
#4234250000
1,
#4234500000
0,
#4234750000
1,
#4235000000
0,
#4235250000
1,
#4235500000
0,
#4235750000
1,
#4236000000
0,
#4236250000
1,
#4236500000
0,
#4236750000
1,
#4237000000
0,
#4237250000
1,
#4237500000
0,
#4237750000
1,
#4238000000
0,
#4238250000
1,
#4238500000
0,
#4238750000
1,
#4239000000
0,
#4239250000
1,
#4239500000
0)
0,
#4239750000
1,
#4240000000
0,
#4240250000
1,
#4240500000
0,
#4240750000
1,
#4241000000
0,
#4241250000
1,
#4241500000
0,
#4241750000
1,
#4242000000
0,
#4242250000
1,
#4242500000
0,
#4242750000
1,
#4243000000
0,
#4243250000
1,
#4243500000
0,
#4243750000
1,
#4244000000
0,
#4244250000
1,
#4244500000
0,
#4244750000
1,
#4245000000
0,
#4245250000
1,
#4245500000
0,
#4245750000
1,
#4246000000
0,
#4246250000
1,
#4246500000
0,
#4246750000
1,
#4247000000
0,
#4247250000
1,
#4247500000
0,
#4247750000
1,
#4248000000
0,
#4248250000
1,
#4248500000
0,
#4248750000
1,
#4249000000
0,
#4249250000
1,
#4249500000
0,
#4249750000
1,
#4250000000
0,
#4250250000
1,
#4250500000
0,
#4250750000
1,
#4251000000
0,
#4251250000
1,
#4251500000
0,
#4251750000
1,
#4252000000
0,
#4252250000
1,
#4252500000
0,
#4252750000
1,
#4253000000
0,
#4253250000
1,
#4253500000
0,
#4253750000
1,
#4254000000
0,
#4254250000
1,
#4254500000
0,
#4254750000
1)
1,
#4255000000
0,
#4255250000
1,
#4255500000
0,
#4255750000
1,
#4256000000
0,
#4256250000
1,
#4256500000
0,
#4256750000
1,
#4257000000
0,
#4257250000
1,
#4257500000
0,
#4257750000
1,
#4258000000
0,
#4258250000
1,
#4258500000
0,
#4258750000
1,
#4259000000
0,
#4259250000
1,
#4259500000
0,
#4259750000
1,
#4260000000
0,
#4260250000
1,
#4260500000
0,
#4260750000
1,
#4261000000
0,
#4261250000
1,
#4261500000
0,
#4261750000
1,
#4262000000
0,
#4262250000
1,
#4262500000
0,
#4262750000
1,
#4263000000
0,
#4263250000
1,
#4263500000
0,
#4263750000
1,
#4264000000
0,
#4264250000
1,
#4264500000
0,
#4264750000
1,
#4265000000
0,
#4265250000
1,
#4265500000
0,
#4265750000
1,
#4266000000
0,
#4266250000
1,
#4266500000
0,
#4266750000
1,
#4267000000
0,
#4267250000
1,
#4267500000
0,
#4267750000
1,
#4268000000
0,
#4268250000
1,
#4268500000
0,
#4268750000
1,
#4269000000
0,
#4269250000
1,
#4269500000
0,
#4269750000
1,
#4270000000
0)
0,
#4270250000
1,
#4270500000
0,
#4270750000
1,
#4271000000
0,
#4271250000
1,
#4271500000
0,
#4271750000
1,
#4272000000
0,
#4272250000
1,
#4272500000
0,
#4272750000
1,
#4273000000
0,
#4273250000
1,
#4273500000
0,
#4273750000
1,
#4274000000
0,
#4274250000
1,
#4274500000
0,
#4274750000
1,
#4275000000
0,
#4275250000
1,
#4275500000
0,
#4275750000
1,
#4276000000
0,
#4276250000
1,
#4276500000
0,
#4276750000
1,
#4277000000
0,
#4277250000
1,
#4277500000
0,
#4277750000
1,
#4278000000
0,
#4278250000
1,
#4278500000
0,
#4278750000
1,
#4279000000
0,
#4279250000
1,
#4279500000
0,
#4279750000
1,
#4280000000
0,
#4280250000
1,
#4280500000
0,
#4280750000
1,
#4281000000
0,
#4281250000
1,
#4281500000
0,
#4281750000
1,
#4282000000
0,
#4282250000
1,
#4282500000
0,
#4282750000
1,
#4283000000
0,
#4283250000
1,
#4283500000
0,
#4283750000
1,
#4284000000
0,
#4284250000
1,
#4284500000
0,
#4284750000
1,
#4285000000
0,
#4285250000
1)
1,
#4285500000
0,
#4285750000
1,
#4286000000
0,
#4286250000
1,
#4286500000
0,
#4286750000
1,
#4287000000
0,
#4287250000
1,
#4287500000
0,
#4287750000
1,
#4288000000
0,
#4288250000
1,
#4288500000
0,
#4288750000
1,
#4289000000
0,
#4289250000
1,
#4289500000
0,
#4289750000
1,
#4290000000
0,
#4290250000
1,
#4290500000
0,
#4290750000
1,
#4291000000
0,
#4291250000
1,
#4291500000
0,
#4291750000
1,
#4292000000
0,
#4292250000
1,
#4292500000
0,
#4292750000
1,
#4293000000
0,
#4293250000
1,
#4293500000
0,
#4293750000
1,
#4294000000
0,
#4294250000
1,
#4294500000
0,
#4294750000
1,
#4295000000
0,
#4295250000
1,
#4295500000
0,
#4295750000
1,
#4296000000
0,
#4296250000
1,
#4296500000
0,
#4296750000
1,
#4297000000
0,
#4297250000
1,
#4297500000
0,
#4297750000
1,
#4298000000
0,
#4298250000
1,
#4298500000
0,
#4298750000
1,
#4299000000
0,
#4299250000
1,
#4299500000
0,
#4299750000
1,
#4300000000
0,
#4300250000
1,
#4300500000
0)
0,
#4300750000
1,
#4301000000
0,
#4301250000
1,
#4301500000
0,
#4301750000
1,
#4302000000
0,
#4302250000
1,
#4302500000
0,
#4302750000
1,
#4303000000
0,
#4303250000
1,
#4303500000
0,
#4303750000
1,
#4304000000
0,
#4304250000
1,
#4304500000
0,
#4304750000
1,
#4305000000
0,
#4305250000
1,
#4305500000
0,
#4305750000
1,
#4306000000
0,
#4306250000
1,
#4306500000
0,
#4306750000
1,
#4307000000
0,
#4307250000
1,
#4307500000
0,
#4307750000
1,
#4308000000
0,
#4308250000
1,
#4308500000
0,
#4308750000
1,
#4309000000
0,
#4309250000
1,
#4309500000
0,
#4309750000
1,
#4310000000
0,
#4310250000
1,
#4310500000
0,
#4310750000
1,
#4311000000
0,
#4311250000
1,
#4311500000
0,
#4311750000
1,
#4312000000
0,
#4312250000
1,
#4312500000
0,
#4312750000
1,
#4313000000
0,
#4313250000
1,
#4313500000
0,
#4313750000
1,
#4314000000
0,
#4314250000
1,
#4314500000
0,
#4314750000
1,
#4315000000
0,
#4315250000
1,
#4315500000
0,
#4315750000
1)
1,
#4316000000
0,
#4316250000
1,
#4316500000
0,
#4316750000
1,
#4317000000
0,
#4317250000
1,
#4317500000
0,
#4317750000
1,
#4318000000
0,
#4318250000
1,
#4318500000
0,
#4318750000
1,
#4319000000
0,
#4319250000
1,
#4319500000
0,
#4319750000
1,
#4320000000
0,
#4320250000
1,
#4320500000
0,
#4320750000
1,
#4321000000
0,
#4321250000
1,
#4321500000
0,
#4321750000
1,
#4322000000
0,
#4322250000
1,
#4322500000
0,
#4322750000
1,
#4323000000
0,
#4323250000
1,
#4323500000
0,
#4323750000
1,
#4324000000
0,
#4324250000
1,
#4324500000
0,
#4324750000
1,
#4325000000
0,
#4325250000
1,
#4325500000
0,
#4325750000
1,
#4326000000
0,
